Localidad,CPAs
9-de-julio,['X5272XAB']
abburra,['X5220XAT']
achiras,[]
acollarado,['X5216XAE']
acostilla,['X5871XAD']
adelia-maria,[]
agua-de-crespin,['X5285XAD']
agua-de-las-piedras,['X5221XAT']
agua-de-oro,[]
agua-de-tala,['X5155XAL']
agua-del-tala,[]
agua-hedionda,['X5216XAE']
agua-pintada,['X5212XAO']
aguada-del-monte,['X5209XAY']
aguadita,['X5209XAY']
aguas-de-ramon,['X5284XBB']
aguasacha,['X5221XAT']
alcira-estacion-gigena,['Buscar CPA']
alejandro-roca,[]
alejo-ledesma,['Buscar CPA']
algarrobal,['X5885XAB']
algarrobo,['X5221XAT']
alicia,['Buscar CPA']
almafuerte,['Buscar CPA']
alpa-corral,['X5801XAJ']
alpapuca,['Buscar CPA']
alta-gracia,['Buscar CPA']
altautina,['X5871XAD']
alto-alegre,[]
alto-castro,['X5182XAD']
alto-de-castillo,['X5145XAK']
alto-de-fierro,['X5119XAG']
alto-de-flores,['X5203XAB']
alto-de-las-mulas,['X5875XAC']
alto-de-los-quebrachos,['X5281XAY']
alto-de-san-pedro,['X5174XAB']
alto-del-durazno,['X5119XAG']
alto-del-tala,['X5295XAA']
alto-grande,['X5893XAC']
alto-resbaloso,['X5885XAB']
alto-verde,['X5205XAA']
altos-de-chipion,['Buscar CPA']
amboy,['X5199XAK']
ambul,['X5299XAN']
ana-zumaran,[]
angostura,['X5155XAL']
animi,['X5248XAB']
anisacate,['Buscar CPA']
antonio-catalano,['X6271XAC']
arbol-blanco,['X5216XAE']
arbol-chato,['X2432XAE']
arboles-blancos,['X5873XAC']
arcoyo,['X5297XAO']
arias,[]
aromito,['X2341XAA']
arroyito,['Buscar CPA']
arroyo,['X5297XAO']
arroyo-algodon,['Buscar CPA']
arroyo-cabral,['Buscar CPA']
arroyo-de-alvarez,['Buscar CPA']
arroyo-del-pino,['X5901XAD']
arroyo-la-higuera,['X5889XAG']
arroyo-los-patos,['X5889XAG']
arroyo-san-antonio,['X5859XAG']
arroyo-santa-catalina,['X5825XAA']
arroyo-santana,['X5819XAG']
arroyo-seco,['X5196XAE']
arroyo-toledo,['X5819XAG']
arsenal-jose-maria-rojas,['X5825XAA']
ascochinga,['X5117XAA']
assunta,['X2671XAC']
atahona,['X5225XAB']
athos-pampa,['X5194XAD']
atumi-pampa,['X5196XAE']
augusto-vandersande,['X5145XAK']
ausonia,['X5901XAD']
avellaneda,['X5212XAO']
bajada-nueva,['Buscar CPA']
bajo-chico,['Buscar CPA']
bajo-chico-bajo-grande,['X5101XAB']
bajo-de-fernandez,['X5101XAB']
bajo-de-gomez,['X5961XAB']
bajo-de-olmos,['X5221XAT']
bajo-del-burro,['Buscar CPA']
bajo-del-carmen,['Buscar CPA']
bajo-el-molino,['X5887XAA']
bajo-galindez,['X5961XAB']
bajo-grande,['X5101XAB']
bajo-hondo,['X5231XAA']
bajo-lindo,['X5270XAI']
balbuena,['X5248XAB']
balde-de-la-mora,['X5871XAD']
balde-de-la-orilla,['X5871XAD']
balde-lindo,['X5871XAD']
ballesteros,[]
ballesteros-sud,['Buscar CPA']
balnearia,['Buscar CPA']
balneario-guglieri,['X5137XAV']
banda-de-varela,['X5875XAC']
barranca-yaco,['X5212XAO']
barreto,[]
barrial,['X5281XAY']
barrialitos,['X5284XBB']
barrio-belgrano,['X2550XAB']
barrio-dean-funes,['X5123XAL']
barrio-del-libertador,['X5850XAA']
barrio-la-feria,['X5870XAB']
barrio-la-fortuna,['X2594XAC']
barrio-loza,['Buscar CPA']
barrio-muller,['X5143XAC']
batan,['X5155XAL']
belen,['X5220XAT']
bell-ville,['X2550XAB']
bella-vista,['X5284XBB']
bengolea,['Buscar CPA']
benjamin-gould,['Buscar CPA']
berrotaran,['Buscar CPA']
beuce,['X5244XAN']
bialet-masse,['Buscar CPA']
blas-de-rosales,['X5125XAA']
boca-del-rio,['X5885XAB']
bordo-de-los-espinosa,['X5209XAY']
bosque-alegre,['X5186XAA']
bouwer,['X5119XAG']
brinkmann,['Buscar CPA']
buen-retiro,['X5155XAL']
buena-vista,[]
buey-muerto,['X5131XAW']
bulnes,[]
burmeister,['X6225XAA']
cabalango,['X5155XAL']
cabana,['Buscar CPA']
cabeza-de-buey,['Buscar CPA']
cabindo,['X5221XAT']
cachi-yaco,['X5209XAY']
cachiyullo,['X5284XBB']
cajon-del-rio,['Buscar CPA']
calabalumba,['X5282XAL']
calasuya,['X5201XAU']
calchin,['Buscar CPA']
calchin-oeste,['Buscar CPA']
calera-central,['X5151XAH']
calmayo,['X5191XAC']
camarones,['X5205XAA']
camilo-aldao,[]
caminiaga,['X5244XAN']
camino-a-punta-del-agua,['X5101XAB']
camoati,['X5231XAA']
campamento-minnetti,['X5149XAB']
campo-alegre,[]
campo-alvarez,['Buscar CPA']
campo-ambroggio,['X5915XAA']
campo-bandillo,['X5943XAA']
campo-beiro,['X2421XAG']
campo-boero,['X2426XAB']
campo-bourdichon,['X5149XAB']
campo-calvo,['X2423XAE']
campo-coyunda,['X5139XAG']
campo-de-la-torre,['X5801XAJ']
campo-de-las-piedras,['X5236XAA']
campo-general-paz,['X2555XAB']
campo-grande,['X5231XAA']
campo-la-luisa,[]
campo-la-piedra,['X5221XAT']
campo-ramallo,[]
campo-rossiano,['X5987XAD']
campo-san-antonio,[]
campo-san-juan,[]
campo-sol-de-mayo,[]
canals,[]
candelaria,['X5287XAD']
candelaria-sud,[]
candonga,[]
cantera-los-vieras,[]
canteras-alta-gracia,['Buscar CPA']
canteras-el-manzano,[]
canteras-el-sauce,[]
canteras-iguazu,[]
canteras-kilometro-428,[]
canteras-la-calera,['X5151XAH']
canteras-los-morales,[]
canteras-quilpo,[]
cap-gral-bernardo-o-higgins,[]
capilla-de-cosme,['X5101XAB']
capilla-de-dolores,[]
capilla-de-los-remedios,['X5101XAB']
capilla-de-romero,['X5873XAC']
capilla-de-san-antonio,[]
capilla-de-siton,[]
capilla-de-tegua,['Buscar CPA']
capilla-del-carmen,[]
capilla-del-monte,['Buscar CPA']
capilla-la-esperanza,['X5129XAJ']
capilla-san-antonio,[]
capilla-san-antonio-de-yucat,[]
capilla-santa-rosa,['X2415XAB']
carahuasi,['X5196XAE']
carlomagno,['X5925XAC']
carnerillo,['Buscar CPA']
carnero-yaco,[]
caroya,[]
carrilobo,[]
carrizal,[]
cartaberol,[]
casa-bamba,['X5151XAH']
casa-blanca,[]
casa-de-piedra,[]
casa-grande,[]
casa-nueva,['X5155XAL']
casa-serrana-huerta-grande,[]
casas-vejas,['X2671XAD']
casas-viejas,[]
cascadas,['X5178XAA']
caspichuma,['X5209XAY']
caspicuchana,[]
cassaffousth-estacion-fcgb,[]
castellanos,['X5131XAW']
cavanagh,[]
cayuqueo,['X5901XAD']
cerro-blanco,['X5191XAC']
cerro-bola,[]
cerro-colorado,[]
cerro-de-la-cruz,[]
cerro-negro,[]
cerro-san-lorenzo,[]
cerros-asperos,[]
chacha-del-rey,['X5282XAL']
chacras,['X5284XBB']
chacras-del-potrero,['X5284XBB']
chacras-del-sauce,['X5244XAN']
chacras-viejas,['X5242XAA']
chajan,['Buscar CPA']
chalacea,['Buscar CPA']
chamico,['X5299XAN']
chancani,['X5871XAD']
chaquinchuna,['X5870XAB']
characato,['X5287XAD']
charbonier,['X5282XAL']
charcas-norte,['X5127XAD']
charras,['Buscar CPA']
chazon,['Buscar CPA']
chile-corral-al-aguada,['X2671XAD']
chilibroste,['Buscar CPA']
chilli-corral,['X2671XAD']
chipitin,['X5244XAN']
chua,['X5871XAD']
chuchiras,['X5875XAC']
chucul,['Buscar CPA']
cienaga-de-allende,['Buscar CPA']
cienaga-de-britos,['X5297XAO']
cienaga-del-coro,['X5289XAA']
cintra,['X2559XAB']
cnia-hogar-velez-sarsfield,['X5119XAG']
cnia-vacaciones-de-empleado,['X5857XAD']
colazo,['Buscar CPA']
colonia-10-de-julio,['X2349XAD']
colonia-25-los-surgentes,['X2581XAA']
colonia-alemana,['X5196XAE']
colonia-almada,['X5987XAD']
colonia-angelita,['X5941XAA']
colonia-anita,['X2413XAD']
colonia-arroyo-de-alvarez,['X2436XAC']
colonia-ballesteros,['Buscar CPA']
colonia-banco-pcia-bs-as,['X5155XAL']
colonia-barge,['X2659XAA']
colonia-beiro,['X2421XAG']
colonia-bismarck,[]
colonia-boero,['X6270XAC']
colonia-botturi,['Buscar CPA']
colonia-bremen,[]
colonia-calchaqui,['X2580XAA']
colonia-caroya,['X5223XAA']
colonia-ceferina,['X2415XAB']
colonia-cortadera,['X2436XAC']
colonia-cosme-sud,[]
colonia-coyunda,['X2435XAB']
colonia-cristina,['X2424XAB']
colonia-dean-funes,['X5847XAB']
colonia-del-banco-nacion,['X2428XAA']
colonia-dolores,['X5809XAA']
colonia-dorotea,['X6270XAC']
colonia-dos-hermanos,['X2421XAG']
colonia-el-carmen-paraje,['X5801XAJ']
colonia-el-chaja,['X2594XAC']
colonia-el-fortin,['Buscar CPA']
colonia-el-milagro,['X2424XAB']
colonia-el-trabajo,['X2424XAB']
colonia-eugenia,['X2413XAD']
colonia-garzon,['X5987XAD']
colonia-general-deheza,['X5945XAA']
colonia-gorchs,['X2415XAB']
colonia-hamburgo,['X5933XAA']
colonia-holandesa,['Buscar CPA']
colonia-italiana,['Buscar CPA']
colonia-iturraspe,['X2413XAD']
colonia-la-argentina,[]
colonia-la-calle,['X5196XAE']
colonia-la-carmensita,['X6141XAA']
colonia-la-celestina,['X5847XAB']
colonia-la-leoncita,['X2559XAB']
colonia-la-lola,['Buscar CPA']
colonia-la-magdalena-de-oro,['X6132XAB']
colonia-la-morocha,['X2423XAE']
colonia-la-muriucha,['X2580XAA']
colonia-la-palestina,['Buscar CPA']
colonia-la-piedra,['X5801XAJ']
colonia-la-primavera,['X5933XAA']
colonia-la-providencia,['X6120XAD']
colonia-la-tordilla,['X2435XAB']
colonia-la-trinchera,['Buscar CPA']
colonia-las-cuatro-esquinas,['X5131XAW']
colonia-las-pichanas,['X2433XAF']
colonia-lavarello,['X2415XAB']
colonia-ledesma,['Buscar CPA']
colonia-los-vascos,['X2189XAA']
colonia-luque,['X5850XAA']
colonia-maipu,['X2684XAA']
colonia-marina,['X2424XAB']
colonia-maschi,['X2559XAB']
colonia-maunier,['X2349XAD']
colonia-milessi,['X2349XAD']
colonia-montes-negros,['X5875XAC']
colonia-nuevo-piamonte,['X2415XAB']
colonia-orcovi,['X5841XAC']
colonia-palo-labrado,['X2415XAB']
colonia-paso-carril,['X5801XAJ']
colonia-prodamonte,['X2413XAD']
colonia-progreso,['Buscar CPA']
colonia-prosperidad,['X2423XAE']
colonia-sagrada-familia,[]
colonia-san-bartolome,['X2426XAB']
colonia-san-ignacio,['Buscar CPA']
colonia-san-isidro,[]
colonia-san-pedro,['X2421XAG']
colonia-san-rafael,['X2433XAF']
colonia-santa-ana,['X6123XAE']
colonia-santa-catalina,['X5851XAD']
colonia-santa-margarita,['X5933XAA']
colonia-santa-maria,['X2423XAE']
colonia-santa-paula,['Buscar CPA']
colonia-santa-rita,[]
colonia-silvio-pellico,['X5121XAB']
colonia-tacurales,['X2421XAG']
colonia-tirolesa,['X5101XAB']
colonia-toro-pujio,['X5139XAG']
colonia-udine,['Buscar CPA']
colonia-valle-grande,['X6121XAA']
colonia-valtelina,['X2413XAD']
colonia-veinticinco,['X2592XAA']
colonia-vicente-aguero,['X5221XAT']
colonia-videla,[]
colonia-vignaud,['Buscar CPA']
colonia-yareta,['X5137XAV']
colonia-yucat-sud,['Buscar CPA']
colonias,['X2436XAC']
columbo,['X5220XAT']
come-tierra,['X5875XAC']
comechingones,[]
concepcion,['X5871XAD']
condor-huasi,['X5871XAD']
conlara,['X5873XAC']
constitucion,['X5125XAA']
copacabana,['X5201XAU']
copina,['X5153XAG']
cordoba,[]
corimayo,['Buscar CPA']
corito,['Buscar CPA']
coronel-baigorria,['Buscar CPA']
coronel-moldes,['X5847XAB']
corral-de-barranca,['X5221XAT']
corral-de-bustos,['Buscar CPA']
corral-de-caballos,['X5870XAB']
corral-de-gomez,[]
corral-de-guardia,['X5940XAA']
corral-de-mulas,['X5945XAA']
corral-del-bajo,['X5913XAF']
corral-del-rey,['X5295XAF']
corral-viejo,['X2671XAD']
corralito,[]
corralito-san-javier,['X5879XAA']
cortaderas,['X2661XAA']
cosquin,['Buscar CPA']
costa-alegre,['Buscar CPA']
costa-del-rio-quinto,['X6271XAC']
costa-del-tambo,['X5801XAJ']
costa-sacate,['X5961XAB']
cotagaita,['Buscar CPA']
cristina,['X2424XAB']
cruz-alta,['X2189XAA']
cruz-chica,['X5178XAA']
cruz-del-eje,['Buscar CPA']
cruz-del-quemado,['X5221XAT']
cruz-mojada,['X5212XAO']
cuatro-caminos,['X2550XAC']
cuatro-vientos,['X5801XAJ']
cuchilla-nevada,['X5155XAL']
cuchillo-yaco,['X5295XAA']
cuesta-blanca,[]
curapaligue,['X6120XAE']
dalmacio-velez-sarsfield,[]
de-la-serna,['X6271XAC']
dean-funes,['Buscar CPA']
del-campillo,['X6271XAC']
demarchi,['X2684XAA']
desaguadero,['X5284XBB']
desvio-chalacea,['Buscar CPA']
desvio-el-volcan,['X5299XAN']
desvio-kilometro-57,['Buscar CPA']
devoto,['X2424XAB']
diego-de-rojas,['X5131XAW']
diez-rios,['X5875XAC']
dique-chico,['Buscar CPA']
dique-las-vaquerias,['X5168XAB']
dique-los-molinos,[]
dique-san-roque,['X5149XAB']
dolores-san-esteban,['X5182XAD']
domingo-funes,['X5164XAA']
dos-arroyos,['Buscar CPA']
dos-lagunas,['Buscar CPA']
dos-rios,[]
dos-rosas,['X2349XAD']
duarte-quiros,['X5119XAG']
dumesnil,['X5149XAB']
durazno,['X5244XAN']
el-aguila-blanca,['Buscar CPA']
el-alcalde,['Buscar CPA']
el-algadobal,['X5885XAB']
el-algarrobal,['X5295XAF']
el-algarrobo,['X5221XAT']
el-algodonal,['X5248XAB']
el-alto,[]
el-arbol,[]
el-bagual,['X5137XAV']
el-bajo,['X5889XAG']
el-baldecito,[]
el-barreal,[]
el-barrial,['X5285XAD']
el-bordo,['X5871XAD']
el-bosque,['Buscar CPA']
el-brete,['X5281XAY']
el-callejon,['X5172XAB']
el-cano,['X5821XAF']
el-caracol,['X5284XBB']
el-carmen,[]
el-carrilito,['Buscar CPA']
el-carrizal,[]
el-cerrito,[]
el-cerro,[]
el-chacho,[]
el-chanchito,[]
el-chingolo,[]
el-chiquillan,[]
el-coro,[]
el-corte,[]
el-creston-de-piedra,['X5236XAA']
el-crispin,[]
el-cuadrado,[]
el-descanso,[]
el-desmonte,['X5205XAA']
el-diquecito,[]
el-divisadero,[]
el-dorado,['Buscar CPA']
el-duraznito,[]
el-durazno,[]
el-espinal,['Buscar CPA']
el-espinillal,[]
el-espinillo,[]
el-estanque,[]
el-florentino,[]
el-florida,[]
el-fortin,['X5951XAB']
el-frances,['X5282XAL']
el-fuertecito,[]
el-gabino,['X5248XAB']
el-gallego,[]
el-gateado,[]
el-guaico,[]
el-guanaco,[]
el-guindo,[]
el-ialita,[]
el-jordan,['X5248XAB']
el-jume,[]
el-jumial,[]
el-laurel,['X5248XAB']
el-manantial,[]
el-mangrullo,[]
el-manzano,['X5248XAB']
el-medanito,[]
el-mirador,[]
el-mojoncito,['Buscar CPA']
el-molino,[]
el-moyano,[]
el-noy,[]
el-ochenta,[]
el-ojo-de-agua,[]
el-overo,[]
el-pampero,[]
el-panal,['X2580XAA']
el-pantanillo,[]
el-pantano,[]
el-paraiso,[]
el-paso,[]
el-paso-de-la-pampa,['X5871XAD']
el-pastor,['X5151XAH']
el-payador,['X5151XAH']
el-pedacito,['X5236XAA']
el-perchel,[]
el-pertigo,['X5201XAU']
el-peruel,['X5155XAL']
el-pilcado,['X5155XAL']
el-pingo,['X5178XAA']
el-portezuelo,['X5196XAE']
el-portillo,['Buscar CPA']
el-porvenir,['Buscar CPA']
el-potosi,['X5801XAJ']
el-potrero,[]
el-pozo,['X5233XAA']
el-prado,['X5248XAB']
el-progreso,['X5295XAF']
el-pueblito,[]
el-puente,['X5172XAB']
el-puesto,[]
el-puesto-los-cabrera,['Buscar CPA']
el-quebrachal,['X5101XAB']
el-quebrachito,['Buscar CPA']
el-quebracho,[]
el-quicho,['X5270XAI']
el-ranchito,['Buscar CPA']
el-rastreador,['X6121XAA']
el-reymundo,['X5220XAT']
el-rincon,[]
el-rio,['X5285XAD']
el-rodeito,['X5201XAU']
el-rodeo,[]
el-rosario,['X5205XAA']
el-salto,['X5282XAL']
el-salto-norte,['Buscar CPA']
el-sauce,[]
el-sauzal,['X5887XAA']
el-sebil,['X5244XAN']
el-silverio,['X5248XAB']
el-simbol,[]
el-simbolar,['X5281XAY']
el-sunchal,[]
el-tajamar,[]
el-tala,['X5201XAU']
el-talar,['X5248XAB']
el-talita,['X5212XAO']
el-talita-villa-gral-mitre,[]
el-tambero,['X5212XAO']
el-tambo,['X5801XAJ']
el-tio,['X2432XAE']
el-tomillo,['X5149XAB']
el-torreon,['X5864XAA']
el-tostado,['X5137XAV']
el-trabajo,['X2424XAB']
el-triangulo,['Buscar CPA']
el-tule,['X5295XAF']
el-tuscal,['X5216XAE']
el-vado,['X5182XAD']
el-vallecito,['X5172XAB']
el-vallesito,['Buscar CPA']
el-veinticinco,['Buscar CPA']
el-vence,['X5231XAA']
el-vergel,['X5155XAL']
el-vismal,['X5233XAA']
el-zaino,['X5149XAB']
el-zapallar,['X5233XAA']
el-zapato,['Buscar CPA']
elena,['Buscar CPA']
embalse,[]
encrucijada,['X5231XAA']
enfermera-kelly,['X2587XAA']
escobas,['X5282XAL']
escuela-de-artilleria,['X5101XAB']
esperanza,['Buscar CPA']
espinillo,[]
esquina,['Buscar CPA']
esquina-del-alambre,['X5281XAY']
est-candelaria-norte,[]
est-juarez-celman,['X5145XAK']
estacion-achiras,['D5757XAC']
estacion-bell-ville,['X2550XAB']
estacion-calchin,['Buscar CPA']
estacion-caroya,['X5220XAT']
estacion-colonia-tirolesa,['Buscar CPA']
estacion-general-paz,[]
estacion-punta-de-agua,['X5843XAA']
estacion-soto,['X5284XBB']
estancia-bottaro,['Buscar CPA']
estancia-de-guadalupe,['Buscar CPA']
estancia-dos-rios,['X5155XAL']
estancia-el-carmen,['Buscar CPA']
estancia-el-nacional,['X5244XAN']
estancia-el-taco,['Buscar CPA']
estancia-gorosito,['X5212XAO']
estancia-la-chiquita,['X2428XAA']
estancia-la-morocha,['X2428XAA']
estancia-la-punta-del-agua,['X5186XAA']
estancia-las-margaritas,['X2671XAC']
estancia-las-mercedes,['Buscar CPA']
estancia-las-rosas,['Buscar CPA']
estancia-los-matorrales,['X5987XAD']
estancia-vieja,['X5152XAD']
etruria,[]
eufrasio-loza,['X5248XAB']
fabrica-militar,[]
fabrica-militar-rio-tercero,['X5850XAA']
falda-de-los-reartes,['Buscar CPA']
falda-del-carmen,['X5186XAA']
ferreyra,['X5925XAC']
flora,['X2525XAA']
fragueyro,['X5847XAB']
fray-cayetano-rodriguez,['X6120XAE']
freyre,['X2413XAD']
galpon-chico,['X5967XAB']
gavilan,['X6132XAB']
general-baldissera,[]
general-cabrera,['X5809XAA']
general-deheza,[]
general-fotheringham,['X5933XAA']
general-las-heras,['X5101XAB']
general-levalle,['X6132XAB']
general-ortiz-de-ocampo,['X5151XAH']
general-pueyrredon,['X6140XAB']
general-roca,['X2592XAA']
general-soler,['X6142XAA']
general-viamonte,['X2671XAC']
glorialdo-fernandez,['Buscar CPA']
golpe-de-agua,['X5186XAA']
graciela,['X5209XAY']
gruta-de-san-antonio,['X5172XAB']
guallascate,['X5244XAN']
guanaco-boleado,['X5875XAC']
guanaco-muerto,['X5281XAY']
guardia-vieja,['X6120XAE']
guasapampa,['X5285XAD']
guasta,['X5155XAL']
guatimozin,['Buscar CPA']
guindas,['X5821XAF']
gutemberg,['X5295XAF']
haras-san-antonio,['X5236XAA']
haras-santa-martha,['X5123XAL']
hernando,[]
higuerias,['Buscar CPA']
higuerillas,['X5125XAA']
hipolito-bouchard,['X6225XAA']
holmberg,['X5825XAA']
hornillos,['X5885XAB']
hospital-flia-domingo-funes,[]
huanchilla,['X6121XAA']
huanchilla-sud,['X6121XAA']
huascha,['Buscar CPA']
huasta,['X5875XAC']
hucle,['X5887XAA']
huerta-grande,['X5174XAB']
huinca-renanco,['X6270XAC']
idiazabal,[]
iglesia-vieja,['X5270XAI']
impira,['X5987XAD']
independencia,['X5988XAB']
india-muerta,['Buscar CPA']
ingeniero-bertini,['Buscar CPA']
inriville,['X2587XAA']
invernada,['X5209XAY']
irigoyen,['X5168XAB']
ischilin,['X5201XAU']
isla-de-san-antonio,['Buscar CPA']
isla-del-cerro,['X5129XAJ']
isla-larga,['X5129XAJ']
isla-verde,[]
isleta-negra,['X2559XAB']
italo,['X6271XAC']
iti-huasi,['X5203XAB']
jaime-peter,['Buscar CPA']
james-craik,[]
jarillas,['X5209XAY']
jeanmaire,['X2424XAB']
jeronimo-cortes,['Buscar CPA']
jesus-maria,['X5220XAT']
jose-de-la-quintana,['Buscar CPA']
jovita,['X6127XAC']
juan-bautista-alberdi,['Buscar CPA']
juan-garcia,['X5212XAO']
juarez-celman,['X5145XAK']
julio-argentino-roca,['X6120XAD']
jume,['X5209XAY']
justiniano-posse,[]
kilegruman,['Buscar CPA']
kilometro-25,['X5248XAB']
kilometro-25-la-carbonada,['X5123XAL']
kilometro-267,['X5901XAD']
kilometro-271,['X5139XAG']
kilometro-294,['X5137XAV']
kilometro-316,['X5137XAV']
kilometro-364,['Buscar CPA']
kilometro-394,['X5238XAB']
kilometro-430,['Buscar CPA']
kilometro-450,['Buscar CPA']
kilometro-505,['Buscar CPA']
kilometro-531,['X2424XAB']
kilometro-541,['X5284XBB']
kilometro-545,['X6142XAA']
kilometro-55,['X6121XAA']
kilometro-57,[]
kilometro-579,['X5168XAB']
kilometro-581,['X2428XAA']
kilometro-592,['Buscar CPA']
kilometro-608,['X5149XAB']
kilometro-658,['X5125XAA']
kilometro-679,['X5123XAL']
kilometro-680-ruta-9,['X5123XAL']
kilometro-691,['X5125XAA']
kilometro-692,['X5123XAL']
kilometro-711,['X5125XAA']
kilometro-730,['X5145XAK']
kilometro-745,['X5220XAT']
kilometro-784,['X5212XAO']
kilometro-807,['X5212XAO']
kilometro-827,['X5212XAO']
kilometro-832,['Buscar CPA']
kilometro-859,['Buscar CPA']
kilometro-865,['Buscar CPA']
kilometro-881,['Buscar CPA']
kilometro-907,['X5216XAE']
kilometro-931,['X5216XAE']
la-abra,['X5281XAY']
la-aguada,[]
la-aguadita,[]
la-argentina,['X5293XAA']
la-aura,['Buscar CPA']
la-banda,['X5295XAF']
la-barranca,[]
la-barranquita,['X5875XAC']
la-batalla,['X5201XAU']
la-batea,['X5270XAI']
la-betania,['Buscar CPA']
la-bismutina,['Buscar CPA']
la-botija,['Buscar CPA']
la-brianza,['X5848XAB']
la-buena-parada,['X5129XAJ']
la-cajuela,['X2563XAC']
la-calera,[]
la-cantera,['X5168XAB']
la-carbonera,['Buscar CPA']
la-carlota,[]
la-carolina,['X5841XAC']
la-cascada,['Buscar CPA']
la-cautiva,['X6142XAA']
la-celina,['X5125XAA']
la-cesira,['Buscar CPA']
la-chacra,['X5212XAO']
la-chicharra,['X5295XAF']
la-choza,['X5196XAE']
la-cienaga,['Buscar CPA']
la-cocha,[]
la-colonia,['X5201XAU']
la-colorada,['D5757XAC']
la-compasion,['X5871XAD']
la-concepcion,[]
la-cortadera,[]
la-costa,[]
la-cotita,['X5220XAT']
la-cruz,[]
la-cumbre,[]
la-cumbrecita,['X5194XAD']
la-curva,['Buscar CPA']
la-dora,['Buscar CPA']
la-dormida,['Buscar CPA']
la-esperanza,[]
la-esquina,[]
la-estacada,['X5212XAO']
la-estancia,[]
la-estancita,['Buscar CPA']
la-estrella,['X5129XAJ']
la-falda,['X5172XAB']
la-florida,[]
la-francia,['X2426XAB']
la-fronda,['X5282XAL']
la-frontera,['X2433XAF']
la-fuente,['X5879XAA']
la-gilda,['X5848XAB']
la-gramilla,['X5282XAL']
la-granadilla,['X5186XAA']
la-granja,['X5115XAB']
la-gruta,['X5889XAG']
la-guardia,['Buscar CPA']
la-herradura,['X5900XAE']
la-higuera,['X5285XAD']
la-higuerita,[]
la-invernada,['X5801XAJ']
la-isabela,['Buscar CPA']
la-isla,['Buscar CPA']
la-isleta,['Buscar CPA']
la-isolina,['Buscar CPA']
la-italiana,['Buscar CPA']
la-jarilla,['X5871XAD']
la-laguna,[]
la-lagunilla,[]
la-lilia,['X5281XAY']
la-linea,[]
la-luz,['X6271XAC']
la-majada,[]
la-maza,['X5231XAA']
la-mercantil,['X5841XAC']
la-mesada,[]
la-mesilla,['X5285XAD']
la-milka,['X2400XAA']
la-mostaza,['X5137XAV']
la-mudana,['X5299XAN']
la-nacional,['Buscar CPA']
la-oscuridad,['G5255XBJ']
la-paisanita,['Buscar CPA']
la-palestina,['X5925XAC']
la-palma,['X5231XAA']
la-palmerina,['X5913XAF']
la-pampa,['X5117XAA']
la-paquita,['Buscar CPA']
la-para,['X5137XAV']
la-patria,['X5871XAD']
la-paz,[]
la-penca,[]
la-perlita,['X6271XAC']
la-piedra-blanca,['X2671XAD']
la-piedra-movediza,['Buscar CPA']
la-pintada,[]
la-playa,['X5285XAD']
la-playosa,[]
la-plaza,['X5244XAN']
la-poblacion,['X5875XAC']
la-pobladora,['X5945XAA']
la-porfia,['X5119XAG']
la-posta,['Buscar CPA']
la-primavera,['X5139XAG']
la-providencia,['X5231XAA']
la-puerta,[]
la-puerta-villa-de-soto,['X5284XBB']
la-quebrada,[]
la-quinta,[]
la-quintana,['X5295XAF']
la-ramada,[]
la-ramoncita,['Buscar CPA']
la-redencion,['X5105XAA']
la-reduccion,[]
la-reina,['X5925XAC']
la-represa,['X2436XAC']
la-rinconada,['X5233XAA']
la-rinconada-candelaria,['X5295XAF']
la-rosarina,['X5951XAB']
la-ruda,['Buscar CPA']
la-selva,['X5212XAO']
la-serranita,['Buscar CPA']
la-siena,['X5875XAC']
la-sierrita,[]
la-soledad,['X5295XAF']
la-tablada,['X5299XAN']
la-tigra,['Buscar CPA']
la-toma,[]
la-totorilla,['X5209XAY']
la-trampa,['X5871XAD']
la-travesia,['X5875XAC']
la-trinchera,['Buscar CPA']
la-tuna,['X5212XAO']
la-tuna-tinoco,['Buscar CPA']
la-udine,['X2413XAD']
la-usina,['X5168XAB']
la-ventana,['X5870XAB']
la-veronica,['X5801XAJ']
la-vicenta,['Buscar CPA']
la-victoria,['X5231XAA']
la-virginia,[]
la-zanja,['X5201XAU']
la-zara,['X5913XAF']
la-zarita,['X5913XAF']
laborde,[]
laboulaye,['X6120XAE']
ladera-yacus,[]
laguna-brava,['X5244XAN']
laguna-clara,['Buscar CPA']
laguna-de-gomez,[]
laguna-larga,[]
laguna-larga-sud,[]
laguna-oscura,['X6144XAA']
laguna-seca,['Buscar CPA']
lagunilla,[]
lagunillas,['Buscar CPA']
larsen,['Buscar CPA']
las-abahacas,[]
las-abras,[]
las-acacias,[]
las-acequias,[]
las-aguaditas,[]
las-albahacas,[]
las-aleras,['X5270XAI']
las-aromas,[]
las-arrias,['X5231XAA']
las-astillas,[]
las-averias,[]
las-bajadas,[]
las-bandurrias,[]
las-bandurrias-norte,[]
las-cabras,[]
las-calecitas,['X5801XAJ']
las-caleras,[]
las-calles,[]
las-canteras,[]
las-cardas,[]
las-casitas,[]
las-cebollas,['X5885XAB']
las-chacras,[]
las-chacras-ruta-111-km-14,[]
las-cinco-cuadras,['X5841XAC']
las-conanitas,['X5885XAB']
las-cortaderas,[]
las-crucecitas,['X5201XAU']
las-cuatro-esquinas,[]
las-cusenadas,[]
las-delicias,[]
las-encadenadas,[]
las-encrucijadas,[]
las-ensenadas,[]
las-flores,[]
las-gamas,[]
las-gemelas,['Buscar CPA']
las-gramillas,[]
las-guindas,['X5801XAJ']
las-heras,['X5101XAB']
las-higueras,['Buscar CPA']
las-higuerillas,['Buscar CPA']
las-higueritas,[]
las-hileras,['X5137XAV']
las-horquetas,['X5244XAN']
las-isletillas,['X5931XAB']
las-jarillas,[]
las-juntas,['X5203XAB']
las-junturas,['Buscar CPA']
las-lagunitas,[]
las-latas,['X5272XAB']
las-lomas,['X5284XBB']
las-lomitas,[]
las-manzanas,['X5212XAO']
las-masitas,['X5231XAA']
las-mercedes,['X5295XAF']
las-merceditas,['Buscar CPA']
las-mojarras,['Buscar CPA']
las-moras,['X5801XAJ']
las-oscuras,['X5871XAD']
las-overias,['X2559XAB']
las-palmas,[]
las-palmeras,['X2559XAB']
las-palmitas,[]
las-palomas,['X5870XAB']
las-palomitas,['X5201XAU']
las-pampillas,['X5182XAD']
las-pencas,['Buscar CPA']
las-perdices,[]
las-pichanas,['X5900XAE']
las-piedras-anchas,['X5212XAO']
las-piedritas,['X5281XAY']
las-piguas,['X5129XAJ']
las-playas,[]
las-playas-lozada,['X5101XAB']
las-quintas,['X5244XAN']
las-rabonas,['X5885XAB']
las-rosas,['X5295XAA']
las-saladas,[]
las-sierras,['X5212XAO']
las-sierritas,['X5199XAK']
las-tapias,[]
las-tinajeras,[]
las-toscas,[]
las-totoritas,['X5285XAD']
las-trancas,['X2671XAD']
las-tres-piedras,['X5879XAA']
las-tuscas,['Buscar CPA']
las-vaquerias,['Buscar CPA']
las-varas,['X5941XAA']
las-varillas,['X5940XAA']
las-vertientes,['X5843XAA']
las-vertientes-de-la-granja,['X5248XAB']
latan-hall,['Buscar CPA']
lecueder,['X6273XAB']
leguizamon,['X6128XAA']
leones,['X2594XAC']
lo-machado,['X2671XAD']
lobera,['X5201XAU']
loma-blanca,['X5209XAY']
loma-bola,['X5879XAA']
loma-de-piedra,['X5244XAN']
loma-redonda,['X5299XAN']
lomas-del-trozo,['X5137XAV']
lomitas,[]
los-alamos,['X5244XAN']
los-alfalfares,['Buscar CPA']
los-algarrobitos,[]
los-algarrobos,[]
los-alvarez,['Buscar CPA']
los-aviles,['X5137XAV']
los-barriales,['Buscar CPA']
los-bordos,['X5209XAY']
los-brinzes,['X5201XAU']
los-cadillos,['Buscar CPA']
los-cajones,['X2671XAD']
los-callejones,[]
los-cedros,['X5101XAB']
los-cejas,['X5201XAU']
los-cerrillos,[]
los-cerros,['X5137XAV']
los-cerros-negros,['X5821XAF']
los-cigarrales,['X5248XAB']
los-cisnes,['X2684XAA']
los-cocos,[]
los-cometierra,['X5221XAT']
los-condores,['Buscar CPA']
los-coquitos,['X5201XAU']
los-desagues,['X2421XAG']
los-dos-pozos,['X5871XAD']
los-dos-rios,['X5220XAT']
los-duraznos,['X5220XAT']
los-eslabones,['X5270XAI']
los-gauchos-de-guemes,['X6127XAC']
los-gigantes,['X5155XAL']
los-guevara,['X5282XAL']
los-guindos,['X5127XAD']
los-helechos,['X5168XAB']
los-hormigueros,['X5281XAY']
los-hornillos,['X5885XAB']
los-hoyos,['X5295XAF']
los-huesos,['X5153XAG']
los-jagueles,['X5843XAA']
los-justes,['X5295XAF']
los-manguitos,['X5873XAC']
los-mansillas,['X5127XAD']
los-medanitos,['X5871XAD']
los-medanos,['Buscar CPA']
los-miguelitos,['X5137XAV']
los-miquiles,['X5221XAT']
los-mistoles,[]
los-mogotes,['X5182XAD']
los-molinos,['Buscar CPA']
los-molles,[]
los-morteros,['Buscar CPA']
los-olivares,['X5101XAB']
los-pantalles,['X5284XBB']
los-pantanillos,['X5125XAA']
los-paraisos,['X5186XAA']
los-paredones,['X5282XAL']
los-pedernales,['X5212XAO']
los-piquillines,['X5201XAU']
los-pocitos,[]
los-potreros,['X5850XAA']
los-pozos,[]
los-puentes,['Buscar CPA']
los-puestitos,['Buscar CPA']
los-quebrachitos,['X5221XAT']
los-quebrachos,['X2671XAD']
los-reartes,['X5194XAD']
los-reyunos,['X5925XAC']
los-ruices,['X5201XAU']
los-sauces,['X5282XAL']
los-socabones,['Buscar CPA']
los-surgentes,['X2581XAA']
los-tajamares,['X5233XAA']
los-talares,['X5299XAN']
los-tartagos,['Buscar CPA']
los-tasis,['X2559XAB']
los-terrones,['Buscar CPA']
los-tres-pozos,['X5851XAD']
los-troncos,['X2671XAD']
los-ucles,['X2559XAB']
los-valdes,['X5270XAI']
los-vazquez,['X5125XAA']
los-zorros,['X5901XAD']
lozada,['X5101XAB']
luca,['Buscar CPA']
lucio-v-mansilla,[]
luis-sauze,['X2423XAE']
luque,['X5967XAB']
lutti,['X5859XAG']
luxardo,['X5936XAB']
luyaba,['X5875XAC']
macha,['X5212XAY']
majada-de-santiago,['X5287XAD']
majadilla,[]
malena,['X5843XAA']
mallin,['X5155XAL']
malvinas-argentinas,['X5125XAA']
manantiales,[]
mandala,['X5284XBB']
manfredi,['X5988XAB']
manguitas,[]
maquinista-gallini,['Buscar CPA']
mar-azul,['X5199XAK']
marcos-juarez,['X2580XAA']
maria,['X5925XAC']
marull,['X5139XAG']
matacos,['X2659XAA']
matorrales,['Buscar CPA']
mattaldi,['X6271XAC']
maunier,['X2421XAG']
mayu-sumaj,['X5153XAG']
media-luna,['X5125XAA']
media-naranja,['X5281XAY']
melideo,['X6270XAC']
melo,['X6123XAE']
mendiolaza,['X5248XAB']
mesa-de-mariano,['X5285XAD']
mesillas,['X5153XAG']
mi-granja,['X5125XAA']
mi-valle,['X5101XAB']
miguel-salas,[]
miguelito,['X5225XAB']
mina-araujo,['X5297XAO']
mina-clavero,['X5889XAG']
mina-la-bismutina,['Buscar CPA']
miquilos,['X5221XAT']
miraflores,[]
miramar,['X5143XAC']
modestino-pizarro,['X6273XAB']
mogigasta,['Buscar CPA']
mogote-verde,['Buscar CPA']
molinari,['Buscar CPA']
molinos,['X5212XAO']
monsalvo,['X5851XAD']
monte-buey,[]
monte-castillo,['X2563XAC']
monte-cristo,['X5125XAA']
monte-de-los-gauchos,['D5757XAC']
monte-de-los-lazos,['X5900XAE']
monte-de-toro-pujio,['X5131XAW']
monte-del-frayle,['X5931XAB']
monte-del-rosario,['X5129XAJ']
monte-grande,['Buscar CPA']
monte-grande-rafael-garcia,['X5119XAG']
monte-la-invernada,['X5801XAJ']
monte-maiz,['X2659XAA']
monte-ralo,['X5119XAG']
monte-redondo,[]
morrison,['X2568XAA']
morteros,['X2421XAG']
movado,[]
mula-muerta,['X5221XAT']
mussi,['X5299XAN']
navarro,['X5209XAY']
nazca,['X6270XAC']
negro-huasi,['Buscar CPA']
nicho,['X5870XAB']
nicolas-bruzone,['X6271XAC']
nido-del-aguila,['X5889XAG']
ninalquin,['Buscar CPA']
nintes,['X5220XAT']
noetinger,['X2563XAC']
nono,['X5887XAA']
nueva-andalucia,['X5101XAB']
nueva-esperanza,['Buscar CPA']
obispo-trejo,['X5225XAB']
obregon,['Buscar CPA']
ojo-de-agua,[]
ojo-de-agua-de-totox,['X5293XAA']
olaeta,['Buscar CPA']
oliva,[]
olivares-san-nicolas,['Buscar CPA']
olmos,['X2684XAA']
onagoity,[]
oncativo,[]
ongamira,['Buscar CPA']
oratorio-de-peralta,['X5125XAA']
orcosuni,['Buscar CPA']
oro-grueso,[]
overa-negra,['X5951XAB']
pachango,['X5893XAC']
pacheco-de-melo,['X6121XAA']
pajas-blancas,['Buscar CPA']
pajonal,['Buscar CPA']
palo-cortado,['Buscar CPA']
palo-labrado,['X5281XAY']
palo-negro,['X5961XAB']
palo-parado,['X5281XAY']
palo-quemado,['X5284XBB']
paloma-pozo,['X5284XBB']
pampa-de-achala,['X5153XAG']
pampa-de-olaen,['Buscar CPA']
pampayasta-norte,['X5931XAB']
pampayasta-sur,['X5931XAB']
panaholma,['X5893XAC']
parque-siquiman,['Buscar CPA']
pascanas,[]
pasco,['X5925XAC']
paso-cabral,['Buscar CPA']
paso-castellanos,['X5145XAK']
paso-de-los-gallegos,['X2433XAF']
paso-de-montoya,['X5284XBB']
paso-de-velez,['X5101XBE']
paso-del-durazno,['Buscar CPA']
paso-del-sauce,['X5101XAB']
paso-del-silverio,['X2671XAD']
paso-grande,['Buscar CPA']
paso-las-tropas,['X5887XAA']
paso-sandialito,['X5819XAG']
paso-viejo,['X5284XBB']
pastos-altos,['Buscar CPA']
paunero,['D5738XAV']
pavin,['X6121XAA']
pedania-candelaria-sud,['X5233XAA']
pedro-e-funes,['X2671XAC']
pedro-e-vivas,['X5127XAD']
permanentes,[]
pichanas,['X5284XBB']
piedra-blanca,[]
piedra-grande,['X5168XAB']
piedra-movediza,['X5174XAB']
piedra-pintada,[]
piedras-amontonadas,['X5284XBB']
piedras-anchas,[]
piedras-blancas,['X5174XAB']
piedras-grandes,['X5172XAB']
piedrita-blanca,['X5271XAA']
piedritas-rosadas,['X5295XAA']
pilar,['X5101XBE']
pinas,['Buscar CPA']
pincen,['X6271XAC']
piquillin,['X5125XAA']
pisco-huasi,['X5244XAN']
pitoa,['X5295XAA']
playa-grande,['X5139XAG']
plaza-bruno,['X2436XAC']
plaza-de-mercedes,['X5137XAV']
plaza-minetti,['X5967XAB']
plaza-rodriguez,['X5987XAD']
plaza-san-francisco,['Buscar CPA']
plujunta,['Buscar CPA']
pocho,['X5299XAN']
pocito-del-campo,['X5248XAB']
potrero-de-funes,['Buscar CPA']
potrero-de-garay,['Buscar CPA']
potrero-de-lujan,['X5191XAC']
potrero-de-marques,['X5297XAO']
potrero-de-tutzer,['Buscar CPA']
pozo-conca,['X5221XAT']
pozo-correa,['X5221XAT']
pozo-de-juancho,[]
pozo-de-la-esquina,['Buscar CPA']
pozo-de-la-loma,['X5125XAA']
pozo-de-la-pampa,['X5871XAD']
pozo-de-las-ollas,[]
pozo-de-las-yeguas,[]
pozo-de-los-arboles,[]
pozo-de-los-troncos,['X5137XAV']
pozo-de-molina,[]
pozo-del-avestruz,[]
pozo-del-barrial,[]
pozo-del-chaja,['X2433XAF']
pozo-del-molle,[]
pozo-del-moro,['X5225XAB']
pozo-del-simbol,[]
pozo-del-tigre,[]
pozo-la-piedra,[]
pozo-nuevo,[]
pozo-seco,[]
pozo-solo,[]
pretot-freyre,['X6140XAB']
primavera,[]
providencia,[]
pueblo-alberdi,['X5800XAA']
pueblo-argentino,[]
pueblo-carlos-sauveran,[]
pueblo-gambande,['Buscar CPA']
pueblo-italiano,[]
pueblo-pianelli,['Buscar CPA']
pueblo-rio-tercero,[]
pueblo-viejo,[]
puente-del-cura,[]
puente-los-molles,[]
puente-rio-plujunta,[]
puerta-colorada,[]
puerta-de-la-quebrada,[]
puesto-de-afuera,[]
puesto-de-arriba,[]
puesto-de-batalla,[]
puesto-de-castro,[]
puesto-de-cerro,[]
puesto-de-fierro,[]
puesto-de-la-oveja,[]
puesto-de-los-alamos,[]
puesto-de-los-rodriguez,[]
puesto-de-luna,[]
puesto-de-pucheta,[]
puesto-de-vera,[]
puesto-del-gallo,['X5281XAY']
puesto-del-medio,[]
puesto-del-rosario,[]
puesto-el-abra,['X5284XBB']
puesto-guzman,[]
puesto-mulita,[]
puesto-nuevo,[]
puesto-san-jose,[]
puesto-viejo,[]
punilla,[]
punta-del-agua,[]
punta-del-monte,[]
pusisuna,['X5299XAN']
quebrachitos,[]
quebracho-herrado,['X2423XAE']
quebracho-ladeado,[]
quebracho-solo,['X5871XAD']
quebrachos,[]
quebrada-de-los-pozos,['X5885XAB']
quebrada-de-luna,[]
quebrada-de-nona,[]
quebrada-del-horno,[]
quilino,['Buscar CPA']
quilmes,['X5270XAI']
quiscasacate,['X5221XAT']
racedo,['X5295XAF']
rafael-garcia,['X5119XAG']
ramallo,['X5225XAB']
ramblon,['X5284XBB']
ramirez,['X5289XAA']
ramon-j-carcano,['X5900XAE']
rangel,['Buscar CPA']
ranqueles,['X6271XAC']
rara-fortuna,['X5287XAD']
rayo-cortado,['X2671XAD']
recreo-victoria,[]
reduccion,['Buscar CPA']
represa-de-morales,['X5285XAD']
rincon,['X5961XAB']
rincon-casa-grande,['X5162XAA']
rincon-de-luna,['X5197XAA']
rio-arriba,['X5887XAA']
rio-bamba,['X6120XAD']
rio-ceballos,['Buscar CPA']
rio-chico,['X5221XAT']
rio-cuarto,['X5800XAA']
rio-de-jaime,['X5875XAC']
rio-de-la-poblacion,['Buscar CPA']
rio-de-las-manzanas,[]
rio-de-los-sauces,[]
rio-de-los-talas,['X5221XAT']
rio-del-durazno,['X5197XAA']
rio-dulce,['X5295XAF']
rio-grande,['X5172XAB']
rio-grande-amboy,['X5199XAK']
rio-hondo,[]
rio-los-molinos,[]
rio-pedro,['X2671XAD']
rio-pinto,['X5221XAT']
rio-primero,['X5127XAD']
rio-san-miguel,['X5295XAF']
rio-seco,[]
rio-segundo,['Buscar CPA']
rio-tercero,['X5850XAA']
rio-viejo,[]
rodeito,['X5209XAY']
rodeo-de-los-caballos,['X5821XAF']
rodeo-de-piedra,['X5875XAC']
rodeo-las-yeguas,['X5821XAF']
rodeo-viejo,['X5801XAJ']
rojas,['X2671XAD']
rosales,['X6128XAA']
ruiz-diaz-de-guzman,['X6120XAE']
rumiaco,['X5289XAA']
rumihuasi,['X5285XAD']
ruta-111-kilometro-14,['X5101XAB']
ruta-19-kilometro-317,['X5125XAA']
sacanta,['X5945XAA']
sagrada-familia,[]
saira,['X2525XAA']
sajon,['Buscar CPA']
saladillo,['X2587XAA']
saldan,['X5149XAB']
salguero,['X6120XAE']
salsacate,['X5295XAA']
salsipuedes,[]
salto,['X5873XAC']
sampacho,['Buscar CPA']
san-agustin,['X5191XAC']
san-ambrosio,['X5848XAB']
san-antonio,[]
san-antonio-de-arredondo,['X5153XAG']
san-antonio-de-bella-vista,['X5236XAA']
san-antonio-de-litin,['X2559XAB']
san-antonio-de-yucat,['X5936XAA']
san-antonio-norte,['X5119XAG']
san-bartolo,['X5295XAF']
san-bartolome,['X5801XAJ']
san-basilio,['X5841XAC']
san-bernardo,[]
san-buenaventura,['X5164XAA']
san-carlos,[]
san-clemente,['X5186XAA']
san-cristobal,['X5248XAB']
san-esteban,['X5182XAD']
san-eusebio,['Buscar CPA']
san-francisco,['X2400XAA']
san-gabriel,['X5244XAN']
san-geronimo,['X5297XAO']
san-ignacio,[]
san-isidro,[]
san-javier,['X5875XAC']
san-jeronimo,[]
san-joaquin,['X6123XAE']
san-jorge,['X5117XAA']
san-jose,[]
san-jose-de-la-dormida,['X5244XAN']
san-jose-de-las-salinas,['X5216XAE']
san-juancito,['X5295XAF']
san-lorenzo,[]
san-lucas-norte,['Buscar CPA']
san-luis,['X5209XAY']
san-marcos-sierras,['X5282XAL']
san-marcos-sud,[]
san-martin,['X5295XAF']
san-meliton,['Buscar CPA']
san-miguel,[]
san-miguel-san-vicente,['X5871XAD']
san-nicolas,[]
san-pablo,[]
san-pedro,[]
san-pedro-de-san-alberto,['X5871XAD']
san-pedro-de-toyos,['X5201XAU']
san-pedro-norte,['X5205XAA']
san-pellegrino,['X5221XAT']
san-rafael,[]
san-ramon,[]
san-roque,[]
san-roque-las-arrias,[]
san-salvador,[]
san-sebastian,['X5889XAG']
san-vicente,[]
sanabria,['X5901XAD']
santa-ana,[]
santa-catalina,[]
santa-cecilia,['Buscar CPA']
santa-clara,['X6123XAE']
santa-cristina,['X6120XAD']
santa-cruz,['X5201XAU']
santa-elena,[]
santa-eufemia,['X2671XAC']
santa-isabel,[]
santa-lucia,['Buscar CPA']
santa-magdalena,['X6127XAC']
santa-maria,[]
santa-maria-de-punilla,['X5164XAA']
santa-maria-de-sobremonte,[]
santa-monica,['X5197XAA']
santa-rita,[]
santa-rosa,[]
santa-rosa-de-calamuchita,['X5196XAE']
santa-rosa-de-rio-primero,['Buscar CPA']
santa-rosa-huerta-grande,['X5174XAB']
santa-sabina,['X5221XAT']
santa-teresa,['X5221XAT']
santa-victoria,['Buscar CPA']
santanilla,['X5248XAB']
santiago-temple,['X5125XAA']
santo-domingo,[]
santo-tomas,['X5220XAT']
sapansoto,['Buscar CPA']
sarlaco,['X5196XAE']
sarmica,['X5925XAC']
sarmiento,['X5212XAO']
saturnino-m-laspiur,['X5943XAA']
sauce-arriba,[]
sauce-chiquito,['Buscar CPA']
sauce-de-los-quevedos,['X5297XAO']
sauce-punco,['Buscar CPA']
sebastian-elcano,['X5231XAA']
seeber,['Buscar CPA']
segunda-usina,['X5857XAD']
sendas-grandes,['X5284XBB']
serrano,[]
serrezuela,['X5270XAI']
sevilla,['X5205XAA']
sierra-blanca,['X5819XAG']
sierra-de-abregu,['Buscar CPA']
sierra-de-las-paredes,['Buscar CPA']
sierras-morenas,['Buscar CPA']
simbolar,[]
sinsacate,['X5220XAT']
soconcho,['X5191XAC']
socorro,['X5209XAY']
solar-los-molinos,['Buscar CPA']
solares-de-ycho-cruz,['X5153XAG']
soledad,['X5137XAV']
soria,['Buscar CPA']
suco,['Buscar CPA']
sunchal,['Buscar CPA']
suncho-huico,['Buscar CPA']
tabanillo,['X5870XAB']
tabaquillo,['X5281XAY']
taco-pozo,['X5295XAF']
tacurel,['X6123XAE']
tajamares,['X5233XAA']
tala-cruz,['X5859XAG']
tala-del-rio-seco,['X5284XBB']
tala-huasi,['X5153XAG']
tala-norte,['Buscar CPA']
tala-sud,['X5127XAD']
talaini,['Buscar CPA']
tancacha,['X5933XAA']
tanti,['X5155XAL']
tanti-lomas,['X5155XAL']
tanti-nuevo,['X5155XAL']
taruca-pampa,['X5299XAN']
tasacuna,['X5284XBB']
tasma,['X5893XAC']
tegua,['Buscar CPA']
tejeda,['X5125XAA']
tercer-cuerpo-del-ejercito,['X5101XAB']
tercera,['Buscar CPA']
ticino,[]
tigre-muerto,['X5859XAG']
tilquicho,['X5873XAC']
timon-cruz,['X5129XAJ']
tinoco,['Buscar CPA']
tintizaco,['Buscar CPA']
tio-pujio,['X5936XAA']
todos-los-santos,['X5201XAU']
toledo,['X5123XAL']
tomas-echenique,['X6271XAC']
tordilla-norte,[]
toro-muerto,[]
toro-pujio,['X5139XAG']
tosno,['X5289XAA']
tosquita,['X6141XAA']
totora-guasi,['X5284XBB']
totoral,['Buscar CPA']
totoralejos,['X5216XAE']
totoritas,['Buscar CPA']
totrilla,['X5201XAU']
transito,['X2436XAC']
tres-arboles,['X5285XAD']
tres-esquinas,['Buscar CPA']
tres-lomas,['Buscar CPA']
tres-pozos,['X5101XBE']
trinchera,['Buscar CPA']
tristan-narvaja,['X5149XAB']
tronco-pozo,['X5223XAA']
tuclame,['X5284XBB']
tulumba,['X5203XAB']
tuscal,['X5216XAE']
ucacha,[]
unidad-turistica-embalse,['X5857XAD']
unquillo,['Buscar CPA']
uritorco,['Buscar CPA']
usina-nuclear-embalse,['X5859XAG']
vacas-blancas,['X5143XAC']
valle-del-sol,['X5248XAB']
valle-dorado,['X5864XAA']
valle-hermoso,['X5168XAB']
valle-verde,['X5115XAB']
vanguardia,['X2671XAD']
viamonte,['X2671XAC']
villa-aguada-de-los-reyes,['X5857XAD']
villa-ahora,['Buscar CPA']
villa-albertina,['X5221XAT']
villa-allende,['X5105XAA']
villa-alpina,['X5194XAD']
villa-amancay,['X5199XAK']
villa-angelica,['X5885XAB']
villa-anisacate,['Buscar CPA']
villa-ascasubi,[]
villa-aurora,['X5900XAE']
villa-berna,['X5194XAD']
villa-bustos,['X5164XAA']
villa-caeiro,['X5164XAA']
villa-candelaria-norte,['X5295XAF']
villa-carlos-paz,['X5152XAD']
villa-carlos-pellegrini,['Buscar CPA']
villa-cerro-azul,['X5248XAB']
villa-cerro-negro,['X5221XAT']
villa-ciudad-de-america,['Buscar CPA']
villa-ciudad-pque-los-reartes,['Buscar CPA']
villa-clodomira,['X5885XAB']
villa-colimba,['X5201XAU']
villa-concepcion-del-tio,['X2433XAF']
villa-corazon-de-maria,['X5101XAB']
villa-costa-azul,['X5153XAG']
villa-cuesta-blanca,['X5153XAG']
villa-cura-brochero,['Buscar CPA']
villa-de-las-rosas,['X5885XAB']
villa-de-maria,['X5248XAB']
villa-de-soto,['X5284XBB']
villa-del-dique,[]
villa-del-lago,['X5152XAD']
villa-del-parque,[]
villa-del-prado,['Buscar CPA']
villa-del-rosario,['Buscar CPA']
villa-del-tala,['X5859XAG']
villa-del-totoral,['X5236XAA']
villa-diaz,['Buscar CPA']
villa-dolores,['X5870XAB']
villa-el-chacay,['X5801XAJ']
villa-el-corcovado,['X5199XAK']
villa-el-descanso,['Buscar CPA']
villa-el-torreon,['X5199XAK']
villa-elisa,['X2594XAC']
villa-emilia,['X5900XAE']
villa-esquiu,['X5101XAB']
villa-flor-serrana,['X5155XAL']
villa-fontana,['X5137XAV']
villa-general-belgrano,['X5194XAD']
villa-general-mitre,['X5236XAA']
villa-giardino,[]
villa-gracia,['X5153XAG']
villa-gutierrez,['X5212XAO']
villa-huidobro,['Buscar CPA']
villa-independencia,['X5153XAG']
villa-la-bolsa,['Buscar CPA']
villa-la-coba,['X5819XAG']
villa-la-rancherita,['Buscar CPA']
villa-lago-azul,['X5199XAK']
villa-las-mercedes,['X5248XAB']
villa-leonor,['Buscar CPA']
villa-los-altos,['Buscar CPA']
villa-los-aromos,['Buscar CPA']
villa-los-leones,['X5281XAY']
villa-los-patos,['X2550XAC']
villa-mar-chiquita,['X5137XAV']
villa-maria,[]
villa-mirea,['X5123XAL']
villa-moderna,['Buscar CPA']
villa-naturaleza,['X5864XAA']
villa-nueva,['X5903XAA']
villa-parque-santa-ana,['X5101XAB']
villa-parque-siquiman,['X5152XAD']
villa-posse,['X5123XAL']
villa-quilino,['Buscar CPA']
villa-quillinzo,['X5859XAG']
villa-rafael-benegas,['X5885XAB']
villa-rio-ycho-cruz,['X5153XAG']
villa-rosario-del-saladillo,['X5233XAA']
villa-rossi,['X6128XAA']
villa-rumipal,['X5864XAA']
villa-san-esteban,['Buscar CPA']
villa-san-javier,['X5199XAK']
villa-san-miguel,['Buscar CPA']
villa-santa-cruz-del-lago,['X5152XAD']
villa-santa-maria,['Buscar CPA']
villa-santa-rita,['X5801XAJ']
villa-santa-rosa,['Buscar CPA']
villa-sarmiento,[]
villa-satyta,['Buscar CPA']
villa-sierras-del-lago,['X5857XAD']
villa-suiza-argentina,[]
villa-taninga,['X5295XAA']
villa-tortosa,['Buscar CPA']
villa-valeria,['X6273XAB']
villa-vaudagna,['X2435XAB']
villa-vieja,['X2426XAB']
villa-yacanto,['X5197XAA']
viso,['X5295XAA']
vista-alegre,['X5197XAA']
vivero,['X6128XAA']
washington,['X6144XAA']
watt,['X6270XAC']
wenceslao-escalante,[]
yacanto,[]
yanacato,['X5248XAB']
yatay,['X5841XAC']
ycho-cruz-sierras,['X5153XAG']
yerba-buena,['Buscar CPA']
yocsina,['X5101XAB']
zapata,['X5873XAC']
zapoloco,['X5843XAA']
