id,name,zip,state
10043,9 de Julio,M5533XAH,Mendoza
10044,Adrian Maturano,M5590XBF,Mendoza
10046,Agua Amarga,M5563XAD,Mendoza
10047,Agua Botada,M5613XBS,Mendoza
10048,Agua de Cabrera,M5613XBT,Mendoza
10049,Agua de Diaz,M5545XAK,Mendoza
10050,Agua de la Mula,M5600XAB,Mendoza
10051,Agua de los Manantiales,M5549XAD,Mendoza
10052,Agua del Chancho,M5613XBU,Mendoza
10053,Agua del Toro,M5621XAQ,Mendoza
10054,Agua Escondida,M5621XAR,Mendoza
10055,Agua Nueva,M5600XAA,Mendoza
10056,Agua Rica,M5611XAG,Mendoza
10057,Aguada,M5569XAA,Mendoza
10058,Aguada Penepe,M5613XBV,Mendoza
10059,Aguada Perez,M5613XBW,Mendoza
10060,Aguada Puesto la Totora,M5611XAP,Mendoza
10061,Alberto Flores,M5582XBR,Mendoza
10062,Alejandro Perez,M5590XFK,Mendoza
10063,Alfredo Lucero,M5590XFL,Mendoza
10064,Algarrobal Abajo,M5541XAB,Mendoza
10065,Algarrobal Arriba,M5541XAC,Mendoza
10066,Algarrobito,M5537XAI,Mendoza
10067,Algarrobo,M5533XAY,Mendoza
10068,Algarrobo de Sortue,M5600XAS,Mendoza
10069,Algarrobo Grande,M5582XAA,Mendoza
10070,Alpatacal,M5591XAB,Mendoza
10071,Alto Amarillo,M5537XAJ,Mendoza
10072,Alto con Zampa,M5594XDC,Mendoza
10073,Alto de las Arañas,M5519XAD,Mendoza
10074,Alto de los Manantiales,M5549XAE,Mendoza
10075,Alto de los Perros,M5590XFM,Mendoza
10076,Alto de los Sapos,M5590XFN,Mendoza
10077,Alto del Olvido,M5533XAI,Mendoza
10078,Alto del Plomo,M5549XAK,Mendoza
10079,Alto del Salvador,M5570XAA,Mendoza
10080,Alto Grande,M5543XAC,Mendoza
10081,Alto Tres Compadres,M5537XAM,Mendoza
10082,Alto Verde,M5582XBG,Mendoza
10083,Alvarez,M5590XFJ,Mendoza
10084,Alvarez Condarco,M5549XAR,Mendoza
10085,Ana de Donaire,M5590XFO,Mendoza
10086,Anacleta Viuda de Perez,M5590XFP,Mendoza
10087,Anchoris,M5509XAN,Mendoza
10088,Ancon,M5561XAH,Mendoza
10090,Andres Perez,M5590XFQ,Mendoza
10091,Antonio Sosa,M5590XFR,Mendoza
10092,Araganita,M5569XBL,Mendoza
10093,Arancibia,M5594XDD,Mendoza
10094,Aranzabal,M5594XDE,Mendoza
10095,Arboleda,M5561XAG,Mendoza
10096,Arenales,M5539XBI,Mendoza
10097,Aristides Villanueva,M5609XAD,Mendoza
10098,Arroyito,M5537XAA,Mendoza
10099,Arroyo Claro,M5560XAL,Mendoza
10100,Arroyo los Sauces,M5563XAI,Mendoza
10101,Asuncion,M5535XAA,Mendoza
10102,Atuel Sud,M5623XAE,Mendoza
10103,Azcurra,M5582XBL,Mendoza
10104,B de Araya,M5594XDF,Mendoza
10105,B de Quebrado,M5594XDG,Mendoza
10106,B Elena,M5590XFS,Mendoza
10107,Bajada Araujo,M5535XAB,Mendoza
10108,Bajada de la Salada,M5569XBR,Mendoza
10109,Bajada de los Gauchos,M5569XBM,Mendoza
10110,Bajada de los Papagayos,M5569XBN,Mendoza
10111,Bajada de Yaucha,M5569XBO,Mendoza
10112,Bajada del Agua Escondida,M5569XBP,Mendoza
10113,Bajada del Fuerte,M5569XBQ,Mendoza
10114,Bajada del Perro,M5590XBG,Mendoza
10115,Bajada del Sauce,M5569XBS,Mendoza
10116,Bajo del Peludo,M5613XBI,Mendoza
10117,Bajo del Yuyo,M5594XAW,Mendoza
10118,Balde de la Jarilla,M5582XBM,Mendoza
10119,Balde de los Gauchos,M5582XBN,Mendoza
10120,Balde de Piedra,M5596XAD,Mendoza
10121,Balde E Aquera,M5582XAG,Mendoza
10122,Balde el Sosneado,M5611XBM,Mendoza
10123,Balde Jofre,M5582XBO,Mendoza
10124,Balde la Pichana Vieja,M5582XBP,Mendoza
10125,Balde las Carpas,M5582XBQ,Mendoza
10126,Balde las Catitas,M5582XBK,Mendoza
10127,Balde las Lagunitas,M5594XAX,Mendoza
10128,Balde Nuevo,M5594XAY,Mendoza
10129,Balde San Agustin,M5582XAF,Mendoza
10130,Bañado Verde,M5598XAC,Mendoza
10131,Banderita,M5594XAZ,Mendoza
10132,Baños de Azufre,M5611XAH,Mendoza
10133,Baños de Capiz,M5569XCL,Mendoza
10134,Baños la Salada,M5569XCM,Mendoza
10135,Baños Lunlunta,M5507XAF,Mendoza
10137,Bardas Blancas,M5611XBB,Mendoza
10138,Barreal Colorado,M5613XBJ,Mendoza
10139,Barreal de la Mesilla,M5613XBK,Mendoza
10140,Barreal de la Pampa Seca,M5539XBJ,Mendoza
10141,Barreal Jose Luis,M5613XAZ,Mendoza
10142,Barreal Pajaro Muerto,M5539XFD,Mendoza
10143,Barriales los Ranchos,M5613XBL,Mendoza
10144,Barrio Ferri,M5531XAE,Mendoza
10145,Barrio Villa Adela,M5584XAA,Mendoza
10146,Becerra,M5590XBH,Mendoza
10147,Belle Ville,M5594XBA,Mendoza
10148,Beltran,M5613XDD,Mendoza
10150,Blanco Encalada,M5549XAO,Mendoza
10151,Blas Panelo,M5590XBI,Mendoza
10152,Boliche,M5613XBM,Mendoza
10153,Boliche los Barreales,M5611XAT,Mendoza
10154,Borde de la Linea,M5594XBB,Mendoza
10155,Bordo Amarillo de la Cruz Pied,M5569XCN,Mendoza
10156,Bordo el Algarrobo,M5569XCO,Mendoza
10157,Bordo Lechuzo,M5569XCP,Mendoza
10158,Bordos del Plumerillo,M5569XCQ,Mendoza
10160,Boyeros,M5590XBJ,Mendoza
10163,Buena Vista,M5525XAA,Mendoza
10164,Buitrera,M5539XFE,Mendoza
10165,Buta Billon,M5613XBX,Mendoza
10166,C Gonzales Videla,M5590XBK,Mendoza
10167,Ca del Diablo,M5539XFF,Mendoza
10168,Cabeza de Vaca,M5613XEA,Mendoza
10170,Cadetes de Chile,M5590XGG,Mendoza
10171,Cajon de Mayo,M5600XAC,Mendoza
10172,Cajon Grande,M5613XDH,Mendoza
10173,Calle Larga Vieja,M5605XAC,Mendoza
10174,Calle Terrada,M5507XAE,Mendoza
10175,Calmuco,M5611XBC,Mendoza
10176,Camp Vizcacheras Ypf,M5569XCR,Mendoza
10177,Campamento Cacheuta Ypf,M5549XAP,Mendoza
10178,Campamento Carapacho,M5611XBI,Mendoza
10179,Campamento Ranquilco,M5613XDE,Mendoza
10181,Campo el Alamo,M5613XEB,Mendoza
10182,Campo el Toro,M5590XBL,Mendoza
10183,Cañada Amarilla,M5611XBN,Mendoza
10184,Cañada Ancha,M5613XDF,Mendoza
10185,Cañada Colorada,M5613XDG,Mendoza
10186,Cañada Seca,M5603XAG,Mendoza
10187,Cañadita Alegre,M5519XAA,Mendoza
10188,Cañadon de Bonilla,M5621XAL,Mendoza
10189,Canal Pescara,M5525XAB,Mendoza
10190,Canalejas,M5636XAA,Mendoza
10191,Cancha de Esqui,M5613XEC,Mendoza
10192,Capdeville,M5543XAD,Mendoza
10193,Capilla del Covadito,M5533XBA,Mendoza
10194,Capilla del Rosario,M5523XAA,Mendoza
10195,Capilla San Jose,M5533XBB,Mendoza
10196,Capitan Montoya,M5601XAC,Mendoza
10197,Capiz,M5560XAA,Mendoza
10198,Caracoles,M5557XAC,Mendoza
10199,Carbometal,M5505XAA,Mendoza
10200,Carlos Subercaseux,M5549XAQ,Mendoza
10202,Carril Norte,M5582XBE,Mendoza
10204,Carrizal de Arriba,M5509XAK,Mendoza
10207,Casa de Adobe,M5594XEE,Mendoza
10208,Casa de las Peñas,M5560XAR,Mendoza
10209,Casa de Piedra,M5549XAF,Mendoza
10210,Casas Viejas,M5569XCS,Mendoza
10211,Casilla,M5539XFG,Mendoza
10212,Catitas Viejas,M5594XDK,Mendoza
10213,Central Hidroelectrica 1,M5600XAD,Mendoza
10214,Central Hidroelectrica 2,M5600XAE,Mendoza
10215,Cepillo Viejo,M5569XBT,Mendoza
10216,Cerrillos,M5509XAA,Mendoza
10217,Cerrillos al Norte,M5509XAB,Mendoza
10218,Cerrillos al Sud,M5509XAH,Mendoza
10219,Cerrillos Negros,M5539XAA,Mendoza
10220,Cerrito Moro,M5569XAO,Mendoza
10221,Cerro Aconcagua,M5500XAA,Mendoza
10222,Cerro Agua Negra,M5569XCU,Mendoza
10223,Cerro Agua Salada,M5539XCQ,Mendoza
10224,Cerro Aguadita,M5539XCR,Mendoza
10225,Cerro Alojamiento,M5539XAE,Mendoza
10226,Cerro Alquitran,M5611XBO,Mendoza
10227,Cerro Alto de las Peñas,M5569XAQ,Mendoza
10228,Cerro Alvarado Centro,M5569XCV,Mendoza
10229,Cerro Angostura,M5539XAF,Mendoza
10230,Cerro Arroyo Hondo,M5569XCW,Mendoza
10231,Cerro Aspero,M5539XAG,Mendoza
10232,Cerro Baleado,M5569XCX,Mendoza
10233,Cerro Barauca,M5539XAH,Mendoza
10234,Cerro Barbaran o Tres Picos,M5569XCY,Mendoza
10235,Cerro Bay,M5539XAI,Mendoza
10236,Cerro Blanco,M5539XCV,Mendoza
10237,Cerro Bonete,M5545XAG,Mendoza
10238,Cerro Bravo,M5539XCW,Mendoza
10239,Cerro Catedral,M5539XDB,Mendoza
10240,Cerro Chato,M5569XDD,Mendoza
10241,Cerro Chiquero,M5539XCX,Mendoza
10242,Cerro Cielo,M5539XCY,Mendoza
10243,Cerro Cienaga,M5539XDF,Mendoza
10244,Cerro Clementino,M5539XCZ,Mendoza
10245,Cerro Color,M5539XDC,Mendoza
10246,Cerro Colorado,M5569XDF,Mendoza
10247,Cerro Colorado de las Lagunill,M5569XDE,Mendoza
10248,Cerro Cortaderas,M5539XDA,Mendoza
10249,Cerro Cuerno,M5539XAJ,Mendoza
10250,Cerro Cupula,M5539XAB,Mendoza
10251,Cerro de la Banderola,M5569XDG,Mendoza
10252,Cerro de las Leñas,M5539XDI,Mendoza
10253,Cerro de los Burros,M5539XDJ,Mendoza
10254,Cerro de los Dedos,M5539XDK,Mendoza
10255,Cerro de los Leones,M5569XDH,Mendoza
10256,Cerro de los Potrerillos,M5500XAB,Mendoza
10257,Cerro del Chacay,M5621XAN,Mendoza
10258,Cerro del Medio,M5539XDL,Mendoza
10259,Cerro del Pozo,M5569XDI,Mendoza
10260,Cerro del Rincon Bayo,M5539XDH,Mendoza
10261,Cerro del Zorro,M5569XDC,Mendoza
10262,Cerro Divisadero de la Cienegu,M5569XFB,Mendoza
10263,Cerro Durazno,M5539XAS,Mendoza
10264,Cerro el Guanaco,M5539XAT,Mendoza
10265,Cerro Fiero,M5569XFC,Mendoza
10266,Cerro Fundicion,M5539XAU,Mendoza
10267,Cerro Gaspar,M5569XFD,Mendoza
10268,Cerro Grande,M5539XAV,Mendoza
10269,Cerro Guadaloso,M5569XFE,Mendoza
10270,Cerro Horqueta,M5539XAW,Mendoza
10271,Cerro Invernada,M5539XAX,Mendoza
10272,Cerro Juan Pobre,M5539XAY,Mendoza
10273,Cerro L Corrales,M5539XDD,Mendoza
10274,Cerro la Invernada,M5569XFF,Mendoza
10275,Cerro la Mano,M5539XDE,Mendoza
10276,Cerro Lagañoso,M5539XBE,Mendoza
10277,Cerro las Piedras,M5569XFG,Mendoza
10278,Cerro los Bajos,M5569XAR,Mendoza
10279,Cerro los Barros,M5569XFH,Mendoza
10280,Cerro los Dientitos,M5539XAC,Mendoza
10281,Cerro Manantial,M5539XBF,Mendoza
10282,Cerro Masillas,M5539XBG,Mendoza
10283,Cerro Melocoton,M5539XDR,Mendoza
10284,Cerro Mexico,M5539XDS,Mendoza
10285,Cerro Montura,M5539XDP,Mendoza
10286,Cerro Negros de las Mesillas,M5569XES,Mendoza
10287,Cerro Nevado,M5621XAO,Mendoza
10288,Cerro Pampa Seca,M5539XDQ,Mendoza
10289,Cerro Pan de Azucar,M5539XDT,Mendoza
10290,Cerro Panta,M5539XBK,Mendoza
10291,Cerro Pelado,M5549XAB,Mendoza
10292,Cerro Piedra Colorada,M5569XCT,Mendoza
10293,Cerro Plomo,M5569XET,Mendoza
10294,Cerro Ponderado,M5539XBL,Mendoza
10295,Cerro Potrerillos,M5569XEU,Mendoza
10296,Cerro Pozo,M5539XAD,Mendoza
10297,Cerro Punta de Agua,M5539XBM,Mendoza
10298,Cerro Puntilla Negra,M5539XBN,Mendoza
10299,Cerro Puntudo,M5539XBO,Mendoza
10300,Cerro Puquios,M5539XBP,Mendoza
10301,Cerro Riquitipanche,M5539XDV,Mendoza
10302,Cerro San Lorenzo,M5539XDW,Mendoza
10303,Cerro Santa Maria,M5539XDX,Mendoza
10304,Cerro Sapo,M5539XDY,Mendoza
10305,Cerro Tigre,M5539XDZ,Mendoza
10306,Cerro Tolosa,M5539XEA,Mendoza
10307,Cerro Tunduquera,M5539XDU,Mendoza
10308,Cerro Yalguaras,M5621XAM,Mendoza
10309,Cerro Yareta,M5539XAK,Mendoza
10310,Cerros Colorados,M5539XAL,Mendoza
10311,Cespedes,M5517XAD,Mendoza
10312,Chachao,M5613XED,Mendoza
10313,Chacharalen,M5611XBJ,Mendoza
10314,Chachingo,M5517XAE,Mendoza
10316,Chacras de Lima,M5590XFT,Mendoza
10317,Chamuscao,M5590XFU,Mendoza
10320,Charco Vacas,M5613XBQ,Mendoza
10322,Chilote,M5594XEF,Mendoza
10325,Cienaga del Alto,M5569XAP,Mendoza
10326,Circunvalacion,M5591XAI,Mendoza
10327,Cirilo Mahona,M5590XFW,Mendoza
10328,Ciudad Oeste,M5634XAM,Mendoza
10329,Clarentino Roldan,M5590XFX,Mendoza
10330,Clodomiro Reta,M5594XEG,Mendoza
10331,Cochico,M5621XAA,Mendoza
10332,Coihueco,M5611XBD,Mendoza
10333,Coihueco Norte,M5611XAR,Mendoza
10334,Colon Sandalho,M5545XAA,Mendoza
10335,Colonia 3 de Mayo,M5543XAF,Mendoza
10336,Colonia Alazanes,M5569XEV,Mendoza
10337,Colonia Alemana,M5543XAE,Mendoza
10338,Colonia Alvear,M5632XAA,Mendoza
10340,Colonia Andre,M5535XAC,Mendoza
10341,Colonia Aspera,M5569XEW,Mendoza
10342,Colonia Atuel,M5623XAB,Mendoza
10344,Colonia Barraquero,M5509XAC,Mendoza
10345,Colonia Bombal,M5529XAB,Mendoza
10346,Colonia Bombal y Tabanera,M5607XAA,Mendoza
10347,Colonia Bouquet,M5632XAE,Mendoza
10349,Colonia Chalet,M5569XEX,Mendoza
10350,Colonia Chato,M5569XBU,Mendoza
10351,Colonia Colina,M5569XEY,Mendoza
10352,Colonia Colomer,M5603XAA,Mendoza
10353,Colonia Curniñan,M5569XEZ,Mendoza
10354,Colonia de las Mulas,M5560XAS,Mendoza
10355,Colonia de los Guanaqueros,M5569XFA,Mendoza
10356,Colonia del Carmen,M5535XAD,Mendoza
10357,Colonia del Diablo,M5560XAT,Mendoza
10358,Colonia del Leon,M5569XHF,Mendoza
10359,Colonia Delfino,M5573XAA,Mendoza
10360,Colonia Divisadero del Cardal,M5569XHG,Mendoza
10361,Colonia Divisadero Negro,M5569XHH,Mendoza
10362,Colonia Durazno,M5569XHI,Mendoza
10363,Colonia el Campanario,M5569XFO,Mendoza
10364,Colonia el Regadio,M5590XFY,Mendoza
10365,Colonia Elena,M5603XAB,Mendoza
10366,Colonia Española,M5607XAB,Mendoza
10367,Colonia Estrella,M5533XBC,Mendoza
10368,Colonia Faro,M5560XAJ,Mendoza
10369,Colonia Funes,M5509XAI,Mendoza
10370,Colonia Guadal,M5569XFP,Mendoza
10371,Colonia Guanaco,M5569XFQ,Mendoza
10372,Colonia Italiana,M5533XAC,Mendoza
10373,Colonia Jara,M5529XAA,Mendoza
10374,Colonia Jauregui,M5622XAA,Mendoza
10375,Colonia la Escondida,M5560XAK,Mendoza
10376,Colonia la Llave,M5600XAF,Mendoza
10377,Colonia la Torrecilla,M5560XAB,Mendoza
10380,Colonia Lola,M5569XFR,Mendoza
10381,Colonia Lopez,M5622XAB,Mendoza
10382,Colonia los Huevos,M5569XFS,Mendoza
10383,Colonia los Oscuros,M5560XAC,Mendoza
10384,Colonia los Tapones,M5560XAD,Mendoza
10385,Colonia Mirador,M5569XFT,Mendoza
10386,Colonia Monte Caseros,M5582XAI,Mendoza
10387,Colonia Muralla,M5569XFU,Mendoza
10388,Colonia Nacional de los Indios,M5569XGB,Mendoza
10389,Colonia Negro,M5569XGC,Mendoza
10390,Colonia Osamenta,M5569XGD,Mendoza
10391,Colonia Papal,M5569XGE,Mendoza
10393,Colonia Pedernales,M5569XGF,Mendoza
10394,Colonia Pencal,M5569XGG,Mendoza
10395,Colonia Pico Colorado,M5569XGH,Mendoza
10396,Colonia Reina,M5584XAC,Mendoza
10397,Colonia Rusa,M5603XAC,Mendoza
10398,Colonia San Agustin,M5569XBI,Mendoza
10399,Colonia San Francisco,M5533XBD,Mendoza
10400,Colonia San Jorge,M5594XEC,Mendoza
10403,Colonia Soitue,M5600XAG,Mendoza
10404,Colonia Tabanera,M5560XBR,Mendoza
10405,Colonia Torrecillas,M5569XBH,Mendoza
10406,Colonia Torrecito,M5569XBJ,Mendoza
10407,Colonia Tres Altitos,M5569XBK,Mendoza
10408,Com Nac de Energia Atomica,M5600XAY,Mendoza
10409,Comandante Salas,M5594XDL,Mendoza
10410,Comision Nac de Emergencia,M5600XAH,Mendoza
10411,Compuertas Negras,M5632XAD,Mendoza
10412,Concha Subercaseaux,M5549XAG,Mendoza
10413,Control Ypf,M5569XGM,Mendoza
10416,Coronel Beltran,M5613XAQ,Mendoza
10417,Corral de Cuero,M5590XFZ,Mendoza
10418,Corral de Lorca,M5637XAB,Mendoza
10419,Corral del Molle,M5590XGB,Mendoza
10421,Costa del Diamante,M5637XAC,Mendoza
10422,Cristo Redentor,M5557XAA,Mendoza
10423,Cristobal Lopez,M5594XED,Mendoza
10424,Cruz Blanca,M5537XAK,Mendoza
10426,Cruz de Piedra Pto Gendarmeria,M5569XGN,Mendoza
10427,Cruz del Yugo,M5590XGA,Mendoza
10428,Cruz Gimenez,M5594XBS,Mendoza
10429,Cruz Ledesma,M5590XBM,Mendoza
10430,Cto del Tigre,M5539XAM,Mendoza
10431,Cuadro Benegas,M5603XAD,Mendoza
10432,Cuadro Bombal,M5607XAC,Mendoza
10434,Cuesta de los Terneros,M5600XAI,Mendoza
10435,Cupiles,M5595XAC,Mendoza
10436,D Lopez,M5594XBC,Mendoza
10437,Dalmiro Zapata,M5590XBN,Mendoza
10438,Daniel Lucero,M5590XBO,Mendoza
10439,Daniel Morgan,M5590XBP,Mendoza
10440,Delgadillo,M5590XGC,Mendoza
10441,Desaguadero,M5598XAD,Mendoza
10442,Dionisio Ordoñez,M5590XBQ,Mendoza
10443,Dionisio Ortubia,M5590XBR,Mendoza
10444,Dique del Valle de Uco,M5560XAE,Mendoza
10445,Dique Rio Mendoza,M5507XAD,Mendoza
10446,Distrito Compuerta,M5507XAA,Mendoza
10447,Divisadero,M5594XBD,Mendoza
10448,Divisadero Colorado,M5569XGO,Mendoza
10449,Divisadero Negro,M5569XBV,Mendoza
10450,Doctor Antonio Soomas,M5560XAQ,Mendoza
10451,Domingo Gimenez,M5590XBS,Mendoza
10452,Domingo Lara,M5590XBT,Mendoza
10453,Domingo Oga,M5590XBU,Mendoza
10454,Domingo Real,M5590XGH,Mendoza
10455,Don Martin,M5537XAO,Mendoza
10456,Donato Ojeda,M5590XGI,Mendoza
10457,Doroteo Ordoñez,M5590XGJ,Mendoza
10462,El Aguila,M5636XAD,Mendoza
10463,El Alambrado,M5611XAD,Mendoza
10464,El Alamo,M5613XBY,Mendoza
10465,El Algarrobal,M5607XAE,Mendoza
10466,El Algarrobo,M5594XBE,Mendoza
10467,El Alpero,M5535XAE,Mendoza
10468,El Altillo,M5531XAA,Mendoza
10469,El Alto,M5577XAB,Mendoza
10471,El Arbolito,M5636XAH,Mendoza
10472,El Azufre,M5621XAP,Mendoza
10473,El Balsadero,M5533XBF,Mendoza
10474,El Banderon,M5634XAV,Mendoza
10475,El Bonito,M5594XBF,Mendoza
10477,El Buen Pastor,M5634XAN,Mendoza
10478,El Cabao Viejo,M5594XBG,Mendoza
10479,El Cajon,M5613XBZ,Mendoza
10480,El Calvadito,M5533XBG,Mendoza
10481,El Campamento,M5609XAE,Mendoza
10482,El Cañito,M5543XAG,Mendoza
10483,El Capacho,M5569XAD,Mendoza
10484,El Caranchito,M5590XGK,Mendoza
10485,El Carbalino,M5592XAC,Mendoza
10486,El Carmen,M5594XBH,Mendoza
10487,El Carrizal,M5509XAD,Mendoza
10488,El Carrizal de Abajo,M5509XAJ,Mendoza
10489,El Cavadito,M5537XAN,Mendoza
10490,El Cavado Chico,M5590XGL,Mendoza
10492,El Cenizo,M5645XAA,Mendoza
10494,El Cepillo,M5569XGP,Mendoza
10495,El Cercado,M5590XGO,Mendoza
10496,El Cerrito,M5600XBG,Mendoza
10497,El Chacallal,M5594XBI,Mendoza
10498,El Chacay,M5613XAR,Mendoza
10499,El Chalet,M5590XGM,Mendoza
10500,El Challao,M5539XAZ,Mendoza
10501,El Chañar,M5435XAC,Mendoza
10502,El Chilcal,M5533XAJ,Mendoza
10503,El Chircal,M5533XAD,Mendoza
10504,El Choique,M5613XAS,Mendoza
10505,El Cienago,M5611XAU,Mendoza
10506,El Cipres,M5585XAF,Mendoza
10507,El Colon,M5535XAK,Mendoza
10508,El Colorado,M5592XAA,Mendoza
10509,El Consuelo,M5590XGD,Mendoza
10510,El Corbalno,M5594XBJ,Mendoza
10511,El Desvio,M5621XAE,Mendoza
10512,El Divisadero,M5594XBK,Mendoza
10513,El Durazno,M5611XAV,Mendoza
10514,El Escondido,M5594XAE,Mendoza
10515,El Gigantillo,M5591XAA,Mendoza
10516,El Gonzano,M5590XGN,Mendoza
10517,El Gorgino,M5594XAF,Mendoza
10518,El Guadal de Campos,M5569XGQ,Mendoza
10519,El Guanaco,M5594XAG,Mendoza
10520,El Guerrino,M5590XBV,Mendoza
10521,El Infiernillo,M5509XAL,Mendoza
10522,El Infierno,M5539XED,Mendoza
10523,El Jilguero,M5590XBW,Mendoza
10525,El Juncalito,M5620XAE,Mendoza
10526,El Lechucito,M5569XGR,Mendoza
10527,El Lemino,M5594XAH,Mendoza
10528,El Luquino,M5594XAV,Mendoza
10529,El Manzano,M5611XAE,Mendoza
10530,El Manzano Historico,M5560XAP,Mendoza
10531,El Marcado,M5594XAB,Mendoza
10532,El Marucho,M5594XAC,Mendoza
10533,El Maurino,M5594XAD,Mendoza
10535,El Molino,M5594XBL,Mendoza
10536,El Mollar,M5611XAN,Mendoza
10537,El Moyano,M5573XAB,Mendoza
10538,El Ñango,M5589XAD,Mendoza
10539,El Nevado,M5620XAF,Mendoza
10541,El Paraiso,M5531XAB,Mendoza
10542,El Parral,M5569XGS,Mendoza
10543,El Pascal,M5533XAK,Mendoza
10545,El Payen,M5613XCA,Mendoza
10546,El Peral,M5561XAI,Mendoza
10547,El Perino,M5590XBY,Mendoza
10548,El Picona,M5600XAJ,Mendoza
10549,El Plateado,M5600XAK,Mendoza
10551,El Plumero,M5594XBM,Mendoza
10552,El Portillo,M5560XAF,Mendoza
10553,El Porvenir,M5594XBN,Mendoza
10554,El Puestito,M5613XCB,Mendoza
10555,El Puma,M5569XEN,Mendoza
10556,El Puntiagudo,M5582XAK,Mendoza
10557,El Refugio,M5634XAW,Mendoza
10558,El Regadio,M5590XBZ,Mendoza
10559,El Resguardo,M5543XAA,Mendoza
10560,El Retamo,M5537XAD,Mendoza
10561,El Retamoso,M5594XBO,Mendoza
10562,El Retiro,M5594XDH,Mendoza
10563,El Rincon,M5569XEO,Mendoza
10564,El Rosario,M5535XAL,Mendoza
10565,El Salado,M5563XAA,Mendoza
10566,El Salto,M5549XAM,Mendoza
10567,El Sauce,M5533XAA,Mendoza
10568,El Sosneado,M5611XAF,Mendoza
10569,El Tamarindo,M5594XBP,Mendoza
10571,El Topon,M5560XAG,Mendoza
10572,El Toscal,M5560XAH,Mendoza
10574,El Usillal,M5601XAA,Mendoza
10575,El Valle,M5594XBQ,Mendoza
10576,El Vaquero,M5590XCA,Mendoza
10577,El Vatro,M5613XCC,Mendoza
10578,El Ventarron,M5621XAF,Mendoza
10579,El Vergel,M5533XAN,Mendoza
10580,El Villeguino,M5594XDI,Mendoza
10581,El Vilteguino,M5594XAA,Mendoza
10582,El Zampal,M5561XAA,Mendoza
10583,El Zapatino,M5590XCC,Mendoza
10584,El Zorzal,M5594XDO,Mendoza
10585,Eloy Funes,M5590XCD,Mendoza
10586,Embalse Valle Grande,M5600XBK,Mendoza
10587,Emiliano Lucero,M5594XDP,Mendoza
10588,Emilio Nieta,M5590XCE,Mendoza
10589,Empalme Frontera,M5553XAA,Mendoza
10590,Empalme Resguardo,M5539XBA,Mendoza
10591,Epifanio Fernandez,M5590XCF,Mendoza
10592,Ernesto Alcaraz,M5590XGR,Mendoza
10593,Ernesto Lopez,M5594XDQ,Mendoza
10594,Escudero,M5594XDR,Mendoza
10595,Espejo,M5539XBB,Mendoza
10596,Espejo Resguardado,M5539XBC,Mendoza
10598,Estacion Uspallata,M5539XFJ,Mendoza
10599,Estancia Aguanda,M5569XEP,Mendoza
10600,Estancia Arroyo Hondo,M5569XEQ,Mendoza
10601,Estancia Aveiro,M5560XAU,Mendoza
10602,Estancia Bella Vista,M5560XAV,Mendoza
10603,Estancia Casa de Piedra,M5539XAO,Mendoza
10604,Estancia Casas Viejas,M5569XER,Mendoza
10605,Estancia Chacaico,M5621XAI,Mendoza
10606,Estancia Correa,M5560XAW,Mendoza
10607,Estancia Cueva del Toro,M5539XAP,Mendoza
10608,Estancia el Balderon,M5634XAJ,Mendoza
10609,Estancia el Bonito,M5594XDS,Mendoza
10610,Estancia el Campamento,M5600XBL,Mendoza
10611,Estancia el Carrizal,M5539XAQ,Mendoza
10612,Estancia el Carrizalito,M5560XAX,Mendoza
10613,Estancia Gil,M5594XDM,Mendoza
10614,Estancia Guinazu,M5560XAY,Mendoza
10615,Estancia Jocoli,M5539XEF,Mendoza
10616,Estancia la Argentina,M5577XAE,Mendoza
10617,Estancia la Chuña,M5594XDN,Mendoza
10618,Estancia la Cortadera,M5634XAK,Mendoza
10619,Estancia la Pampa,M5563XAH,Mendoza
10620,Estancia la Puma,M5569XDJ,Mendoza
10621,Estancia la Rosa,M5560XAZ,Mendoza
10622,Estancia la Salcedina,M5590XEB,Mendoza
10623,Estancia la Sarita,M5600XBM,Mendoza
10624,Estancia la Trintrica,M5600XBN,Mendoza
10625,Estancia la Varita,M5634XAL,Mendoza
10626,Estancia la Vizcachera,M5590XGS,Mendoza
10627,Estancia las Chilcas,M5595XAF,Mendoza
10628,Estancia las Higueras,M5560XBA,Mendoza
10629,Estancia las Vizcacheras,M5590XGV,Mendoza
10630,Estancia los Chacayes,M5560XBB,Mendoza
10631,Estancia los Huaicos,M5600XBO,Mendoza
10632,Estancia los Leones,M5600XBH,Mendoza
10633,Estancia Mallea,M5560XAI,Mendoza
10634,Estancia San Martin,M5539XAR,Mendoza
10635,Estancia Silva,M5560XBH,Mendoza
10636,Estancia Sofia Raquel,M5600XBI,Mendoza
10637,Estancia Tierras Blancas,M5600XBJ,Mendoza
10638,Estancia Uspallata,M5545XAL,Mendoza
10639,Estancia Villavicencio,M5539XAN,Mendoza
10640,Estancia Viluco,M5569XDK,Mendoza
10641,Estancia Yalguaraz,M5539XEC,Mendoza
10642,Estancia Yaucha,M5569XDL,Mendoza
10643,Estanislao Ordoñez,M5590XGT,Mendoza
10645,Eusebia Viuda de Gomez,M5590XGU,Mendoza
10646,Evaristo Acevedo,M5590XCG,Mendoza
10647,Evaristo Salas,M5590XCH,Mendoza
10648,Ex Fortin Malargue,M5611XAO,Mendoza
10649,Fabriciano Rojas,M5590XCI,Mendoza
10650,Felipe Garro,M5590XCJ,Mendoza
10651,Felipe Perez,M5594XDT,Mendoza
10652,Fermin Perez,M5590XCL,Mendoza
10653,Finca el Arroz,M5531XAC,Mendoza
10654,Finca Lopez,M5622XAC,Mendoza
10655,Finca los Alamos,M5531XAD,Mendoza
10656,Florencio Garro,M5590XAW,Mendoza
10657,Florencio Molina,M5590XCK,Mendoza
10658,Florencio Ordoñez,M5590XCM,Mendoza
10659,Florindo Flores,M5582XAL,Mendoza
10660,Forzudo,M5537XAP,Mendoza
10661,Francisco Molina,M5590XCN,Mendoza
10662,Francisco Rojas,M5590XGW,Mendoza
10664,Fructuoso Diaz,M5590XGX,Mendoza
10665,Garganta del Leon,M5539XEG,Mendoza
10666,Gaspar Campos,M5609XAB,Mendoza
10667,General Acha,M5533XAO,Mendoza
10671,German Maturano,M5590XGY,Mendoza
10672,Gertrudis de Ojeda,M5590XGZ,Mendoza
10673,Gilberto Perez,M5590XHA,Mendoza
10674,Glaciares del Rio Blanco,M5549XAN,Mendoza
10675,Gobernador Benegas,M5544XAA,Mendoza
10676,Gobernador Civit,M5594XDJ,Mendoza
10677,Gobernador Luis Molina,M5533XAP,Mendoza
10679,Goico,M5609XAA,Mendoza
10681,Gregorio Zapata,M5590XHB,Mendoza
10682,Guadal de los Perez,M5533XBH,Mendoza
10683,Guadales,M5609XAC,Mendoza
10684,Gualtallary,M5561XAB,Mendoza
10685,Guayqueria Colorada,M5613XCE,Mendoza
10686,Guido,M5549XAC,Mendoza
10687,Guillermo Donaire,M5590XHC,Mendoza
10688,Gurruchaga,M5584XAD,Mendoza
10689,H Garzala,M5590XHD,Mendoza
10690,Hermenegildo Diaz,M5590XCO,Mendoza
10691,Honorio Zapata,M5590XCP,Mendoza
10692,Hornito del Gringo,M5543XAH,Mendoza
10693,Hornos de Moyano,M5543XAI,Mendoza
10694,Hotel Portezuelo del Viento,M5613XBG,Mendoza
10695,Hotel Termas del Azufre,M5613XDI,Mendoza
10696,Hotel Termas el Sosneado,M5613XDJ,Mendoza
10697,Huaicos de Rufino,M5594XBT,Mendoza
10698,Huaiqueria de la Horqueta,M5569XDM,Mendoza
10699,Huaiqueria de los Burros,M5569XDN,Mendoza
10700,Huecos de los Tordillos,M5590XCR,Mendoza
10701,Ignacio Villegas,M5590XCS,Mendoza
10702,Iguazu,M5601XAB,Mendoza
10706,Irineo Zapata,M5590XCT,Mendoza
10707,Isabel Flores,M5582XAM,Mendoza
10709,Isla del Cuchillo,M5569XDO,Mendoza
10711,Isla Retamito,M5590XCU,Mendoza
10712,J Campos,M5569XDP,Mendoza
10713,J Ortubia,M5590XCV,Mendoza
10714,J Veron,M5569XDQ,Mendoza
10715,Jaguel,M5611XAX,Mendoza
10716,Jaguel Amarillo,M5611XBF,Mendoza
10717,Jaguel de las Chilcas,M5509XAM,Mendoza
10718,Jaguel de Rosas,M5611XBG,Mendoza
10719,Jaguel del Catalan,M5611XBE,Mendoza
10720,Jaguel del Gaucho,M5613XDK,Mendoza
10721,Jaguel del Gobierno,M5613XDL,Mendoza
10723,Jarilloso,M5594XBU,Mendoza
10724,Jaucha,M5569XDB,Mendoza
10726,Jocoli,M5543XAJ,Mendoza
10727,Jocoli Viejo,M5533XAQ,Mendoza
10728,Jofre,M5594XBV,Mendoza
10729,Jorge Newbery,M5585XAB,Mendoza
10730,Jose Campos,M5594XBW,Mendoza
10731,Jose Diaz,M5590XCW,Mendoza
10732,Jose Fernandez,M5590XHE,Mendoza
10733,Jose Lucero,M5590XHF,Mendoza
10734,Jose R Molina,M5590XHG,Mendoza
10735,Jose Sosa,M5594XBX,Mendoza
10736,Jose Suarez,M5590XHH,Mendoza
10737,Juan B Dufau,M5590XHI,Mendoza
10738,Juan H Ortiz,M5590XHJ,Mendoza
10739,Juan Millan,M5590XHK,Mendoza
10740,Juan Zapata,M5590XHL,Mendoza
10741,Julio Comeglio,M5590XCX,Mendoza
10743,Junta de la Vaina,M5613XCL,Mendoza
10744,Junta de los Rios,M5590XCY,Mendoza
10745,Kilometro 1013,M5535XAM,Mendoza
10746,Kilometro 1032,M5535XAF,Mendoza
10747,Kilometro 1085,M5549XAS,Mendoza
10748,Kilometro 43,M5535XAG,Mendoza
10749,Kilometro 47,M5624XAA,Mendoza
10750,Kilometro 55,M5549XAT,Mendoza
10751,Kilometro 56,M5620XAA,Mendoza
10752,Kilometro 84,M5634XAO,Mendoza
10753,Kilometro 882,M5620XAB,Mendoza
10754,Kilometro 884,M5634XAA,Mendoza
10755,Kilometro 935 Desvio Fcgsm,M5590XGE,Mendoza
10756,Kilometro 947,M5594XBY,Mendoza
10757,L del Aguero,M5594XBZ,Mendoza
10758,L Perez,M5594XAI,Mendoza
10759,L Prado,M5569XDR,Mendoza
10760,La Adelina,M5634XAB,Mendoza
10761,La Angelina,M5594XAJ,Mendoza
10762,La Angostura,M5539XBQ,Mendoza
10763,La Arboleda,M5561XAC,Mendoza
10764,La Argentina,M5594XAK,Mendoza
10765,La Bajada,M5535XAH,Mendoza
10766,La Bandera,M5592XAB,Mendoza
10767,La Barda Cortada,M5613XCN,Mendoza
10768,La Batra,M5613XAT,Mendoza
10769,La Boveda,M5539XBR,Mendoza
10770,La Caldenada,M5634XAP,Mendoza
10771,La California,M5621XAD,Mendoza
10772,La Cañada,M5567XAA,Mendoza
10773,La Carrera,M5561XAJ,Mendoza
10774,La Carusina,M5600XAT,Mendoza
10775,La Casa del Tigre,M5539XBS,Mendoza
10776,La Cautiva,M5590XDA,Mendoza
10777,La Celia,M5535XAI,Mendoza
10779,La Chapina,M5590XDB,Mendoza
10780,La Chilca,M5595XAI,Mendoza
10781,La Chimba,M5589XAB,Mendoza
10782,La Chuna,M5595XAG,Mendoza
10783,La Cienaguita,M5594XAL,Mendoza
10784,La Clarita,M5594XAM,Mendoza
10785,La Cola,M5590XDC,Mendoza
10787,La Colonia Sud,M5594XCK,Mendoza
10789,La Corona,M5634XAE,Mendoza
10790,La Cortadera,M5613XCO,Mendoza
10791,La Costa,M5596XAA,Mendoza
10792,La Divisoria,M5549XAW,Mendoza
10795,La Esperanza,M5533XBI,Mendoza
10796,La Esquina,M5590XDD,Mendoza
10797,La Estacada,M5560XBS,Mendoza
10798,La Estancia,M5590XDE,Mendoza
10799,La Estrechura,M5613XCP,Mendoza
10800,La Excavacion,M5537XAQ,Mendoza
10801,La Favorita,M5591XAG,Mendoza
10802,La Florida,M5594XAN,Mendoza
10803,La Fortuna,M5533XBJ,Mendoza
10804,La Fundicion,M5539XBT,Mendoza
10805,La Guevarina,M5622XAD,Mendoza
10806,La Holanda,M5533XBK,Mendoza
10807,La Horqueta,M5539XBU,Mendoza
10808,La Hullera,M5549XAA,Mendoza
10809,La Isla,M5590XHN,Mendoza
10810,La Isla Chica,M5585XAD,Mendoza
10811,La Isla Grande,M5585XAE,Mendoza
10812,La Jacintita,M5591XAE,Mendoza
10813,La Jacinto,M5594XAO,Mendoza
10814,La Jaula,M5600XAU,Mendoza
10815,La Junta,M5613XCQ,Mendoza
10816,La Lagunita,M5594XCA,Mendoza
10817,La Lata,M5600XBT,Mendoza
10818,La Leona,M5590XHO,Mendoza
10820,La Llave,M5603XAE,Mendoza
10821,La Llave Nueva,M5600XBP,Mendoza
10822,La Llave Vieja,M5603XAJ,Mendoza
10823,La Lunina,M5634XAF,Mendoza
10824,La Marzolina,M5632XAB,Mendoza
10825,La Mina del Peceño,M5600XBQ,Mendoza
10826,La Montilla,M5634XAC,Mendoza
10827,La Mora,M5636XAE,Mendoza
10828,La Negrita,M5613XCR,Mendoza
10829,La Palmera,M5533XAE,Mendoza
10830,La Pastoral,M5582XBF,Mendoza
10832,La Pega,M5533XAF,Mendoza
10833,La Picarona,M5600XAV,Mendoza
10834,La Picasa,M5600XBR,Mendoza
10835,La Picaza,M5569XAK,Mendoza
10836,La Pichana,M5600XBS,Mendoza
10837,La Pirata,M5553XAD,Mendoza
10838,La Pomona,M5620XAD,Mendoza
10839,La Porteña,M5594XCB,Mendoza
10840,La Primavera,M5565XAB,Mendoza
10841,La Quebrada,M5622XAE,Mendoza
10842,La Salinilla,M5613XCS,Mendoza
10843,La Seña,M5634XAG,Mendoza
10844,La Sirena,M5579XAC,Mendoza
10845,La Sombrilla,M5594XCC,Mendoza
10846,La Toma,M5563XAC,Mendoza
10847,La Tosca,M5600XAW,Mendoza
10848,La Valenciana,M5611XAM,Mendoza
10849,La Varita,M5634XAQ,Mendoza
10850,La Vasconia,M5623XAC,Mendoza
10851,La Verde,M5582XAO,Mendoza
10852,La Yesera,M5613XCT,Mendoza
10853,Ladislao,M5590XHT,Mendoza
10854,Ladislao Campos,M5590XHP,Mendoza
10855,Laguna de Guanacache,M5535XAS,Mendoza
10856,Laguna del Rosario,M5535XAJ,Mendoza
10857,Laguna Negra,M5613XCU,Mendoza
10858,Laguna Salada,M5613XCV,Mendoza
10859,Lagunita,M5527XAD,Mendoza
10860,Las Arabias,M5594XCD,Mendoza
10862,Las Canteras,M5539XEK,Mendoza
10863,Las Carditas,M5549XAL,Mendoza
10865,Las Chacras,M5613XAU,Mendoza
10866,Las Chacritas,M5549XAU,Mendoza
10867,Las Colonias,M5509XAG,Mendoza
10869,Las Compuertas Negras,M5632XAG,Mendoza
10870,Las Cortaderas,M5545XAI,Mendoza
10871,Las Cruces,M5537XAR,Mendoza
10872,Las Cuevas,M5557XAB,Mendoza
10873,Las Delicias,M5533XAG,Mendoza
10874,Las Gateadas,M5533XAR,Mendoza
10875,Las Gatitas,M5594XCE,Mendoza
10877,Las Juntas,M5613XAV,Mendoza
10878,Las Loicas,M5613XDQ,Mendoza
10880,Las Minas,M5569XAL,Mendoza
10882,Las Peñas,M5569XAM,Mendoza
10883,Las Pintadas,M5560XBI,Mendoza
10884,Las Rajaduras,M5594XCF,Mendoza
10885,Las Rosas,M5560XBP,Mendoza
10886,Las Taguas,M5613XBD,Mendoza
10887,Las Torrecitas,M5560XBQ,Mendoza
10888,Las Totoritas,M5591XAD,Mendoza
10889,Las Vayas,M5594XCG,Mendoza
10890,Las Vegas,M5613XBE,Mendoza
10891,Las Violetas,M5569XAF,Mendoza
10892,Las Viscacheras,M5590XAP,Mendoza
10893,Las Vistas,M5590XHS,Mendoza
10894,Las Vizcachas,M5590XBC,Mendoza
10895,Las Yeguas,M5613XDR,Mendoza
10896,Lezcano,M5594XCH,Mendoza
10897,Limon,M5533XAB,Mendoza
10898,Lino Perez,M5590XHR,Mendoza
10899,Lira,M5594XCI,Mendoza
10900,Lisandro Escudero,M5590XDM,Mendoza
10901,Llano Blanco,M5611XBH,Mendoza
10902,Lola Mora,M5582XAH,Mendoza
10903,Loma Alta,M5569XAN,Mendoza
10904,Loma Chata,M5560XBJ,Mendoza
10905,Loma Colorada,M5539XEL,Mendoza
10906,Loma de los Burros,M5539XEH,Mendoza
10907,Loma del Cerro Aspero,M5569XAH,Mendoza
10908,Loma del Chañar,M5594XCJ,Mendoza
10909,Loma del Medio,M5569XDS,Mendoza
10910,Loma Extendida,M5613XDS,Mendoza
10911,Loma Jaguel del Gaucho,M5613XBF,Mendoza
10912,Loma Negra,M5569XDU,Mendoza
10913,Loma Negra Grande,M5569XDT,Mendoza
10914,Loma Pelada,M5569XDV,Mendoza
10915,Loma Sola,M5539XEM,Mendoza
10916,Lomas Altas,M5613XDT,Mendoza
10917,Lomas Bayas,M5539XEI,Mendoza
10918,Lomas Blancas,M5594XAP,Mendoza
10919,Lomas Chicas,M5613XDU,Mendoza
10920,Lomas Coloradas,M5594XAQ,Mendoza
10921,Lomita Larga,M5569XDW,Mendoza
10922,Lomita Morada,M5569XDX,Mendoza
10923,Lonco Vacas,M5613XDV,Mendoza
10924,Los Ahumados,M5582XAQ,Mendoza
10925,Los Alamos,M5569XFL,Mendoza
10926,Los Algarrobos,M5590XAQ,Mendoza
10927,Los Algodones,M5537XAE,Mendoza
10928,Los Altamiques,M5590XDN,Mendoza
10929,Los Amarillos,M5634XAH,Mendoza
10930,Los Angeles,M5634XAR,Mendoza
10931,Los Arboles,M5563XAE,Mendoza
10932,Los Arroyos,M5611XAJ,Mendoza
10933,Los Baldes,M5537XAC,Mendoza
10934,Los Barriales,M5613XDW,Mendoza
10935,Los Blancos,M5537XAF,Mendoza
10936,Los Britos,M5611XBP,Mendoza
10937,Los Burgos,M5590XDO,Mendoza
10938,Los Campamentos,M5634XAS,Mendoza
10939,Los Carrizales,M5613XDX,Mendoza
10940,Los Chacayes,M5539XBV,Mendoza
10941,Los Claveles,M5600XAZ,Mendoza
10942,Los Colados,M5613XDY,Mendoza
10943,Los Colorados,M5590XDP,Mendoza
10944,Los Cometierras,M5560XBK,Mendoza
10946,Los Corrales,M5621XAS,Mendoza
10947,Los Corralitos,M5527XAA,Mendoza
10948,Los Corredores,M5521XAA,Mendoza
10949,Los Embarques,M5595XAE,Mendoza
10950,Los Eucaliptos,M5582XBI,Mendoza
10951,Los Filtros,M5505XAC,Mendoza
10952,Los Horconcitos,M5590XDQ,Mendoza
10953,Los Huarpes,M5634XAX,Mendoza
10954,Los Medanos Negros,M5594XAR,Mendoza
10955,Los Molles,M5611XAB,Mendoza
10956,Los Moros,M5594XAS,Mendoza
10957,Los Olmos,M5571XAB,Mendoza
10958,Los Otoyanes,M5579XAA,Mendoza
10959,Los Papagayos,M5549XAV,Mendoza
10960,Los Paramillos,M5569XFM,Mendoza
10961,Los Parlamentos,M5611XBK,Mendoza
10962,Los Patos,M5600XBA,Mendoza
10963,Los Pejecitos,M5600XBB,Mendoza
10964,Los Pejes,M5603XAF,Mendoza
10965,Los Penitentes,M5553XAE,Mendoza
10966,Los Pozos,M5613XCW,Mendoza
10967,Los Ralos,M5537XAG,Mendoza
10968,Los Ramblones,M5611XAY,Mendoza
10969,Los Repuntes,M5600XBC,Mendoza
10970,Los Reyunos,M5615XAA,Mendoza
10971,Los Roseti,M5590XDS,Mendoza
10972,Los Sauces,M5537XAL,Mendoza
10973,Los Sauces Lavalle,M5560XAM,Mendoza
10974,Los Tamarindos,M5539XDG,Mendoza
10975,Los Terneros,M5600XAX,Mendoza
10976,Los Tolditos,M5600XBD,Mendoza
10977,Los Tordillos,M5582XAR,Mendoza
10978,Los Toscales,M5569XCZ,Mendoza
10979,Los Verdes,M5594XAT,Mendoza
10980,Los Villegas,M5590XDL,Mendoza
10981,Los Yaullines,M5533XAT,Mendoza
10982,Los Yoles,M5594XAU,Mendoza
10983,Lotes de Gaviola,M5507XAG,Mendoza
10984,Luanco,M5611XAK,Mendoza
10985,Lucas Donaire,M5590XDH,Mendoza
10986,Luis Marquez,M5590XDI,Mendoza
10990,M Escudero,M5590XDJ,Mendoza
10991,M Quiroga,M5590XDK,Mendoza
10993,Malal del Medio,M5611XAZ,Mendoza
10995,Mallin Quemado,M5613XCX,Mendoza
10996,Maquinista Levet,M5590XAR,Mendoza
10997,Maravilla,M5590XDT,Mendoza
10998,Maria Garcia,M5590XDU,Mendoza
10999,Maria Luisa,M5563XAB,Mendoza
11000,Maria Viuda de Donaire,M5590XDV,Mendoza
11001,Mario Olguin,M5590XDW,Mendoza
11002,Marquez Escuela117,M5517XAB,Mendoza
11003,Masa,M5582XAT,Mendoza
11004,Matancilla,M5613XCY,Mendoza
11005,Matheu Norte,M5543XAB,Mendoza
11006,Matias Garro,M5590XDX,Mendoza
11007,Matoncilla,M5611XBA,Mendoza
11008,Maturana,M5594XCM,Mendoza
11009,Mauricio Calderon,M5590XDY,Mendoza
11011,Maza,M5517XAC,Mendoza
11012,Mechanquil,M5613XCZ,Mendoza
11013,Mechenguil,M5613XAK,Mendoza
11014,Medanos Colorados,M5636XAC,Mendoza
11015,Medardo Miranda,M5590XDZ,Mendoza
11016,Media Luna,M6279XAA,Mendoza
11018,Meliton Campos,M5594XCN,Mendoza
11019,Melocoton,M5565XAA,Mendoza
11021,Meseta Colorada,M5569XFN,Mendoza
11022,Miguez,M5594XCO,Mendoza
11023,Mina Argentina,M5613XDA,Mendoza
11024,Mina Ethel,M5613XDB,Mendoza
11025,Mina Huemul,M5613XAG,Mendoza
11026,Mina Santa Cruz,M5613XAB,Mendoza
11027,Mina Volcan Overo,M5569XFI,Mendoza
11028,Minacar,M5613XAL,Mendoza
11029,Minas de Petroleo,M5509XAE,Mendoza
11030,Minas del Nevado,M5605XAA,Mendoza
11031,Minas el Sosneado,M5600XAL,Mendoza
11032,Minas Salagasta,M5545XAE,Mendoza
11034,Mojon Ocho,M5636XAI,Mendoza
11035,Molino,M5613XAC,Mendoza
11036,Moluches,M5535XAO,Mendoza
11037,Monte Bayo,M5539XBW,Mendoza
11040,Monumento al Ejercito de los a,M5539XBX,Mendoza
11041,Moron Chico,M5594XCP,Mendoza
11042,Moron Viejo,M5594XCQ,Mendoza
11043,Morro del Cuero,M5569XFJ,Mendoza
11044,Mosmota,M5590XEA,Mendoza
11045,Moyano,M5543XAK,Mendoza
11047,N Zapata,M5594XCR,Mendoza
11048,Ñacuñan,M5595XAB,Mendoza
11049,Ñancuñan,M5595XAH,Mendoza
11050,Natalia Donaire,M5590XAG,Mendoza
11051,Navarro,M5594XCS,Mendoza
11052,Necto Sosa,M5590XAF,Mendoza
11053,Negro Quemado,M5623XAD,Mendoza
11054,Nestor Aguilera,M5590XAH,Mendoza
11055,Nicolas Ordoñez,M5590XAA,Mendoza
11056,Nihuil,M5605XAD,Mendoza
11057,Nire Co,M5611XAA,Mendoza
11059,Ochenta y Cuatro,M5633XAA,Mendoza
11060,Ojo de Agua,M5611XAL,Mendoza
11061,Onotre Puebla,M5590XAB,Mendoza
11062,Ovejeria,M5637XAA,Mendoza
11063,P Planchon,M5613XAD,Mendoza
11064,P Rosales,M5594XDU,Mendoza
11065,P San Ignacio,M5539XFH,Mendoza
11066,Pachango,M5579XAE,Mendoza
11069,Pampa Amarilla,M5613XAM,Mendoza
11070,Pampa de las Yaretas,M5569XEI,Mendoza
11071,Pampa de los Bayos,M5569XFK,Mendoza
11072,Pampa del Salado,M5535XAN,Mendoza
11073,Pampa del Tigre,M5637XAD,Mendoza
11074,Pampa Yalguaraz,M5539XFI,Mendoza
11075,Pampita Embarcadero Fcgsm,M5598XAA,Mendoza
11076,Panquehua,M5539XBH,Mendoza
11077,Papagayo,M5569XAG,Mendoza
11078,Paradero la Superiora,M5525XAD,Mendoza
11079,Paramillo,M5533XAW,Mendoza
11080,Paramillo de las Vacas,M5500XAC,Mendoza
11082,Pascual Sosa,M5590XAC,Mendoza
11083,Paso de las Canoas,M5590XAD,Mendoza
11084,Paso de las Carretas,M5569XEG,Mendoza
11085,Paso de los Andes,M5505XAB,Mendoza
11086,Paso de los Gauchos,M5636XAJ,Mendoza
11087,Paso del Cisne,M5533XAU,Mendoza
11088,Paso Hondo,M5541XAA,Mendoza
11089,Paso los Palos,M5560XBL,Mendoza
11090,Pata Mora,M5613XAE,Mendoza
11092,Paulino Matura,M5590XAE,Mendoza
11093,Payun,M5613XAF,Mendoza
11095,Pedro Castelu,M5590XEC,Mendoza
11096,Pedro Pablo Perez,M5590XED,Mendoza
11098,Peña,M5594XDV,Mendoza
11100,Petroleo,M5549XAI,Mendoza
11102,Pichi Ciego Estacion Fcgsm,M5594XCL,Mendoza
11103,Picos Bayos,M5569XEH,Mendoza
11104,Piedra de Afilar,M5615XAB,Mendoza
11105,Piedras Blancas,M5569XAB,Mendoza
11106,Pircas de Osorio,M5569XEJ,Mendoza
11107,Pirquita Embarcadero Fcgsm,M5590XAS,Mendoza
11108,Plaza de Mulas,M5500XAD,Mendoza
11109,Po Alvarado Norte,M5569XFV,Mendoza
11110,Po Alvarado Sur,M5569XFW,Mendoza
11111,Po Amarillo,M5569XFX,Mendoza
11112,Po de Contrabandista,M5539XBY,Mendoza
11113,Po de la Cumbre,M5539XBZ,Mendoza
11114,Po de la Quebrada Honda,M5539XCA,Mendoza
11115,Po de los Escalones,M5569XFY,Mendoza
11116,Po del Huanaco,M5613XAH,Mendoza
11117,Po del Rubio,M5539XCB,Mendoza
11118,Po Maipu,M5569XFZ,Mendoza
11119,Po Mallan,M5613XAI,Mendoza
11120,Po Pehuenche,M5613XAJ,Mendoza
11121,Po Valle Hermoso,M5539XCC,Mendoza
11122,Polvaredas,M5551XAA,Mendoza
11123,Ponce,M5594XDW,Mendoza
11124,Portezuelo Choique,M5613XDC,Mendoza
11125,Portillo Agua de Toro,M5545XAB,Mendoza
11126,Portillo Canales,M5569XEM,Mendoza
11127,Portillo Cruz de Piedra,M5569XGA,Mendoza
11128,Portillo de Colina,M5569XEK,Mendoza
11129,Portillo de Indio,M5539XES,Mendoza
11130,Portillo de la G  del Camino,M5569XEL,Mendoza
11131,Portillo de la Lagrima Viva,M5539XET,Mendoza
11132,Portillo de la Yesera,M5569XDA,Mendoza
11133,Portillo de las Cabezas,M5569XBW,Mendoza
11134,Portillo de las Vacas,M5539XCD,Mendoza
11135,Portillo de Lomas Coloradas,M5539XEQ,Mendoza
11136,Portillo de Pinquenes,M5560XBM,Mendoza
11137,Portillo del Diablo,M5560XBN,Mendoza
11138,Portillo del Medio,M5539XCE,Mendoza
11139,Portillo del Norte,M5539XCF,Mendoza
11140,Portillo del Papal,M5569XBX,Mendoza
11141,Portillo del Tigre,M5539XCG,Mendoza
11142,Portillo del Viento,M5569XBY,Mendoza
11143,Portillo la Pampa,M5539XEP,Mendoza
11144,Portillo Occidental del Bayo,M5569XBZ,Mendoza
11145,Portillo Pedernales,M5569XCA,Mendoza
11146,Portillo Quemado,M5539XER,Mendoza
11147,Posta de Hierro,M5621XAJ,Mendoza
11148,Poste de Fierro,M5621XAV,Mendoza
11150,Potrero San Pablo,M5560XBO,Mendoza
11152,Progreso,M5535XAP,Mendoza
11153,Pta del Agua Vieja,M5600XAM,Mendoza
11154,Pto los Amarillos,M5636XAB,Mendoza
11155,Pueblo Diamante,M5600XBE,Mendoza
11157,Pueblo Luna,M5632XAC,Mendoza
11158,Pueblo Soto,M5600XBF,Mendoza
11159,Puente del Inca,M5555XAA,Mendoza
11160,Puente Viejo,M5590XEE,Mendoza
11161,Puerta de la Isla,M5590XAT,Mendoza
11162,Puerto Hortensa,M5533XAV,Mendoza
11163,Puerto Rincon Escalona,M5613XBH,Mendoza
11164,Puesta el Cavado,M5600XAN,Mendoza
11165,Puesto a Martinez,M5569XGI,Mendoza
11166,Puesto Agua Amarga,M5613XEG,Mendoza
11167,Puesto Agua de la Liebre,M5600XAO,Mendoza
11168,Puesto Agua de la Merina,M5613XBA,Mendoza
11169,Puesto Agua de la Zorra,M5569XGJ,Mendoza
11170,Puesto Agua de Zanjon,M5539XEU,Mendoza
11171,Puesto Agua del Medano,M5600XAP,Mendoza
11172,Puesto Alfarfa,M5561XAD,Mendoza
11173,Puesto Algarrobo Grande,M5533XBL,Mendoza
11174,Puesto Atamisqui,M5613XEF,Mendoza
11175,Puesto Canales,M5569XCB,Mendoza
11176,Puesto Carrizalito,M5539XCK,Mendoza
11177,Puesto Chambon,M5539XEV,Mendoza
11178,Puesto de Garro,M5590XEF,Mendoza
11179,Puesto de la Corona,M5636XAK,Mendoza
11180,Puesto de la Salada,M5569XGK,Mendoza
11181,Puesto de las Carretas,M5590XEG,Mendoza
11182,Puesto de las Tropas,M5590XEH,Mendoza
11183,Puesto de Olguin,M5590XEI,Mendoza
11184,Puesto de Orozco,M5590XEJ,Mendoza
11185,Puesto de Petra,M5590XEK,Mendoza
11186,Puesto de Sosa,M5590XEL,Mendoza
11187,Puesto del Buen Pastor,M5636XAL,Mendoza
11188,Puesto del Chañacal,M5590XAI,Mendoza
11189,Puesto el Carrizalito,M5569XCC,Mendoza
11190,Puesto el Jagual,M5569XGL,Mendoza
11191,Puesto el Jilguero,M5600XAQ,Mendoza
11192,Puesto el Manzano,M5560XBC,Mendoza
11193,Puesto el Peral,M5539XCI,Mendoza
11194,Puesto el Pichon,M5533XBM,Mendoza
11195,Puesto el Retamito,M5590XAK,Mendoza
11196,Puesto el Totoral,M5539XEW,Mendoza
11197,Puesto el Trueno,M5594XDX,Mendoza
11198,Puesto Escondido,M5539XCH,Mendoza
11199,Puesto F Tello,M5569XDY,Mendoza
11200,Puesto Garcia,M5594XDY,Mendoza
11201,Puesto Gendarmeria Nacional Po,M5613XEE,Mendoza
11202,Puesto Gentile,M5611XAI,Mendoza
11203,Puesto Guamparito,M5539XEX,Mendoza
11204,Puesto Horqueta,M5569XDZ,Mendoza
11205,Puesto Isla Chañar,M5435XAA,Mendoza
11206,Puesto J Alvarez,M5569XEA,Mendoza
11207,Puesto J Castro,M5569XCD,Mendoza
11208,Puesto la Cachaca,M5613XDO,Mendoza
11209,Puesto la Caldenada,M5621XAG,Mendoza
11210,Puesto la Costa,M5582XBT,Mendoza
11211,Puesto la Florida,M5582XAS,Mendoza
11212,Puesto la Gruta,M5539XEZ,Mendoza
11213,Puesto la Hortensia,M5537XAS,Mendoza
11214,Puesto la Invernada,M5613XBP,Mendoza
11215,Puesto la Jarilla,M5507XAC,Mendoza
11216,Puesto la Jerilla,M5561XAE,Mendoza
11217,Puesto la Mojada,M5539XFA,Mendoza
11218,Puesto la Negrita,M5613XDP,Mendoza
11219,Puesto la Niebla,M5613XDM,Mendoza
11220,Puesto la Porteña,M5613XDN,Mendoza
11221,Puesto la Seña,M5636XAF,Mendoza
11222,Puesto la Suiza,M5613XBN,Mendoza
11223,Puesto la Tosca,M5560XBD,Mendoza
11224,Puesto la Ventana,M5613XEH,Mendoza
11225,Puesto las Aguadas,M5569XEB,Mendoza
11226,Puesto las Cortaderas,M5569XEC,Mendoza
11227,Puesto las Higueras,M5539XFB,Mendoza
11228,Puesto las Juntitas,M5582XAU,Mendoza
11229,Puesto las Pichanas,M5582XAV,Mendoza
11230,Puesto las Puntanas,M5600XAR,Mendoza
11231,Puesto las Viboras,M5582XAW,Mendoza
11232,Puesto Lorca,M5594XDZ,Mendoza
11233,Puesto Loreto,M5621XAT,Mendoza
11234,Puesto los Alojamientos,M5539XCL,Mendoza
11235,Puesto los Causes,M5582XAX,Mendoza
11236,Puesto los Chañares,M5435XAB,Mendoza
11237,Puesto los Gauchos,M5582XAY,Mendoza
11238,Puesto los Pajaritos,M5539XEY,Mendoza
11239,Puesto los Ramblones,M5569XED,Mendoza
11240,Puesto Luffi,M5569XCE,Mendoza
11241,Puesto Luna,M5569XAS,Mendoza
11242,Puesto Lunina,M5621XAH,Mendoza
11243,Puesto Mallin,M5569XAT,Mendoza
11244,Puesto Malo,M5613XDZ,Mendoza
11245,Puesto Manga de Arriba,M5569XEE,Mendoza
11246,Puesto Manzanito,M5560XBE,Mendoza
11247,Puesto Marfil,M5611XAQ,Mendoza
11248,Puesto Mironda,M5560XBF,Mendoza
11249,Puesto Nieves Negras,M5569XEF,Mendoza
11250,Puesto Nueras,M5590XAJ,Mendoza
11251,Puesto Ojo de Agua,M5569XAU,Mendoza
11252,Puesto P Miranda,M5569XCF,Mendoza
11253,Puesto P Montriel,M5569XAV,Mendoza
11254,Puesto Punta del Agua,M5569XCG,Mendoza
11255,Puesto Quemado,M5435XAE,Mendoza
11256,Puesto Quiroga,M5569XCH,Mendoza
11257,Puesto Rancho de la Pampa,M5582XAE,Mendoza
11258,Puesto Rincon de la Pampa,M5569XAW,Mendoza
11259,Puesto Rincon del Sauce,M5613XBO,Mendoza
11260,Puesto Rincon Escalona,M5611XAW,Mendoza
11261,Puesto Riquitipanche,M5539XCM,Mendoza
11262,Puesto s Perez,M5569XCI,Mendoza
11263,Puesto San Jose,M5582XAZ,Mendoza
11264,Puesto San Miguel,M5582XBB,Mendoza
11265,Puesto San Vicente,M5594XEA,Mendoza
11266,Puesto Santa Clara de Arriba,M5539XCJ,Mendoza
11267,Puesto Santa Maria,M5560XBG,Mendoza
11268,Puesto Seco,M5569XAX,Mendoza
11269,Puesto Sosa,M5569XAY,Mendoza
11270,Puesto Ultima Aguada,M5569XCJ,Mendoza
11271,Puesto Vega,M5582XBA,Mendoza
11272,Puesto Viuda de Estrella,M5569XAZ,Mendoza
11273,Puesto Vuelta del Zanjon,M5636XAG,Mendoza
11274,Puesto Zampal,M5590XAL,Mendoza
11275,Punta de Vacas,M5553XAB,Mendoza
11277,Punta del Canal,M5594XEB,Mendoza
11278,Puntos de Agua,M5590XAM,Mendoza
11279,Quircaco,M5613XCF,Mendoza
11280,R Barri,M5569XCK,Mendoza
11281,R Bebedera,M5590XAN,Mendoza
11282,R Bustos,M5594XCT,Mendoza
11284,Ramblon,M5435XAD,Mendoza
11285,Ramblon de la Pampa,M5590XAO,Mendoza
11286,Ramblon de los Chilenos,M5533XBN,Mendoza
11287,Ramblon Grande,M5590XEM,Mendoza
11288,Ramon Donaire,M5590XEN,Mendoza
11289,Ramon Gimenez,M5590XEO,Mendoza
11290,Ranchitos,M5613XAO,Mendoza
11291,Ranquil Norte,M5611XAC,Mendoza
11292,Ranquilco Pozos Petroliferos,M5613XAP,Mendoza
11293,Real Bayo,M5569XGT,Mendoza
11294,Real de Moyano,M5569XGU,Mendoza
11295,Real del Colorado,M5569XGV,Mendoza
11296,Real del Leon,M5569XGW,Mendoza
11298,Real del Pelambre,M5569XGX,Mendoza
11299,Real Escondido,M5569XBA,Mendoza
11300,Real Loma Blanca,M5569XGY,Mendoza
11301,Real Piedra Horadada,M5569XBB,Mendoza
11302,Real Primer Rio,M5569XBC,Mendoza
11303,Real Rincon de las Ovejas,M5569XBD,Mendoza
11304,Recoaro,M5596XAB,Mendoza
11306,Refugio la Faja,M5569XBE,Mendoza
11307,Refugio Militar Gral Alvarado,M5613XBB,Mendoza
11308,Refugio Vialidad,M5569XBF,Mendoza
11309,Regino Ojeda,M5590XEP,Mendoza
11310,Reina,M5584XAB,Mendoza
11312,Resurreccion,M5535XAQ,Mendoza
11313,Retamo,M5590XAU,Mendoza
11314,Retamo Partido,M5590XEQ,Mendoza
11315,Reyes,M5589XAC,Mendoza
11316,Ricardo Videla,M5582XAD,Mendoza
11317,Rincon Chico,M5613XCG,Mendoza
11318,Rincon de Correa,M5611XAS,Mendoza
11319,Rincon de la Ramada Chato,M5613XCH,Mendoza
11320,Rincon del Atuel,M5603XAH,Mendoza
11321,Rincon Escondido,M5613XCI,Mendoza
11322,Rincon Huaiquerias,M5569XBG,Mendoza
11323,Rio Barrancas,M5613XAW,Mendoza
11324,Rio Blanco,M5553XAC,Mendoza
11325,Rio Chico,M5613XAX,Mendoza
11326,Rio Grande,M5613XAY,Mendoza
11328,Rivas,M5569XGZ,Mendoza
11329,Roberts,M5582XBU,Mendoza
11332,Rodeo Grande,M5539XCN,Mendoza
11334,Rodriguez,M5594XCU,Mendoza
11336,Rosario Gatica,M5590XER,Mendoza
11337,Rufino Gomez,M5590XES,Mendoza
11338,Ruiz Huidobro,M5560XAN,Mendoza
11340,Ruta 7 Kilometro 1014,M5582XBH,Mendoza
11341,S Cortis,M5590XAX,Mendoza
11342,S Estrella,M5569XHA,Mendoza
11343,Salinas el Diamante,M5605XAB,Mendoza
11345,San Alberto,M5545XAC,Mendoza
11346,San Antonio,M5590XAY,Mendoza
11349,San Ignacio,M5549XAJ,Mendoza
11350,San Jose,M5535XAR,Mendoza
11353,San Miguel,M5537XAH,Mendoza
11354,San Pablo,M5563XAF,Mendoza
11355,San Pedro,M5594XCV,Mendoza
11356,San Pedro del Atuel,M5621XAB,Mendoza
11359,Sanchez de Bustamante,M5539XDM,Mendoza
11360,Santa Ana,M5594XCW,Mendoza
11362,Santa Clara,M5561XAF,Mendoza
11363,Santa Elena,M5539XCP,Mendoza
11364,Santa Maria,M5594XCX,Mendoza
11366,Santa Marta,M5533XAX,Mendoza
11369,Santiago Romero,M5590XBA,Mendoza
11370,Santo Domingo,M5594XCY,Mendoza
11371,Sarmiento,M5513XAA,Mendoza
11372,Saturnino Romero,M5590XBB,Mendoza
11373,Serviliano Ojeda,M5590XEY,Mendoza
11374,Sierra Ansilta,M5539XFC,Mendoza
11375,Sierra de las Higueras,M5545XAJ,Mendoza
11376,Sierra del Tontal,M5539XEN,Mendoza
11377,Sixto Ledesma,M5590XEX,Mendoza
11378,Soitue,M5623XAA,Mendoza
11379,Sopanta,M5591XAC,Mendoza
11380,T Orozco,M5594XCZ,Mendoza
11381,Tabanera,M5607XAD,Mendoza
11382,Talquenca,M5594XDA,Mendoza
11383,Tambito,M5621XAC,Mendoza
11384,Tapera de los Viejos,M5613XBC,Mendoza
11385,Tapera Negra,M5582XBD,Mendoza
11386,Tapon,M5598XAB,Mendoza
11387,Teodoro Garro,M5590XEZ,Mendoza
11388,Teodoro Villaruel,M5590XFA,Mendoza
11389,Teofila Acevedo,M5590XFB,Mendoza
11390,Teofilo Ruben,M5590XET,Mendoza
11391,Teofilo Zapata,M5590XEU,Mendoza
11392,Teresa B de Tittarelli,M5589XAA,Mendoza
11393,Termas Villavicencio,M5545XAH,Mendoza
11394,Tierras Blancas,M5569XAC,Mendoza
11395,Tila,M5590XEV,Mendoza
11396,Tilio Alcaraz,M5590XEW,Mendoza
11397,Tomas Mercado,M5590XFC,Mendoza
11398,Toscal del Toro,M5613XCJ,Mendoza
11399,Totoral,M5560XAO,Mendoza
11400,Travesia,M5590XFD,Mendoza
11401,Tres Acequias,M5585XAA,Mendoza
11402,Tres Banderas,M5517XAF,Mendoza
11405,Trino Rosaleso,M5590XFE,Mendoza
11406,Tropero Sosa,M5539XDN,Mendoza
11407,Tte Benjamin Matienzo,M5539XDO,Mendoza
11408,Tulumaya,M5533XAZ,Mendoza
11412,Urisa,M5594XDB,Mendoza
11414,V N de Cochiquita,M5613XCK,Mendoza
11415,Valle de las Leñas,M5612XAA,Mendoza
11416,Valle de Uspallata,M5545XAF,Mendoza
11417,Valle Hermoso,M5587XAA,Mendoza
11418,Vega de los Burros,M5539XCS,Mendoza
11419,Vega de Praso,M5569XHC,Mendoza
11420,Vega Ferraina,M5549XAX,Mendoza
11421,Vegas de las Ovejas,M5569XHD,Mendoza
11422,Vegas de los Corrales de Araya,M5539XCT,Mendoza
11423,Vergel,M5527XAC,Mendoza
11424,Vicente Muñoz,M5590XFF,Mendoza
11425,Vicente Peletay,M5590XFG,Mendoza
11426,Villa Antigua,M5590XAV,Mendoza
11429,Villa Catala,M5596XAC,Mendoza
11430,Villa Centenario,M5570XAB,Mendoza
11431,Villa Comparto,M5620XAC,Mendoza
11432,Villa del Carmen,M5570XAC,Mendoza
11433,Villa Gaviola,M5507XAB,Mendoza
11435,Villa la Paz,M5591XAJ,Mendoza
11437,Villa Molino Orfila,M5571XAA,Mendoza
11439,Villa Rivadavia,M5577XAC,Mendoza
11440,Villa San Isidro,M5577XAD,Mendoza
11442,Villa Seca de Tunuyan,M5563XAG,Mendoza
11443,Villa Suava,M5523XAB,Mendoza
11445,Villa Vieja,M5590XBE,Mendoza
11446,Villas Unidas 25 de Mayo,M5519XAB,Mendoza
11447,Villavicencio,M5539XCU,Mendoza
11449,Vistalba,M5509XAF,Mendoza
11450,Viuda de Orozco,M5590XFH,Mendoza
11451,Viuda de Satelo,M5569XHB,Mendoza
11452,Volcan Maipu,M5569XHE,Mendoza
11453,Vra de las Vacas,M5539XEO,Mendoza
11454,Vuelta del Zanjon,M5634XAI,Mendoza
11455,Zanjon Amarillo,M5553XAF,Mendoza
11456,Zanon Canal,M5590XFI,Mendoza
11457,Zapata,M5560XBT,Mendoza