Locality,CPA,URL,City,State
Buchanan,B1903XAA,https://codigo-postal.co/argentina/cpa/B1903XAA/,Abasto,Buenos Aires
Abel,B6450XAA,https://codigo-postal.co/argentina/cpa/B6450XAA/,Abel,Buenos Aires
Barrio Obrero,B6450XAB,https://codigo-postal.co/argentina/cpa/B6450XAB/,Abel,Buenos Aires
Pueblo San Esteban,B6450XAD,https://codigo-postal.co/argentina/cpa/B6450XAD/,Abel,Buenos Aires
Rovira,B6450XAC,https://codigo-postal.co/argentina/cpa/B6450XAC/,Abel,Buenos Aires
Santa Cecilia Sud,B6450XAF,https://codigo-postal.co/argentina/cpa/B6450XAF/,Abel,Buenos Aires
Abra de Hinojo,B8170XAA,https://codigo-postal.co/argentina/cpa/B8170XAA/,Abra de Hinojo,Buenos Aires
Alta Vista,B8170XAB,https://codigo-postal.co/argentina/cpa/B8170XAB/,Abra de Hinojo,Buenos Aires
Ducos,B8170XAC,https://codigo-postal.co/argentina/cpa/B8170XAC/,Abra de Hinojo,Buenos Aires
Aceilan,B7003XAB,https://codigo-postal.co/argentina/cpa/B7003XAB/,Aceilan,Buenos Aires
Maria Ignacia,B7003XAA,https://codigo-postal.co/argentina/cpa/B7003XAA/,Aceilan,Buenos Aires
Aeropuerto Ezeiza,código postal es 1802,https://codigo-postal.co/argentina/buenos-aires/aeropuerto-ezeiza/,Aeropuerto Ezeiza,Buenos Aires
San Jose,B7203XAE,https://codigo-postal.co/argentina/cpa/B7203XAE/,Adrogue,Buenos Aires
Alamos,B6437XAE,https://codigo-postal.co/argentina/cpa/B6437XAE/,Alamos,Buenos Aires
Alfa,B6437XAF,https://codigo-postal.co/argentina/cpa/B6437XAF/,Alamos,Buenos Aires
Arroyo el Chingolo,B6437XAG,https://codigo-postal.co/argentina/cpa/B6437XAG/,Alamos,Buenos Aires
Arroyo Venado,B6437XAH,https://codigo-postal.co/argentina/cpa/B6437XAH/,Alamos,Buenos Aires
Colonia San Ramon,B6437XAA,https://codigo-postal.co/argentina/cpa/B6437XAA/,Alamos,Buenos Aires
El Nilo,B6435XAA,https://codigo-postal.co/argentina/cpa/B6435XAA/,Alamos,Buenos Aires
El Trebañon,B6437XAB,https://codigo-postal.co/argentina/cpa/B6437XAB/,Alamos,Buenos Aires
La Gregoria,B6437XAC,https://codigo-postal.co/argentina/cpa/B6437XAC/,Alamos,Buenos Aires
La Herminia,B6437XAD,https://codigo-postal.co/argentina/cpa/B6437XAD/,Alamos,Buenos Aires
Las Cuatro Hermanas,B6437XAI,https://codigo-postal.co/argentina/cpa/B6437XAI/,Alamos,Buenos Aires
Las Mercedes,B6437XAJ,https://codigo-postal.co/argentina/cpa/B6437XAJ/,Alamos,Buenos Aires
Las Tres Flores,B6437XAK,https://codigo-postal.co/argentina/cpa/B6437XAK/,Alamos,Buenos Aires
Santa Rita Pdo Guamini,B6437XAL,https://codigo-postal.co/argentina/cpa/B6437XAL/,Alamos,Buenos Aires
Albariño,B6405XAA,https://codigo-postal.co/argentina/cpa/B6405XAA/,Albariño,Buenos Aires
Corazzi,B6405XAB,https://codigo-postal.co/argentina/cpa/B6405XAB/,Albariño,Buenos Aires
Duhau,B6405XAC,https://codigo-postal.co/argentina/cpa/B6405XAC/,Albariño,Buenos Aires
Adela Saenz,B8129XAA,https://codigo-postal.co/argentina/cpa/B8129XAA/,Adela Saenz,Buenos Aires
Glorialdo,B8129XAB,https://codigo-postal.co/argentina/cpa/B8129XAB/,Adela Saenz,Buenos Aires
Aguara,B8105XAE,https://codigo-postal.co/argentina/cpa/B8105XAE/,Aguara,Buenos Aires
Colonia la Merced,B8105XAF,https://codigo-postal.co/argentina/cpa/B8105XAF/,Aguara,Buenos Aires
Kilometro 666,B8105XAB,https://codigo-postal.co/argentina/cpa/B8105XAB/,Aguara,Buenos Aires
Sauce Chico,B8105XAD,https://codigo-postal.co/argentina/cpa/B8105XAD/,Aguara,Buenos Aires
Colonia Inchausti,B6667XAA,https://codigo-postal.co/argentina/cpa/B6667XAA/,Agustin Mosconi,Buenos Aires
Islas,B6667XAB,https://codigo-postal.co/argentina/cpa/B6667XAB/,Agustin Mosconi,Buenos Aires
La Rabia,B6667XAC,https://codigo-postal.co/argentina/cpa/B6667XAC/,Agustin Mosconi,Buenos Aires
Martin Berraondo,B6667XAE,https://codigo-postal.co/argentina/cpa/B6667XAE/,Agustin Mosconi,Buenos Aires
Aguirrezabala,B2915XAB,https://codigo-postal.co/argentina/cpa/B2915XAB/,Aguirrezabala,Buenos Aires
La Esperanza,B2915XAC,https://codigo-postal.co/argentina/cpa/B2915XAC/,Aguirrezabala,Buenos Aires
Alastuey,B6703XAB,https://codigo-postal.co/argentina/cpa/B6703XAB/,Alastuey,Buenos Aires
Etchegoyen,B6703XAA,https://codigo-postal.co/argentina/cpa/B6703XAA/,Alastuey,Buenos Aires
Ruta 8 Kilometro 77,B6703XAC,https://codigo-postal.co/argentina/cpa/B6703XAC/,Alastuey,Buenos Aires
Villa Preceptor Manuel Cruz,B6703XAD,https://codigo-postal.co/argentina/cpa/B6703XAD/,Alastuey,Buenos Aires
Andres Vaccarezza,B6634XAB,https://codigo-postal.co/argentina/cpa/B6634XAB/,Alberti,Buenos Aires
Emita,B6634XAA,https://codigo-postal.co/argentina/cpa/B6634XAA/,Alberti,Buenos Aires
Larrea,B6634XAC,https://codigo-postal.co/argentina/cpa/B6634XAC/,Alberti,Buenos Aires
Alagon,B6463XAA,https://codigo-postal.co/argentina/cpa/B6463XAA/,Alagon,Buenos Aires
El Santiago,B6463XAB,https://codigo-postal.co/argentina/cpa/B6463XAB/,Alagon,Buenos Aires
Santa Cecilia Centro,B6463XAC,https://codigo-postal.co/argentina/cpa/B6463XAC/,Alagon,Buenos Aires
Adela,B7136XAA,https://codigo-postal.co/argentina/cpa/B7136XAA/,Adela,Buenos Aires
Colonia Escuela Argentina,B7136XAB,https://codigo-postal.co/argentina/cpa/B7136XAB/,Adela,Buenos Aires
Cuartel 6,B7136XAC,https://codigo-postal.co/argentina/cpa/B7136XAC/,Adela,Buenos Aires
Gandara,B7136XAE,https://codigo-postal.co/argentina/cpa/B7136XAE/,Adela,Buenos Aires
Haras San Ignacio,B7136XAF,https://codigo-postal.co/argentina/cpa/B7136XAF/,Adela,Buenos Aires
Monasterio,B7136XAD,https://codigo-postal.co/argentina/cpa/B7136XAD/,Adela,Buenos Aires
Laguna de Gomez,B6001XAA,https://codigo-postal.co/argentina/cpa/B6001XAA/,Agustin Roca,Buenos Aires
Abbott,código postal es 7228,https://codigo-postal.co/argentina/buenos-aires/abbott/,Abbott,Buenos Aires
Agote,B6600XAA,https://codigo-postal.co/argentina/cpa/B6600XAA/,Agote,Buenos Aires
Gowland,B6608XAA,https://codigo-postal.co/argentina/cpa/B6608XAA/,Agote,Buenos Aires
Manuel Jose Garcia,B6608XAB,https://codigo-postal.co/argentina/cpa/B6608XAB/,Agote,Buenos Aires
Adolfo Alsina,B6430XAA,https://codigo-postal.co/argentina/cpa/B6430XAA/,Adolfo Alsina,Buenos Aires
Fatralo,B6430XAE,https://codigo-postal.co/argentina/cpa/B6430XAE/,Adolfo Alsina,Buenos Aires
Juan V Cilley,B6430XAF,https://codigo-postal.co/argentina/cpa/B6430XAF/,Adolfo Alsina,Buenos Aires
Pocito,B6430XAD,https://codigo-postal.co/argentina/cpa/B6430XAD/,Adolfo Alsina,Buenos Aires
Rolito Estacion Fcgb,B6430XAI,https://codigo-postal.co/argentina/cpa/B6430XAI/,Adolfo Alsina,Buenos Aires
Villa Castelar Est Erize,B6430XAG,https://codigo-postal.co/argentina/cpa/B6430XAG/,Adolfo Alsina,Buenos Aires
Villa Sauri,B6430XAH,https://codigo-postal.co/argentina/cpa/B6430XAH/,Adolfo Alsina,Buenos Aires
Gornatti,B2717XAA,https://codigo-postal.co/argentina/cpa/B2717XAA/,Acevedo,Buenos Aires
Manantiales,B2717XAB,https://codigo-postal.co/argentina/cpa/B2717XAB/,Acevedo,Buenos Aires
Laguna de Gomez,B6001XAA,https://codigo-postal.co/argentina/cpa/B6001XAA/,Agustina,Buenos Aires
El Lucero,B7513XAA,https://codigo-postal.co/argentina/cpa/B7513XAA/,Adolfo Gonzales Chaves,Buenos Aires
12 de Agosto,B2701XAA,https://codigo-postal.co/argentina/cpa/B2701XAA/,Aguas Corrientes,Buenos Aires
Aguas Corrientes,B2701XAB,https://codigo-postal.co/argentina/cpa/B2701XAB/,Aguas Corrientes,Buenos Aires
Haras el Centinela,B2701XAD,https://codigo-postal.co/argentina/cpa/B2701XAD/,Aguas Corrientes,Buenos Aires
Mariano Benitez,B2701XAE,https://codigo-postal.co/argentina/cpa/B2701XAE/,Aguas Corrientes,Buenos Aires
Santa Teresita Pergamino,B2701XAF,https://codigo-postal.co/argentina/cpa/B2701XAF/,Aguas Corrientes,Buenos Aires
Achupallas,B6627XAD,https://codigo-postal.co/argentina/cpa/B6627XAD/,Achupallas,Buenos Aires
Grisolia,B6627XAA,https://codigo-postal.co/argentina/cpa/B6627XAA/,Achupallas,Buenos Aires
Haras el Carmen,B6627XAC,https://codigo-postal.co/argentina/cpa/B6627XAC/,Achupallas,Buenos Aires
La Victoria Desvio,B6627XAE,https://codigo-postal.co/argentina/cpa/B6627XAE/,Achupallas,Buenos Aires
Ramon Biaus,B6627XAB,https://codigo-postal.co/argentina/cpa/B6627XAB/,Achupallas,Buenos Aires
Aguas Verdes,B7112XAC,https://codigo-postal.co/argentina/cpa/B7112XAC/,Aguas Verdes,Buenos Aires
Costa Azul,B7112XAD,https://codigo-postal.co/argentina/cpa/B7112XAD/,Aguas Verdes,Buenos Aires
La Isabel,B7212XAD,https://codigo-postal.co/argentina/cpa/B7212XAD/,Aguas Verdes,Buenos Aires
La Posta,B7112XAA,https://codigo-postal.co/argentina/cpa/B7112XAA/,Aguas Verdes,Buenos Aires
La Proteccion,B7112XAB,https://codigo-postal.co/argentina/cpa/B7112XAB/,Aguas Verdes,Buenos Aires
Adela Corti,B8000XBC,https://codigo-postal.co/argentina/cpa/B8000XBC/,Adela Corti,Buenos Aires
Choique,B8000XAS,https://codigo-postal.co/argentina/cpa/B8000XAS/,Adela Corti,Buenos Aires
Colonia Bella Vista,B8000XAI,https://codigo-postal.co/argentina/cpa/B8000XAI/,Adela Corti,Buenos Aires
Puerto Galvan,B8000XAU,https://codigo-postal.co/argentina/cpa/B8000XAU/,Adela Corti,Buenos Aires
Villa Buenos Aires,B8000XAV,https://codigo-postal.co/argentina/cpa/B8000XAV/,Adela Corti,Buenos Aires
Villa Cerrito,B8000XAW,https://codigo-postal.co/argentina/cpa/B8000XAW/,Adela Corti,Buenos Aires
Villa Delfina,B8000XBM,https://codigo-postal.co/argentina/cpa/B8000XBM/,Adela Corti,Buenos Aires
Villa Domingo Pronsato,B8000XAX,https://codigo-postal.co/argentina/cpa/B8000XAX/,Adela Corti,Buenos Aires
Villa Floresta,B8000XAY,https://codigo-postal.co/argentina/cpa/B8000XAY/,Adela Corti,Buenos Aires
Villa Italia,B7000XAR,https://codigo-postal.co/argentina/cpa/B7000XAR/,Adela Corti,Buenos Aires
Villa Libre,B8000XAC,https://codigo-postal.co/argentina/cpa/B8000XAC/,Adela Corti,Buenos Aires
Villa Loreto,B8000XAD,https://codigo-postal.co/argentina/cpa/B8000XAD/,Adela Corti,Buenos Aires
Villa Mitre,B8000XAE,https://codigo-postal.co/argentina/cpa/B8000XAE/,Adela Corti,Buenos Aires
Villa Nocito,B8000XAF,https://codigo-postal.co/argentina/cpa/B8000XAF/,Adela Corti,Buenos Aires
Villa Obrera,B8000XAG,https://codigo-postal.co/argentina/cpa/B8000XAG/,Adela Corti,Buenos Aires
Villa Olga Grumbein,B8000XAH,https://codigo-postal.co/argentina/cpa/B8000XAH/,Adela Corti,Buenos Aires
Villa Sanchez Elia,B8000XAZ,https://codigo-postal.co/argentina/cpa/B8000XAZ/,Adela Corti,Buenos Aires
Aldea San Andres,B8126XAA,https://codigo-postal.co/argentina/cpa/B8126XAA/,Aldea San Andres,Buenos Aires
La Colorada Chica,B8126XAB,https://codigo-postal.co/argentina/cpa/B8126XAB/,Aldea San Andres,Buenos Aires
Alfalad,B6555XAA,https://codigo-postal.co/argentina/cpa/B6555XAA/,Alfalad,Buenos Aires
Andant,B6555XAB,https://codigo-postal.co/argentina/cpa/B6555XAB/,Alfalad,Buenos Aires
Coronel Marcelino Freyre,B6555XAC,https://codigo-postal.co/argentina/cpa/B6555XAC/,Alfalad,Buenos Aires
La Armonia,B6555XAE,https://codigo-postal.co/argentina/cpa/B6555XAE/,Alfalad,Buenos Aires
La Larga,B6555XAF,https://codigo-postal.co/argentina/cpa/B6555XAF/,Alfalad,Buenos Aires
Los Coloniales,B6555XAG,https://codigo-postal.co/argentina/cpa/B6555XAG/,Alfalad,Buenos Aires
Mauras,B6555XAH,https://codigo-postal.co/argentina/cpa/B6555XAH/,Alfalad,Buenos Aires
Villa Carola,B6555XAD,https://codigo-postal.co/argentina/cpa/B6555XAD/,Alfalad,Buenos Aires
Alfredo Demarchi,B6533XAA,https://codigo-postal.co/argentina/cpa/B6533XAA/,Alfredo Demarchi,Buenos Aires
Kilometro 322,B6533XAG,https://codigo-postal.co/argentina/cpa/B6533XAG/,Alfredo Demarchi,Buenos Aires
La Adela,B6533XAC,https://codigo-postal.co/argentina/cpa/B6533XAC/,Alfredo Demarchi,Buenos Aires
Las Rosas,B6533XAD,https://codigo-postal.co/argentina/cpa/B6533XAD/,Alfredo Demarchi,Buenos Aires
Ramon J Neild,B6533XAE,https://codigo-postal.co/argentina/cpa/B6533XAE/,Alfredo Demarchi,Buenos Aires
Reginaldo J Neild,B6533XAF,https://codigo-postal.co/argentina/cpa/B6533XAF/,Alfredo Demarchi,Buenos Aires
Alsina,código postal es 2938,https://codigo-postal.co/argentina/buenos-aires/alsina/,Alsina,Buenos Aires
Abra de Hinojo,B8170XAA,https://codigo-postal.co/argentina/cpa/B8170XAA/,Alta Vista,Buenos Aires
Alta Vista,B8170XAB,https://codigo-postal.co/argentina/cpa/B8170XAB/,Alta Vista,Buenos Aires
Ducos,B8170XAC,https://codigo-postal.co/argentina/cpa/B8170XAC/,Alta Vista,Buenos Aires
Altona,B7303XAD,https://codigo-postal.co/argentina/cpa/B7303XAD/,Altona,Buenos Aires
Campo Rojas,B7303XAE,https://codigo-postal.co/argentina/cpa/B7303XAE/,Altona,Buenos Aires
El Sauce,B7303XAB,https://codigo-postal.co/argentina/cpa/B7303XAB/,Altona,Buenos Aires
Sabbi,B7303XAG,https://codigo-postal.co/argentina/cpa/B7303XAG/,Altona,Buenos Aires
Santa Rosa,B7303XAC,https://codigo-postal.co/argentina/cpa/B7303XAC/,Altona,Buenos Aires
Yerbas,B7303XAF,https://codigo-postal.co/argentina/cpa/B7303XAF/,Altona,Buenos Aires
Algarrobo,B8132XAB,https://codigo-postal.co/argentina/buenos-aires/algarrobo/,Algarrobo,Buenos Aires
Algarrobo,B8132XAB,https://codigo-postal.co/argentina/buenos-aires/algarrobo/,Algarrobo,Buenos Aires
Algarrobo,B8132XAB,https://codigo-postal.co/argentina/buenos-aires/algarrobo/,Algarrobo,Buenos Aires
Alamos,B6437XAE,https://codigo-postal.co/argentina/cpa/B6437XAE/,Alfa,Buenos Aires
Alfa,B6437XAF,https://codigo-postal.co/argentina/cpa/B6437XAF/,Alfa,Buenos Aires
Arroyo el Chingolo,B6437XAG,https://codigo-postal.co/argentina/cpa/B6437XAG/,Alfa,Buenos Aires
Arroyo Venado,B6437XAH,https://codigo-postal.co/argentina/cpa/B6437XAH/,Alfa,Buenos Aires
Colonia San Ramon,B6437XAA,https://codigo-postal.co/argentina/cpa/B6437XAA/,Alfa,Buenos Aires
El Nilo,B6435XAA,https://codigo-postal.co/argentina/cpa/B6435XAA/,Alfa,Buenos Aires
El Trebañon,B6437XAB,https://codigo-postal.co/argentina/cpa/B6437XAB/,Alfa,Buenos Aires
La Gregoria,B6437XAC,https://codigo-postal.co/argentina/cpa/B6437XAC/,Alfa,Buenos Aires
La Herminia,B6437XAD,https://codigo-postal.co/argentina/cpa/B6437XAD/,Alfa,Buenos Aires
Las Cuatro Hermanas,B6437XAI,https://codigo-postal.co/argentina/cpa/B6437XAI/,Alfa,Buenos Aires
Las Mercedes,B6437XAJ,https://codigo-postal.co/argentina/cpa/B6437XAJ/,Alfa,Buenos Aires
Las Tres Flores,B6437XAK,https://codigo-postal.co/argentina/cpa/B6437XAK/,Alfa,Buenos Aires
Santa Rita Pdo Guamini,B6437XAL,https://codigo-postal.co/argentina/cpa/B6437XAL/,Alfa,Buenos Aires
Almacen el Descanso,B2752XAB,https://codigo-postal.co/argentina/cpa/B2752XAB/,Almacen el Descanso,Buenos Aires
Arroyo de Luna,B2752XAC,https://codigo-postal.co/argentina/cpa/B2752XAC/,Almacen el Descanso,Buenos Aires
Campo la Elisa,B2752XAD,https://codigo-postal.co/argentina/cpa/B2752XAD/,Almacen el Descanso,Buenos Aires
Colegio San Pablo,B2752XAE,https://codigo-postal.co/argentina/cpa/B2752XAE/,Almacen el Descanso,Buenos Aires
El Silencio,B2752XAA,https://codigo-postal.co/argentina/cpa/B2752XAA/,Almacen el Descanso,Buenos Aires
Haras los Cardales,B2752XAF,https://codigo-postal.co/argentina/cpa/B2752XAF/,Almacen el Descanso,Buenos Aires
Retiro San Pablo,B2752XAG,https://codigo-postal.co/argentina/cpa/B2752XAG/,Almacen el Descanso,Buenos Aires
Almacen la Colina,B2740XAA,https://codigo-postal.co/argentina/cpa/B2740XAA/,Almacen la Colina,Buenos Aires
Cañada Marta,B2740XAB,https://codigo-postal.co/argentina/cpa/B2740XAB/,Almacen la Colina,Buenos Aires
El Nacional,B2740XAC,https://codigo-postal.co/argentina/cpa/B2740XAC/,Almacen la Colina,Buenos Aires
La Delia,B2740XAD,https://codigo-postal.co/argentina/cpa/B2740XAD/,Almacen la Colina,Buenos Aires
La Nelida,B2740XAE,https://codigo-postal.co/argentina/cpa/B2740XAE/,Almacen la Colina,Buenos Aires
Puente Cañete,B2740XAF,https://codigo-postal.co/argentina/cpa/B2740XAF/,Almacen la Colina,Buenos Aires
Villa Sanguinetti,B2740XAG,https://codigo-postal.co/argentina/cpa/B2740XAG/,Almacen la Colina,Buenos Aires
Alto Verde,B2801XAC,https://codigo-postal.co/argentina/cpa/B2801XAC/,Alto Verde,Buenos Aires
El Tatu,B2801XAB,https://codigo-postal.co/argentina/cpa/B2801XAB/,Alto Verde,Buenos Aires
Escalada,B2801XAA,https://codigo-postal.co/argentina/cpa/B2801XAA/,Alto Verde,Buenos Aires
Alferez San Martin,B8117XAA,https://codigo-postal.co/argentina/cpa/B8117XAA/,Alferez San Martin,Buenos Aires
Chasico,B8117XAF,https://codigo-postal.co/argentina/cpa/B8117XAF/,Alferez San Martin,Buenos Aires
El Cortapie,B8117XAH,https://codigo-postal.co/argentina/cpa/B8117XAH/,Alferez San Martin,Buenos Aires
Empalme Piedra Echada,B8117XAE,https://codigo-postal.co/argentina/cpa/B8117XAE/,Alferez San Martin,Buenos Aires
Lopez Lecube,B8117XAC,https://codigo-postal.co/argentina/cpa/B8117XAC/,Alferez San Martin,Buenos Aires
Nueva Roma,B8117XAI,https://codigo-postal.co/argentina/cpa/B8117XAI/,Alferez San Martin,Buenos Aires
Pelicura,B8117XAJ,https://codigo-postal.co/argentina/cpa/B8117XAJ/,Alferez San Martin,Buenos Aires
Piedra Ancha,B8117XAD,https://codigo-postal.co/argentina/cpa/B8117XAD/,Alferez San Martin,Buenos Aires
Venancio,B8117XAB,https://codigo-postal.co/argentina/cpa/B8117XAB/,Alferez San Martin,Buenos Aires
Almacen Castro,B2751XAA,https://codigo-postal.co/argentina/cpa/B2751XAA/,Almacen Castro,Buenos Aires
Almacen el Cruce,B2751XAF,https://codigo-postal.co/argentina/cpa/B2751XAF/,Almacen Castro,Buenos Aires
Colonia la Invernada,B2751XAI,https://codigo-postal.co/argentina/cpa/B2751XAI/,Almacen Castro,Buenos Aires
Colonia la Nena,B2751XAB,https://codigo-postal.co/argentina/cpa/B2751XAB/,Almacen Castro,Buenos Aires
Colonia la Noria,B2751XAG,https://codigo-postal.co/argentina/cpa/B2751XAG/,Almacen Castro,Buenos Aires
Colonia la Reina,B2751XAH,https://codigo-postal.co/argentina/cpa/B2751XAH/,Almacen Castro,Buenos Aires
Colonia Laborderoy,B2751XAC,https://codigo-postal.co/argentina/cpa/B2751XAC/,Almacen Castro,Buenos Aires
Colonia los Toldos,B2751XAD,https://codigo-postal.co/argentina/cpa/B2751XAD/,Almacen Castro,Buenos Aires
Colonia Stegman,B2751XAJ,https://codigo-postal.co/argentina/cpa/B2751XAJ/,Almacen Castro,Buenos Aires
El Quemado,B2751XAE,https://codigo-postal.co/argentina/cpa/B2751XAE/,Almacen Castro,Buenos Aires
La Sarita,B2751XAK,https://codigo-postal.co/argentina/cpa/B2751XAK/,Almacen Castro,Buenos Aires
Alejandro Korn,código postal es 1864,https://codigo-postal.co/argentina/buenos-aires/alejandro-korn/,Alejandro Korn,Buenos Aires
Altamira,B6601XAB,https://codigo-postal.co/argentina/cpa/B6601XAB/,Altamira,Buenos Aires
Comahue Oeste,B6601XAC,https://codigo-postal.co/argentina/cpa/B6601XAC/,Altamira,Buenos Aires
Espora,B6601XAG,https://codigo-postal.co/argentina/cpa/B6601XAG/,Altamira,Buenos Aires
La Valerosa,B6601XAD,https://codigo-postal.co/argentina/cpa/B6601XAD/,Altamira,Buenos Aires
La Verde,B6601XAE,https://codigo-postal.co/argentina/cpa/B6601XAE/,Altamira,Buenos Aires
San Eladio,B6601XAA,https://codigo-postal.co/argentina/cpa/B6601XAA/,Altamira,Buenos Aires
Tomas Jofre,B6601XAF,https://codigo-postal.co/argentina/cpa/B6601XAF/,Altamira,Buenos Aires
Alegre,B1987XAA,https://codigo-postal.co/argentina/cpa/B1987XAA/,Alegre,Buenos Aires
Cancha del Pollo,B1987XAB,https://codigo-postal.co/argentina/cpa/B1987XAB/,Alegre,Buenos Aires
Cuartel 2,B1987XAC,https://codigo-postal.co/argentina/cpa/B1987XAC/,Alegre,Buenos Aires
Dantas,B1987XAE,https://codigo-postal.co/argentina/cpa/B1987XAE/,Alegre,Buenos Aires
Espartillar,B1987XAD,https://codigo-postal.co/argentina/cpa/B1987XAD/,Alegre,Buenos Aires
Almirante Solier,B8109XAE,https://codigo-postal.co/argentina/cpa/B8109XAE/,Almirante Solier,Buenos Aires
Balneario Parada,B8109XAB,https://codigo-postal.co/argentina/cpa/B8109XAB/,Almirante Solier,Buenos Aires
Desvio Sandrini,B8109XAC,https://codigo-postal.co/argentina/cpa/B8109XAC/,Almirante Solier,Buenos Aires
Kilometro 652,B8109XAA,https://codigo-postal.co/argentina/cpa/B8109XAA/,Almirante Solier,Buenos Aires
La Martina,B8109XAD,https://codigo-postal.co/argentina/cpa/B8109XAD/,Almirante Solier,Buenos Aires
Villa Laura,B8109XAF,https://codigo-postal.co/argentina/cpa/B8109XAF/,Almirante Solier,Buenos Aires
Villa Maio,B8109XAG,https://codigo-postal.co/argentina/cpa/B8109XAG/,Almirante Solier,Buenos Aires
Francisco Casal,B6230XAE,https://codigo-postal.co/argentina/cpa/B6230XAE/,Alejandro Petion,Buenos Aires
Almirante Irizar,B1629XAA,https://codigo-postal.co/argentina/cpa/B1629XAA/,Almirante Irizar,Buenos Aires
Barrio San Alejo,B1629XAB,https://codigo-postal.co/argentina/cpa/B1629XAB/,Almirante Irizar,Buenos Aires
Establecimiento San Miguel,B1629XAG,https://codigo-postal.co/argentina/cpa/B1629XAG/,Almirante Irizar,Buenos Aires
Kilometro 61,B1629XAH,https://codigo-postal.co/argentina/cpa/B1629XAH/,Almirante Irizar,Buenos Aires
Villa Agueda,B1629XAC,https://codigo-postal.co/argentina/cpa/B1629XAC/,Almirante Irizar,Buenos Aires
Villa Buide,B1629XAD,https://codigo-postal.co/argentina/cpa/B1629XAD/,Almirante Irizar,Buenos Aires
Villa Santa Maria,B1629XAE,https://codigo-postal.co/argentina/cpa/B1629XAE/,Almirante Irizar,Buenos Aires
Villa Verde,B1629XAF,https://codigo-postal.co/argentina/cpa/B1629XAF/,Almirante Irizar,Buenos Aires
Almacen Castro,B2751XAA,https://codigo-postal.co/argentina/cpa/B2751XAA/,Almacen el Cruce,Buenos Aires
Almacen el Cruce,B2751XAF,https://codigo-postal.co/argentina/cpa/B2751XAF/,Almacen el Cruce,Buenos Aires
Colonia la Invernada,B2751XAI,https://codigo-postal.co/argentina/cpa/B2751XAI/,Almacen el Cruce,Buenos Aires
Colonia la Nena,B2751XAB,https://codigo-postal.co/argentina/cpa/B2751XAB/,Almacen el Cruce,Buenos Aires
Colonia la Noria,B2751XAG,https://codigo-postal.co/argentina/cpa/B2751XAG/,Almacen el Cruce,Buenos Aires
Colonia la Reina,B2751XAH,https://codigo-postal.co/argentina/cpa/B2751XAH/,Almacen el Cruce,Buenos Aires
Colonia Laborderoy,B2751XAC,https://codigo-postal.co/argentina/cpa/B2751XAC/,Almacen el Cruce,Buenos Aires
Colonia los Toldos,B2751XAD,https://codigo-postal.co/argentina/cpa/B2751XAD/,Almacen el Cruce,Buenos Aires
Colonia Stegman,B2751XAJ,https://codigo-postal.co/argentina/cpa/B2751XAJ/,Almacen el Cruce,Buenos Aires
El Quemado,B2751XAE,https://codigo-postal.co/argentina/cpa/B2751XAE/,Almacen el Cruce,Buenos Aires
La Sarita,B2751XAK,https://codigo-postal.co/argentina/cpa/B2751XAK/,Almacen el Cruce,Buenos Aires
Altamirano,B1986XAA,https://codigo-postal.co/argentina/cpa/B1986XAA/,Altamirano,Buenos Aires
Almacen Piatti,B2711XAB,https://codigo-postal.co/argentina/cpa/B2711XAB/,Almacen Piatti,Buenos Aires
Colonia la Vanguardia,B2711XAD,https://codigo-postal.co/argentina/cpa/B2711XAD/,Almacen Piatti,Buenos Aires
Paraje Santa Rosa,B2711XAC,https://codigo-postal.co/argentina/cpa/B2711XAC/,Almacen Piatti,Buenos Aires
Pearson,B2711XAA,https://codigo-postal.co/argentina/cpa/B2711XAA/,Almacen Piatti,Buenos Aires
San Federico,B2711XAE,https://codigo-postal.co/argentina/cpa/B2711XAE/,Almacen Piatti,Buenos Aires
Aldecon,B7406XAG,https://codigo-postal.co/argentina/cpa/B7406XAG/,Aldecon,Buenos Aires
Chala Quilca,B7406XAH,https://codigo-postal.co/argentina/cpa/B7406XAH/,Aldecon,Buenos Aires
Fortin Necochea,B7406XAI,https://codigo-postal.co/argentina/cpa/B7406XAI/,Aldecon,Buenos Aires
Las Bandurrias,B7406XAF,https://codigo-postal.co/argentina/cpa/B7406XAF/,Aldecon,Buenos Aires
Las Martinetas,B7406XAA,https://codigo-postal.co/argentina/cpa/B7406XAA/,Aldecon,Buenos Aires
Lastra,B7406XAB,https://codigo-postal.co/argentina/cpa/B7406XAB/,Aldecon,Buenos Aires
Quilco,B7406XAC,https://codigo-postal.co/argentina/cpa/B7406XAC/,Aldecon,Buenos Aires
San Quilco,B7406XAD,https://codigo-postal.co/argentina/cpa/B7406XAD/,Aldecon,Buenos Aires
Santa Clementina,B7406XAE,https://codigo-postal.co/argentina/cpa/B7406XAE/,Aldecon,Buenos Aires
Alvarez Jonte,B1921XAH,https://codigo-postal.co/argentina/cpa/B1921XAH/,Alvarez Jonte,Buenos Aires
Colonia Beethoven,B1921XAB,https://codigo-postal.co/argentina/cpa/B1921XAB/,Alvarez Jonte,Buenos Aires
El Rosario,B1921XAA,https://codigo-postal.co/argentina/cpa/B1921XAA/,Alvarez Jonte,Buenos Aires
La Primavera,B1921XAE,https://codigo-postal.co/argentina/cpa/B1921XAE/,Alvarez Jonte,Buenos Aires
La Talina,B1921XAF,https://codigo-postal.co/argentina/cpa/B1921XAF/,Alvarez Jonte,Buenos Aires
Las Tahonas,B1921XAI,https://codigo-postal.co/argentina/cpa/B1921XAI/,Alvarez Jonte,Buenos Aires
Los Santos Viejos,B1921XAG,https://codigo-postal.co/argentina/cpa/B1921XAG/,Alvarez Jonte,Buenos Aires
Pancho Diaz,B1921XAJ,https://codigo-postal.co/argentina/cpa/B1921XAJ/,Alvarez Jonte,Buenos Aires
Piñeiro,B1921XAC,https://codigo-postal.co/argentina/cpa/B1921XAC/,Alvarez Jonte,Buenos Aires
Rincon de Noario,B1921XAD,https://codigo-postal.co/argentina/cpa/B1921XAD/,Alvarez Jonte,Buenos Aires
Juan Blaquier,B7260XAL,https://codigo-postal.co/argentina/cpa/B7260XAL/,Alvarez de Toledo,Buenos Aires
Toldos Viejos,B7207XAD,https://codigo-postal.co/argentina/cpa/B7207XAD/,Alvarez de Toledo,Buenos Aires
Alvaro Barros,B7403XAB,https://codigo-postal.co/argentina/cpa/B7403XAB/,Alvaro Barros,Buenos Aires
Cerro Aguila,B7403XAA,https://codigo-postal.co/argentina/cpa/B7403XAA/,Alvaro Barros,Buenos Aires
Cerro Negro,B7403XAH,https://codigo-postal.co/argentina/cpa/B7403XAH/,Alvaro Barros,Buenos Aires
Cerro Sotuyo,B7403XAI,https://codigo-postal.co/argentina/cpa/B7403XAI/,Alvaro Barros,Buenos Aires
La Estrella,B7403XAD,https://codigo-postal.co/argentina/cpa/B7403XAD/,Alvaro Barros,Buenos Aires
La Narcisa,B7403XAE,https://codigo-postal.co/argentina/cpa/B7403XAE/,Alvaro Barros,Buenos Aires
La Palmira,B7403XAF,https://codigo-postal.co/argentina/cpa/B7403XAF/,Alvaro Barros,Buenos Aires
La Providencia,B7403XAJ,https://codigo-postal.co/argentina/cpa/B7403XAJ/,Alvaro Barros,Buenos Aires
La Tomasa,B7403XAK,https://codigo-postal.co/argentina/cpa/B7403XAK/,Alvaro Barros,Buenos Aires
Loma Negra,B7203XAC,https://codigo-postal.co/argentina/cpa/B7203XAC/,Alvaro Barros,Buenos Aires
Alzaga,B7021XAA,https://codigo-postal.co/argentina/cpa/B7021XAA/,Alzaga,Buenos Aires
Lopez,B7021XAB,https://codigo-postal.co/argentina/cpa/B7021XAB/,Alzaga,Buenos Aires
Ambrosio P Lezica,B8508XAC,https://codigo-postal.co/argentina/cpa/B8508XAC/,Ambrosio P Lezica,Buenos Aires
Colonia la Celina,B8508XAB,https://codigo-postal.co/argentina/cpa/B8508XAB/,Ambrosio P Lezica,Buenos Aires
Colonia Miguel Esteverena,B8508XAA,https://codigo-postal.co/argentina/cpa/B8508XAA/,Ambrosio P Lezica,Buenos Aires
Jarrilla,B8508XAD,https://codigo-postal.co/argentina/cpa/B8508XAD/,Ambrosio P Lezica,Buenos Aires
Puerto Tres Bonetes,B8505XAE,https://codigo-postal.co/argentina/cpa/B8505XAE/,Ambrosio P Lezica,Buenos Aires
Araujo,B6643XAA,https://codigo-postal.co/argentina/cpa/B6643XAA/,Araujo,Buenos Aires
Baudrix,B6643XAB,https://codigo-postal.co/argentina/cpa/B6643XAB/,Araujo,Buenos Aires
Colonia Palantelen,B6643XAC,https://codigo-postal.co/argentina/cpa/B6643XAC/,Araujo,Buenos Aires
San Jose,B7203XAE,https://codigo-postal.co/argentina/cpa/B7203XAE/,Araujo,Buenos Aires
Herrera Vegas,B6557XAF,https://codigo-postal.co/argentina/cpa/B6557XAF/,Arboleda,Buenos Aires
Iturregui,B6557XAD,https://codigo-postal.co/argentina/cpa/B6557XAD/,Arboleda,Buenos Aires
Mapis,B6557XAE,https://codigo-postal.co/argentina/cpa/B6557XAE/,Arboleda,Buenos Aires
Paula,B6557XAA,https://codigo-postal.co/argentina/cpa/B6557XAA/,Arboleda,Buenos Aires
Vallimanca,B6557XAB,https://codigo-postal.co/argentina/cpa/B6557XAB/,Arboleda,Buenos Aires
Arbuco,B1915XAA,https://codigo-postal.co/argentina/cpa/B1915XAA/,Arbuco,Buenos Aires
Barrio el Porteño,B1915XAB,https://codigo-postal.co/argentina/cpa/B1915XAB/,Arbuco,Buenos Aires
Kilometro 103,B1915XAD,https://codigo-postal.co/argentina/cpa/B1915XAD/,Arbuco,Buenos Aires
Paraje Starache,B1915XAC,https://codigo-postal.co/argentina/cpa/B1915XAC/,Arbuco,Buenos Aires
Roberto Payro,B1915XAF,https://codigo-postal.co/argentina/cpa/B1915XAF/,Arbuco,Buenos Aires
Vieytes,B1915XAE,https://codigo-postal.co/argentina/cpa/B1915XAE/,Arbuco,Buenos Aires
Estancia Mitikili,B6075XAA,https://codigo-postal.co/argentina/cpa/B6075XAA/,Arenaza,Buenos Aires
Estancia San Antonio,B6075XAB,https://codigo-postal.co/argentina/cpa/B6075XAB/,Arenaza,Buenos Aires
Haras Trujui,B6075XAC,https://codigo-postal.co/argentina/cpa/B6075XAC/,Arenaza,Buenos Aires
Kilometro 352,B6075XAD,https://codigo-postal.co/argentina/cpa/B6075XAD/,Arenaza,Buenos Aires
Kilometro 356,B6075XAE,https://codigo-postal.co/argentina/cpa/B6075XAE/,Arenaza,Buenos Aires
Los Altos,B6075XAF,https://codigo-postal.co/argentina/cpa/B6075XAF/,Arenaza,Buenos Aires
Arevalo,B7243XAD,https://codigo-postal.co/argentina/cpa/B7243XAD/,Arevalo,Buenos Aires
La Adelaida,B7243XAC,https://codigo-postal.co/argentina/cpa/B7243XAC/,Arevalo,Buenos Aires
La Blanqueada,B7243XAF,https://codigo-postal.co/argentina/cpa/B7243XAF/,Arevalo,Buenos Aires
Santa Alicia,B7243XAA,https://codigo-postal.co/argentina/cpa/B7243XAA/,Arevalo,Buenos Aires
Santa Felicia,B7243XAB,https://codigo-postal.co/argentina/cpa/B7243XAB/,Arevalo,Buenos Aires
Sol de Mayo,B2709XAB,https://codigo-postal.co/argentina/cpa/B2709XAB/,Arevalo,Buenos Aires
6 de Octubre,R8134XAD,https://codigo-postal.co/argentina/cpa/R8134XAD/,Argerich,Buenos Aires
Argerich,B8134XAE,https://codigo-postal.co/argentina/cpa/B8134XAE/,Argerich,Buenos Aires
Cabeza de Buey,B8132XAE,https://codigo-postal.co/argentina/cpa/B8132XAE/,Argerich,Buenos Aires
Colonia Ocampo,B8134XAF,https://codigo-postal.co/argentina/cpa/B8134XAF/,Argerich,Buenos Aires
La Gleva,B8134XAG,https://codigo-postal.co/argentina/cpa/B8134XAG/,Argerich,Buenos Aires
La Mascota,B8132XAG,https://codigo-postal.co/argentina/cpa/B8132XAG/,Argerich,Buenos Aires
Laguna Chasico,B8134XAH,https://codigo-postal.co/argentina/cpa/B8134XAH/,Argerich,Buenos Aires
Las Escobas,B8134XAI,https://codigo-postal.co/argentina/cpa/B8134XAI/,Argerich,Buenos Aires
Las Piedras,R8134XAA,https://codigo-postal.co/argentina/cpa/R8134XAA/,Argerich,Buenos Aires
Medanos Negros,R8134XAC,https://codigo-postal.co/argentina/cpa/R8134XAC/,Argerich,Buenos Aires
Nicolas Levalle,B8134XAB,https://codigo-postal.co/argentina/cpa/B8134XAB/,Argerich,Buenos Aires
Paso Cramer,B8134XAC,https://codigo-postal.co/argentina/cpa/B8134XAC/,Argerich,Buenos Aires
Rio Salado,R8134XAB,https://codigo-postal.co/argentina/cpa/R8134XAB/,Argerich,Buenos Aires
Salinas Chicas,B8134XAD,https://codigo-postal.co/argentina/cpa/B8134XAD/,Argerich,Buenos Aires
Alfalad,B6555XAA,https://codigo-postal.co/argentina/cpa/B6555XAA/,Andant,Buenos Aires
Andant,B6555XAB,https://codigo-postal.co/argentina/cpa/B6555XAB/,Andant,Buenos Aires
Coronel Marcelino Freyre,B6555XAC,https://codigo-postal.co/argentina/cpa/B6555XAC/,Andant,Buenos Aires
La Armonia,B6555XAE,https://codigo-postal.co/argentina/cpa/B6555XAE/,Andant,Buenos Aires
La Larga,B6555XAF,https://codigo-postal.co/argentina/cpa/B6555XAF/,Andant,Buenos Aires
Los Coloniales,B6555XAG,https://codigo-postal.co/argentina/cpa/B6555XAG/,Andant,Buenos Aires
Mauras,B6555XAH,https://codigo-postal.co/argentina/cpa/B6555XAH/,Andant,Buenos Aires
Villa Carola,B6555XAD,https://codigo-postal.co/argentina/cpa/B6555XAD/,Andant,Buenos Aires
Arevalo,B7243XAD,https://codigo-postal.co/argentina/cpa/B7243XAD/,Antonio Carboni,Buenos Aires
La Adelaida,B7243XAC,https://codigo-postal.co/argentina/cpa/B7243XAC/,Antonio Carboni,Buenos Aires
La Blanqueada,B7243XAF,https://codigo-postal.co/argentina/cpa/B7243XAF/,Antonio Carboni,Buenos Aires
Santa Alicia,B7243XAA,https://codigo-postal.co/argentina/cpa/B7243XAA/,Antonio Carboni,Buenos Aires
Santa Felicia,B7243XAB,https://codigo-postal.co/argentina/cpa/B7243XAB/,Antonio Carboni,Buenos Aires
Sol de Mayo,B2709XAB,https://codigo-postal.co/argentina/cpa/B2709XAB/,Antonio Carboni,Buenos Aires
Antonio de los Heros,B7305XAA,https://codigo-postal.co/argentina/cpa/B7305XAA/,Antonio de los Heros,Buenos Aires
Campodonico,B7305XAB,https://codigo-postal.co/argentina/cpa/B7305XAB/,Antonio de los Heros,Buenos Aires
Covello,B7305XAC,https://codigo-postal.co/argentina/cpa/B7305XAC/,Antonio de los Heros,Buenos Aires
El Mirador,B7303XAA,https://codigo-postal.co/argentina/cpa/B7303XAA/,Antonio de los Heros,Buenos Aires
San Gervacio,B7305XAD,https://codigo-postal.co/argentina/cpa/B7305XAD/,Antonio de los Heros,Buenos Aires
Velloso,B7305XAE,https://codigo-postal.co/argentina/cpa/B7305XAE/,Antonio de los Heros,Buenos Aires
Anderson,B6621XAA,https://codigo-postal.co/argentina/cpa/B6621XAA/,Anderson,Buenos Aires
Chacra la Magdalena,L6621XAA,https://codigo-postal.co/argentina/cpa/L6621XAA/,Anderson,Buenos Aires
Henry Bell,B6621XAC,https://codigo-postal.co/argentina/cpa/B6621XAC/,Anderson,Buenos Aires
Presidente Quintana,B6621XAB,https://codigo-postal.co/argentina/cpa/B6621XAB/,Anderson,Buenos Aires
Colonia los Hornos,B6007XAA,https://codigo-postal.co/argentina/cpa/B6007XAA/,Arribeños,Buenos Aires
Delgado,B6007XAB,https://codigo-postal.co/argentina/cpa/B6007XAB/,Arribeños,Buenos Aires
Desvio Kilometro 95,B6007XAC,https://codigo-postal.co/argentina/cpa/B6007XAC/,Arribeños,Buenos Aires
La Pinta,B6007XAD,https://codigo-postal.co/argentina/cpa/B6007XAD/,Arribeños,Buenos Aires
Almacen la Colina,B2740XAA,https://codigo-postal.co/argentina/cpa/B2740XAA/,Arrecifes,Buenos Aires
Cañada Marta,B2740XAB,https://codigo-postal.co/argentina/cpa/B2740XAB/,Arrecifes,Buenos Aires
El Nacional,B2740XAC,https://codigo-postal.co/argentina/cpa/B2740XAC/,Arrecifes,Buenos Aires
La Delia,B2740XAD,https://codigo-postal.co/argentina/cpa/B2740XAD/,Arrecifes,Buenos Aires
La Nelida,B2740XAE,https://codigo-postal.co/argentina/cpa/B2740XAE/,Arrecifes,Buenos Aires
Puente Cañete,B2740XAF,https://codigo-postal.co/argentina/cpa/B2740XAF/,Arrecifes,Buenos Aires
Villa Sanguinetti,B2740XAG,https://codigo-postal.co/argentina/cpa/B2740XAG/,Arrecifes,Buenos Aires
Amalia,B6516XAA,https://codigo-postal.co/argentina/cpa/B6516XAA/,Amalia,Buenos Aires
Bacacay,B6516XAB,https://codigo-postal.co/argentina/cpa/B6516XAB/,Amalia,Buenos Aires
Cambaceres,B6516XAC,https://codigo-postal.co/argentina/cpa/B6516XAC/,Amalia,Buenos Aires
Dennehy,B6516XAD,https://codigo-postal.co/argentina/cpa/B6516XAD/,Amalia,Buenos Aires
Ancon,B6451XAE,https://codigo-postal.co/argentina/cpa/B6451XAE/,Ancon,Buenos Aires
Curaru,B6451XAD,https://codigo-postal.co/argentina/cpa/B6451XAD/,Ancon,Buenos Aires
Girondo,B6451XAJ,https://codigo-postal.co/argentina/cpa/B6451XAJ/,Ancon,Buenos Aires
Gnecco,B6451XAI,https://codigo-postal.co/argentina/cpa/B6451XAI/,Ancon,Buenos Aires
Inocencio Sosa,B6451XAK,https://codigo-postal.co/argentina/cpa/B6451XAK/,Ancon,Buenos Aires
Larramendy,B6451XAL,https://codigo-postal.co/argentina/cpa/B6451XAL/,Ancon,Buenos Aires
Los Indios,B2709XAA,https://codigo-postal.co/argentina/cpa/B2709XAA/,Ancon,Buenos Aires
Magdala,B6451XAF,https://codigo-postal.co/argentina/cpa/B6451XAF/,Ancon,Buenos Aires
Marucha,B6451XAB,https://codigo-postal.co/argentina/cpa/B6451XAB/,Ancon,Buenos Aires
Nueva Plata,B6451XAG,https://codigo-postal.co/argentina/cpa/B6451XAG/,Ancon,Buenos Aires
Pedro Gamen,B6451XAH,https://codigo-postal.co/argentina/cpa/B6451XAH/,Ancon,Buenos Aires
San Carlos,B6451XAC,https://codigo-postal.co/argentina/cpa/B6451XAC/,Ancon,Buenos Aires
Andres Vaccarezza,B6634XAB,https://codigo-postal.co/argentina/cpa/B6634XAB/,Andres Vaccarezza,Buenos Aires
Emita,B6634XAA,https://codigo-postal.co/argentina/cpa/B6634XAA/,Andres Vaccarezza,Buenos Aires
Larrea,B6634XAC,https://codigo-postal.co/argentina/cpa/B6634XAC/,Andres Vaccarezza,Buenos Aires
Aneque Grande,B7011XAA,https://codigo-postal.co/argentina/cpa/B7011XAA/,Aneque Grande,Buenos Aires
Arroyo Chico,B7011XAB,https://codigo-postal.co/argentina/cpa/B7011XAB/,Aneque Grande,Buenos Aires
Haras la Lula,B7011XAC,https://codigo-postal.co/argentina/cpa/B7011XAC/,Aneque Grande,Buenos Aires
San Cala,B7011XAD,https://codigo-postal.co/argentina/cpa/B7011XAD/,Aneque Grande,Buenos Aires
Arroyo Aguas Blancas,B8174XAA,https://codigo-postal.co/argentina/cpa/B8174XAA/,Arroyo Aguas Blancas,Buenos Aires
La Saudade,B8174XAB,https://codigo-postal.co/argentina/cpa/B8174XAB/,Arroyo Aguas Blancas,Buenos Aires
Arroyo Aguila Negra,B2800XAF,https://codigo-postal.co/argentina/cpa/B2800XAF/,Arroyo Aguila Negra,Buenos Aires
Arroyo Botija Falsa,B2800XAG,https://codigo-postal.co/argentina/cpa/B2800XAG/,Arroyo Aguila Negra,Buenos Aires
Arroyo Ñacurutu,B2800XAH,https://codigo-postal.co/argentina/cpa/B2800XAH/,Arroyo Aguila Negra,Buenos Aires
Arroyo Negro,B2800XAC,https://codigo-postal.co/argentina/cpa/B2800XAC/,Arroyo Aguila Negra,Buenos Aires
Barrio San Jacinto,B2800XAO,https://codigo-postal.co/argentina/cpa/B2800XAO/,Arroyo Aguila Negra,Buenos Aires
Canal Martin Irigoyen,B2800XAB,https://codigo-postal.co/argentina/cpa/B2800XAB/,Arroyo Aguila Negra,Buenos Aires
Frigorifico las Palmas,B2800XAE,https://codigo-postal.co/argentina/cpa/B2800XAE/,Arroyo Aguila Negra,Buenos Aires
La Pesqueria,B2800XAA,https://codigo-postal.co/argentina/cpa/B2800XAA/,Arroyo Aguila Negra,Buenos Aires
Villa Angus,B2800XAI,https://codigo-postal.co/argentina/cpa/B2800XAI/,Arroyo Aguila Negra,Buenos Aires
Villa Capdepont,B2800XAJ,https://codigo-postal.co/argentina/cpa/B2800XAJ/,Arroyo Aguila Negra,Buenos Aires
Villa Florida,B2800XAK,https://codigo-postal.co/argentina/cpa/B2800XAK/,Arroyo Aguila Negra,Buenos Aires
Villa Fox,B2800XAL,https://codigo-postal.co/argentina/cpa/B2800XAL/,Arroyo Aguila Negra,Buenos Aires
Villa Massoni,B2800XAM,https://codigo-postal.co/argentina/cpa/B2800XAM/,Arroyo Aguila Negra,Buenos Aires
Villa Mosconi,B2800XAN,https://codigo-postal.co/argentina/cpa/B2800XAN/,Arroyo Aguila Negra,Buenos Aires
Arroyo Aleli,B2805XAM,https://codigo-postal.co/argentina/cpa/B2805XAM/,Arroyo Aleli,Buenos Aires
Arroyo Brasilero,E2805XAA,https://codigo-postal.co/argentina/cpa/E2805XAA/,Arroyo Aleli,Buenos Aires
Arroyo Carabelitas,B2805XAN,https://codigo-postal.co/argentina/cpa/B2805XAN/,Arroyo Aleli,Buenos Aires
Arroyo el Ahogado,B2805XAA,https://codigo-postal.co/argentina/cpa/B2805XAA/,Arroyo Aleli,Buenos Aires
Arroyo Ibicuycito,E2805XAC,https://codigo-postal.co/argentina/cpa/E2805XAC/,Arroyo Aleli,Buenos Aires
Arroyo la Paciencia,E2805XAD,https://codigo-postal.co/argentina/cpa/E2805XAD/,Arroyo Aleli,Buenos Aires
Arroyo las Cruces,B2805XAB,https://codigo-postal.co/argentina/cpa/B2805XAB/,Arroyo Aleli,Buenos Aires
Arroyo las Rosas,B1625XAB,https://codigo-postal.co/argentina/cpa/B1625XAB/,Arroyo Aleli,Buenos Aires
Arroyo los Platos,E2805XAB,https://codigo-postal.co/argentina/cpa/E2805XAB/,Arroyo Aleli,Buenos Aires
Arroyo los Tigres,B2805XAD,https://codigo-postal.co/argentina/cpa/B2805XAD/,Arroyo Aleli,Buenos Aires
Arroyo Ñacurutu Chico,B2805XAE,https://codigo-postal.co/argentina/cpa/B2805XAE/,Arroyo Aleli,Buenos Aires
Arroyo Pesqueria,B2805XAF,https://codigo-postal.co/argentina/cpa/B2805XAF/,Arroyo Aleli,Buenos Aires
Arroyo Tajiber,B2805XAG,https://codigo-postal.co/argentina/cpa/B2805XAG/,Arroyo Aleli,Buenos Aires
Arroyo Zanjon,B2805XAH,https://codigo-postal.co/argentina/cpa/B2805XAH/,Arroyo Aleli,Buenos Aires
Blondeau,B2805XAI,https://codigo-postal.co/argentina/cpa/B2805XAI/,Arroyo Aleli,Buenos Aires
Canal N Alem 1A Sec,B2805XAJ,https://codigo-postal.co/argentina/cpa/B2805XAJ/,Arroyo Aleli,Buenos Aires
Canal N Alem 2A Sec,B2805XAK,https://codigo-postal.co/argentina/cpa/B2805XAK/,Arroyo Aleli,Buenos Aires
Colonia Delta,E2805XAG,https://codigo-postal.co/argentina/cpa/E2805XAG/,Arroyo Aleli,Buenos Aires
Isla el Dorado,E2805XAH,https://codigo-postal.co/argentina/cpa/E2805XAH/,Arroyo Aleli,Buenos Aires
La Horqueta,B7500XAF,https://codigo-postal.co/argentina/cpa/B7500XAF/,Arroyo Aleli,Buenos Aires
Paraje Palaveroi,E2805XAI,https://codigo-postal.co/argentina/cpa/E2805XAI/,Arroyo Aleli,Buenos Aires
Parana Bravo,E2805XAF,https://codigo-postal.co/argentina/cpa/E2805XAF/,Arroyo Aleli,Buenos Aires
Rio Aguila,E2805XAE,https://codigo-postal.co/argentina/cpa/E2805XAE/,Arroyo Aleli,Buenos Aires
Rio Alferez Nelson Page,E2805XAL,https://codigo-postal.co/argentina/cpa/E2805XAL/,Arroyo Aleli,Buenos Aires
Rio Ceibo,E2805XAM,https://codigo-postal.co/argentina/cpa/E2805XAM/,Arroyo Aleli,Buenos Aires
Rio Parana Guazu,E2805XAN,https://codigo-postal.co/argentina/cpa/E2805XAN/,Arroyo Aleli,Buenos Aires
Rio Pasaje al Aguila,E2805XAJ,https://codigo-postal.co/argentina/cpa/E2805XAJ/,Arroyo Aleli,Buenos Aires
Rio Sauce,E2805XAO,https://codigo-postal.co/argentina/cpa/E2805XAO/,Arroyo Aleli,Buenos Aires
Rio Talavera,E2805XAK,https://codigo-postal.co/argentina/cpa/E2805XAK/,Arroyo Aleli,Buenos Aires
Ariel,B7301XAB,https://codigo-postal.co/argentina/cpa/B7301XAB/,Ariel,Buenos Aires
Arroyo los Huesos,B7301XAA,https://codigo-postal.co/argentina/cpa/B7301XAA/,Ariel,Buenos Aires
Base Naval Azopardo,B7301XAC,https://codigo-postal.co/argentina/cpa/B7301XAC/,Ariel,Buenos Aires
Francisco J Meeks,B7301XAE,https://codigo-postal.co/argentina/cpa/B7301XAE/,Ariel,Buenos Aires
Pablo Acosta,B7301XAD,https://codigo-postal.co/argentina/cpa/B7301XAD/,Ariel,Buenos Aires
Uballes,B7301XAG,https://codigo-postal.co/argentina/cpa/B7301XAG/,Ariel,Buenos Aires
Vaña,B7301XAF,https://codigo-postal.co/argentina/cpa/B7301XAF/,Ariel,Buenos Aires
Paraje la Aurora,B8158XAB,https://codigo-postal.co/argentina/cpa/B8158XAB/,Aparicio,Buenos Aires
Arroyo Aguila Negra,B2800XAF,https://codigo-postal.co/argentina/cpa/B2800XAF/,Arroyo Botija Falsa,Buenos Aires
Arroyo Botija Falsa,B2800XAG,https://codigo-postal.co/argentina/cpa/B2800XAG/,Arroyo Botija Falsa,Buenos Aires
Arroyo Ñacurutu,B2800XAH,https://codigo-postal.co/argentina/cpa/B2800XAH/,Arroyo Botija Falsa,Buenos Aires
Arroyo Negro,B2800XAC,https://codigo-postal.co/argentina/cpa/B2800XAC/,Arroyo Botija Falsa,Buenos Aires
Barrio San Jacinto,B2800XAO,https://codigo-postal.co/argentina/cpa/B2800XAO/,Arroyo Botija Falsa,Buenos Aires
Canal Martin Irigoyen,B2800XAB,https://codigo-postal.co/argentina/cpa/B2800XAB/,Arroyo Botija Falsa,Buenos Aires
Frigorifico las Palmas,B2800XAE,https://codigo-postal.co/argentina/cpa/B2800XAE/,Arroyo Botija Falsa,Buenos Aires
La Pesqueria,B2800XAA,https://codigo-postal.co/argentina/cpa/B2800XAA/,Arroyo Botija Falsa,Buenos Aires
Villa Angus,B2800XAI,https://codigo-postal.co/argentina/cpa/B2800XAI/,Arroyo Botija Falsa,Buenos Aires
Villa Capdepont,B2800XAJ,https://codigo-postal.co/argentina/cpa/B2800XAJ/,Arroyo Botija Falsa,Buenos Aires
Villa Florida,B2800XAK,https://codigo-postal.co/argentina/cpa/B2800XAK/,Arroyo Botija Falsa,Buenos Aires
Villa Fox,B2800XAL,https://codigo-postal.co/argentina/cpa/B2800XAL/,Arroyo Botija Falsa,Buenos Aires
Villa Massoni,B2800XAM,https://codigo-postal.co/argentina/cpa/B2800XAM/,Arroyo Botija Falsa,Buenos Aires
Villa Mosconi,B2800XAN,https://codigo-postal.co/argentina/cpa/B2800XAN/,Arroyo Botija Falsa,Buenos Aires
Arquedas,B8164XAA,https://codigo-postal.co/argentina/cpa/B8164XAA/,Arquedas,Buenos Aires
Colonia San Martin,B8164XAB,https://codigo-postal.co/argentina/cpa/B8164XAB/,Arquedas,Buenos Aires
Colonia San Pedro,B8164XAC,https://codigo-postal.co/argentina/cpa/B8164XAC/,Arquedas,Buenos Aires
San Martin de Tours,B8164XAD,https://codigo-postal.co/argentina/cpa/B8164XAD/,Arquedas,Buenos Aires
Arano,B6443XAA,https://codigo-postal.co/argentina/cpa/B6443XAA/,Arano,Buenos Aires
Epumer,B6443XAC,https://codigo-postal.co/argentina/cpa/B6443XAC/,Arano,Buenos Aires
Malabia,B6443XAB,https://codigo-postal.co/argentina/cpa/B6443XAB/,Arano,Buenos Aires
Tres Lagunas,B6443XAD,https://codigo-postal.co/argentina/cpa/B6443XAD/,Arano,Buenos Aires
Yutuyaco,B6443XAE,https://codigo-postal.co/argentina/cpa/B6443XAE/,Arano,Buenos Aires
Cerrito,B6237XAA,https://codigo-postal.co/argentina/cpa/B6237XAA/,America,Buenos Aires
Rivadavia,B6237XAB,https://codigo-postal.co/argentina/cpa/B6237XAB/,America,Buenos Aires
Ignacio Correas,Not Found,https://codigo-postal.co/argentina/buenos-aires/calles-de-ignacio-correas/,Arana,Buenos Aires
Anasagasti,B6607XAA,https://codigo-postal.co/argentina/cpa/B6607XAA/,Anasagasti,Buenos Aires
Esteban Diaz,B6607XAB,https://codigo-postal.co/argentina/cpa/B6607XAB/,Anasagasti,Buenos Aires
Arroyo Canelon,B1625XAA,https://codigo-postal.co/argentina/cpa/B1625XAA/,Arroyo Canelon,Buenos Aires
Arroyo las Rosas,B1625XAB,https://codigo-postal.co/argentina/cpa/B1625XAB/,Arroyo Canelon,Buenos Aires
Campomar Viñedo,B1625XAE,https://codigo-postal.co/argentina/cpa/B1625XAE/,Arroyo Canelon,Buenos Aires
Puerto de Escobar,B1625XAF,https://codigo-postal.co/argentina/cpa/B1625XAF/,Arroyo Canelon,Buenos Aires
Villa la Chechela,B1625XAC,https://codigo-postal.co/argentina/cpa/B1625XAC/,Arroyo Canelon,Buenos Aires
Villa Vallier,B1625XAD,https://codigo-postal.co/argentina/cpa/B1625XAD/,Arroyo Canelon,Buenos Aires
Arroyo Grande,B7174XAA,https://codigo-postal.co/argentina/cpa/B7174XAA/,Arroyo Grande,Buenos Aires
El Vigilante,B7174XAB,https://codigo-postal.co/argentina/cpa/B7174XAB/,Arroyo Grande,Buenos Aires
Escuela Agricola Rural,B7174XAC,https://codigo-postal.co/argentina/cpa/B7174XAC/,Arroyo Grande,Buenos Aires
Haras 1 de Mayo,B7174XAD,https://codigo-postal.co/argentina/cpa/B7174XAD/,Arroyo Grande,Buenos Aires
La Tobiana,B7174XAE,https://codigo-postal.co/argentina/cpa/B7174XAE/,Arroyo Grande,Buenos Aires
Las Chilcas,B7116XAK,https://codigo-postal.co/argentina/cpa/B7116XAK/,Arroyo Grande,Buenos Aires
Mar Chiquita,B7174XAG,https://codigo-postal.co/argentina/cpa/B7174XAG/,Arroyo Grande,Buenos Aires
Arroyo del Pescado,B1923XAB,https://codigo-postal.co/argentina/cpa/B1923XAB/,Arroyo la Maza,Buenos Aires
Arroyo la Maza,B1923XAC,https://codigo-postal.co/argentina/cpa/B1923XAC/,Arroyo la Maza,Buenos Aires
Frigorifico Armour,B1923XAD,https://codigo-postal.co/argentina/cpa/B1923XAD/,Arroyo la Maza,Buenos Aires
La Balandra,B1923XAE,https://codigo-postal.co/argentina/cpa/B1923XAE/,Arroyo la Maza,Buenos Aires
Palo Blanco,B1923XAA,https://codigo-postal.co/argentina/cpa/B1923XAA/,Arroyo la Maza,Buenos Aires
Arroyo Aleli,B2805XAM,https://codigo-postal.co/argentina/cpa/B2805XAM/,Arroyo las Cruces,Buenos Aires
Arroyo Brasilero,E2805XAA,https://codigo-postal.co/argentina/cpa/E2805XAA/,Arroyo las Cruces,Buenos Aires
Arroyo Carabelitas,B2805XAN,https://codigo-postal.co/argentina/cpa/B2805XAN/,Arroyo las Cruces,Buenos Aires
Arroyo el Ahogado,B2805XAA,https://codigo-postal.co/argentina/cpa/B2805XAA/,Arroyo las Cruces,Buenos Aires
Arroyo Ibicuycito,E2805XAC,https://codigo-postal.co/argentina/cpa/E2805XAC/,Arroyo las Cruces,Buenos Aires
Arroyo la Paciencia,E2805XAD,https://codigo-postal.co/argentina/cpa/E2805XAD/,Arroyo las Cruces,Buenos Aires
Arroyo las Cruces,B2805XAB,https://codigo-postal.co/argentina/cpa/B2805XAB/,Arroyo las Cruces,Buenos Aires
Arroyo las Rosas,B1625XAB,https://codigo-postal.co/argentina/cpa/B1625XAB/,Arroyo las Cruces,Buenos Aires
Arroyo los Platos,E2805XAB,https://codigo-postal.co/argentina/cpa/E2805XAB/,Arroyo las Cruces,Buenos Aires
Arroyo los Tigres,B2805XAD,https://codigo-postal.co/argentina/cpa/B2805XAD/,Arroyo las Cruces,Buenos Aires
Arroyo Ñacurutu Chico,B2805XAE,https://codigo-postal.co/argentina/cpa/B2805XAE/,Arroyo las Cruces,Buenos Aires
Arroyo Pesqueria,B2805XAF,https://codigo-postal.co/argentina/cpa/B2805XAF/,Arroyo las Cruces,Buenos Aires
Arroyo Tajiber,B2805XAG,https://codigo-postal.co/argentina/cpa/B2805XAG/,Arroyo las Cruces,Buenos Aires
Arroyo Zanjon,B2805XAH,https://codigo-postal.co/argentina/cpa/B2805XAH/,Arroyo las Cruces,Buenos Aires
Blondeau,B2805XAI,https://codigo-postal.co/argentina/cpa/B2805XAI/,Arroyo las Cruces,Buenos Aires
Canal N Alem 1A Sec,B2805XAJ,https://codigo-postal.co/argentina/cpa/B2805XAJ/,Arroyo las Cruces,Buenos Aires
Canal N Alem 2A Sec,B2805XAK,https://codigo-postal.co/argentina/cpa/B2805XAK/,Arroyo las Cruces,Buenos Aires
Colonia Delta,E2805XAG,https://codigo-postal.co/argentina/cpa/E2805XAG/,Arroyo las Cruces,Buenos Aires
Isla el Dorado,E2805XAH,https://codigo-postal.co/argentina/cpa/E2805XAH/,Arroyo las Cruces,Buenos Aires
La Horqueta,B7500XAF,https://codigo-postal.co/argentina/cpa/B7500XAF/,Arroyo las Cruces,Buenos Aires
Paraje Palaveroi,E2805XAI,https://codigo-postal.co/argentina/cpa/E2805XAI/,Arroyo las Cruces,Buenos Aires
Parana Bravo,E2805XAF,https://codigo-postal.co/argentina/cpa/E2805XAF/,Arroyo las Cruces,Buenos Aires
Rio Aguila,E2805XAE,https://codigo-postal.co/argentina/cpa/E2805XAE/,Arroyo las Cruces,Buenos Aires
Rio Alferez Nelson Page,E2805XAL,https://codigo-postal.co/argentina/cpa/E2805XAL/,Arroyo las Cruces,Buenos Aires
Rio Ceibo,E2805XAM,https://codigo-postal.co/argentina/cpa/E2805XAM/,Arroyo las Cruces,Buenos Aires
Rio Parana Guazu,E2805XAN,https://codigo-postal.co/argentina/cpa/E2805XAN/,Arroyo las Cruces,Buenos Aires
Rio Pasaje al Aguila,E2805XAJ,https://codigo-postal.co/argentina/cpa/E2805XAJ/,Arroyo las Cruces,Buenos Aires
Rio Sauce,E2805XAO,https://codigo-postal.co/argentina/cpa/E2805XAO/,Arroyo las Cruces,Buenos Aires
Rio Talavera,E2805XAK,https://codigo-postal.co/argentina/cpa/E2805XAK/,Arroyo las Cruces,Buenos Aires
Arroyo Aguila Negra,B2800XAF,https://codigo-postal.co/argentina/cpa/B2800XAF/,Arroyo Ñacurutu,Buenos Aires
Arroyo Botija Falsa,B2800XAG,https://codigo-postal.co/argentina/cpa/B2800XAG/,Arroyo Ñacurutu,Buenos Aires
Arroyo Ñacurutu,B2800XAH,https://codigo-postal.co/argentina/cpa/B2800XAH/,Arroyo Ñacurutu,Buenos Aires
Arroyo Negro,B2800XAC,https://codigo-postal.co/argentina/cpa/B2800XAC/,Arroyo Ñacurutu,Buenos Aires
Barrio San Jacinto,B2800XAO,https://codigo-postal.co/argentina/cpa/B2800XAO/,Arroyo Ñacurutu,Buenos Aires
Canal Martin Irigoyen,B2800XAB,https://codigo-postal.co/argentina/cpa/B2800XAB/,Arroyo Ñacurutu,Buenos Aires
Frigorifico las Palmas,B2800XAE,https://codigo-postal.co/argentina/cpa/B2800XAE/,Arroyo Ñacurutu,Buenos Aires
La Pesqueria,B2800XAA,https://codigo-postal.co/argentina/cpa/B2800XAA/,Arroyo Ñacurutu,Buenos Aires
Villa Angus,B2800XAI,https://codigo-postal.co/argentina/cpa/B2800XAI/,Arroyo Ñacurutu,Buenos Aires
Villa Capdepont,B2800XAJ,https://codigo-postal.co/argentina/cpa/B2800XAJ/,Arroyo Ñacurutu,Buenos Aires
Villa Florida,B2800XAK,https://codigo-postal.co/argentina/cpa/B2800XAK/,Arroyo Ñacurutu,Buenos Aires
Villa Fox,B2800XAL,https://codigo-postal.co/argentina/cpa/B2800XAL/,Arroyo Ñacurutu,Buenos Aires
Villa Massoni,B2800XAM,https://codigo-postal.co/argentina/cpa/B2800XAM/,Arroyo Ñacurutu,Buenos Aires
Villa Mosconi,B2800XAN,https://codigo-postal.co/argentina/cpa/B2800XAN/,Arroyo Ñacurutu,Buenos Aires
Arroyo las Rosas,B1625XAB,https://codigo-postal.co/argentina/buenos-aires/arroyo-las-rosas/,Arroyo las Rosas,Buenos Aires
Arroyo las Rosas,B1625XAB,https://codigo-postal.co/argentina/buenos-aires/arroyo-las-rosas/,Arroyo las Rosas,Buenos Aires
Arroyo Pareja,B8111XAB,https://codigo-postal.co/argentina/cpa/B8111XAB/,Arroyo Pareja,Buenos Aires
Isla Catarelli,B8111XAA,https://codigo-postal.co/argentina/cpa/B8111XAA/,Arroyo Pareja,Buenos Aires
Puerto Rosales,B8111XAC,https://codigo-postal.co/argentina/cpa/B8111XAC/,Arroyo Pareja,Buenos Aires
Ariel,B7301XAB,https://codigo-postal.co/argentina/cpa/B7301XAB/,Arroyo los Huesos,Buenos Aires
Arroyo los Huesos,B7301XAA,https://codigo-postal.co/argentina/cpa/B7301XAA/,Arroyo los Huesos,Buenos Aires
Base Naval Azopardo,B7301XAC,https://codigo-postal.co/argentina/cpa/B7301XAC/,Arroyo los Huesos,Buenos Aires
Francisco J Meeks,B7301XAE,https://codigo-postal.co/argentina/cpa/B7301XAE/,Arroyo los Huesos,Buenos Aires
Pablo Acosta,B7301XAD,https://codigo-postal.co/argentina/cpa/B7301XAD/,Arroyo los Huesos,Buenos Aires
Uballes,B7301XAG,https://codigo-postal.co/argentina/cpa/B7301XAG/,Arroyo los Huesos,Buenos Aires
Vaña,B7301XAF,https://codigo-postal.co/argentina/cpa/B7301XAF/,Arroyo los Huesos,Buenos Aires
Barrio San Pablo,B1864XAA,https://codigo-postal.co/argentina/cpa/B1864XAA/,America Unida,Buenos Aires
Barrio Santa Magdalena,B1864XAB,https://codigo-postal.co/argentina/cpa/B1864XAB/,America Unida,Buenos Aires
Arroyo Aleli,B2805XAM,https://codigo-postal.co/argentina/cpa/B2805XAM/,Arroyo Carabelitas,Buenos Aires
Arroyo Brasilero,E2805XAA,https://codigo-postal.co/argentina/cpa/E2805XAA/,Arroyo Carabelitas,Buenos Aires
Arroyo Carabelitas,B2805XAN,https://codigo-postal.co/argentina/cpa/B2805XAN/,Arroyo Carabelitas,Buenos Aires
Arroyo el Ahogado,B2805XAA,https://codigo-postal.co/argentina/cpa/B2805XAA/,Arroyo Carabelitas,Buenos Aires
Arroyo Ibicuycito,E2805XAC,https://codigo-postal.co/argentina/cpa/E2805XAC/,Arroyo Carabelitas,Buenos Aires
Arroyo la Paciencia,E2805XAD,https://codigo-postal.co/argentina/cpa/E2805XAD/,Arroyo Carabelitas,Buenos Aires
Arroyo las Cruces,B2805XAB,https://codigo-postal.co/argentina/cpa/B2805XAB/,Arroyo Carabelitas,Buenos Aires
Arroyo las Rosas,B1625XAB,https://codigo-postal.co/argentina/cpa/B1625XAB/,Arroyo Carabelitas,Buenos Aires
Arroyo los Platos,E2805XAB,https://codigo-postal.co/argentina/cpa/E2805XAB/,Arroyo Carabelitas,Buenos Aires
Arroyo los Tigres,B2805XAD,https://codigo-postal.co/argentina/cpa/B2805XAD/,Arroyo Carabelitas,Buenos Aires
Arroyo Ñacurutu Chico,B2805XAE,https://codigo-postal.co/argentina/cpa/B2805XAE/,Arroyo Carabelitas,Buenos Aires
Arroyo Pesqueria,B2805XAF,https://codigo-postal.co/argentina/cpa/B2805XAF/,Arroyo Carabelitas,Buenos Aires
Arroyo Tajiber,B2805XAG,https://codigo-postal.co/argentina/cpa/B2805XAG/,Arroyo Carabelitas,Buenos Aires
Arroyo Zanjon,B2805XAH,https://codigo-postal.co/argentina/cpa/B2805XAH/,Arroyo Carabelitas,Buenos Aires
Blondeau,B2805XAI,https://codigo-postal.co/argentina/cpa/B2805XAI/,Arroyo Carabelitas,Buenos Aires
Canal N Alem 1A Sec,B2805XAJ,https://codigo-postal.co/argentina/cpa/B2805XAJ/,Arroyo Carabelitas,Buenos Aires
Canal N Alem 2A Sec,B2805XAK,https://codigo-postal.co/argentina/cpa/B2805XAK/,Arroyo Carabelitas,Buenos Aires
Colonia Delta,E2805XAG,https://codigo-postal.co/argentina/cpa/E2805XAG/,Arroyo Carabelitas,Buenos Aires
Isla el Dorado,E2805XAH,https://codigo-postal.co/argentina/cpa/E2805XAH/,Arroyo Carabelitas,Buenos Aires
La Horqueta,B7500XAF,https://codigo-postal.co/argentina/cpa/B7500XAF/,Arroyo Carabelitas,Buenos Aires
Paraje Palaveroi,E2805XAI,https://codigo-postal.co/argentina/cpa/E2805XAI/,Arroyo Carabelitas,Buenos Aires
Parana Bravo,E2805XAF,https://codigo-postal.co/argentina/cpa/E2805XAF/,Arroyo Carabelitas,Buenos Aires
Rio Aguila,E2805XAE,https://codigo-postal.co/argentina/cpa/E2805XAE/,Arroyo Carabelitas,Buenos Aires
Rio Alferez Nelson Page,E2805XAL,https://codigo-postal.co/argentina/cpa/E2805XAL/,Arroyo Carabelitas,Buenos Aires
Rio Ceibo,E2805XAM,https://codigo-postal.co/argentina/cpa/E2805XAM/,Arroyo Carabelitas,Buenos Aires
Rio Parana Guazu,E2805XAN,https://codigo-postal.co/argentina/cpa/E2805XAN/,Arroyo Carabelitas,Buenos Aires
Rio Pasaje al Aguila,E2805XAJ,https://codigo-postal.co/argentina/cpa/E2805XAJ/,Arroyo Carabelitas,Buenos Aires
Rio Sauce,E2805XAO,https://codigo-postal.co/argentina/cpa/E2805XAO/,Arroyo Carabelitas,Buenos Aires
Rio Talavera,E2805XAK,https://codigo-postal.co/argentina/cpa/E2805XAK/,Arroyo Carabelitas,Buenos Aires
Aneque Grande,B7011XAA,https://codigo-postal.co/argentina/cpa/B7011XAA/,Arroyo Chico,Buenos Aires
Arroyo Chico,B7011XAB,https://codigo-postal.co/argentina/cpa/B7011XAB/,Arroyo Chico,Buenos Aires
Haras la Lula,B7011XAC,https://codigo-postal.co/argentina/cpa/B7011XAC/,Arroyo Chico,Buenos Aires
San Cala,B7011XAD,https://codigo-postal.co/argentina/cpa/B7011XAD/,Arroyo Chico,Buenos Aires
Los Angeles,B2741XAA,https://codigo-postal.co/argentina/cpa/B2741XAA/,Arroyo Dulce,Buenos Aires
Monroe,B2741XAE,https://codigo-postal.co/argentina/cpa/B2741XAE/,Arroyo Dulce,Buenos Aires
Tacuari,B2741XAF,https://codigo-postal.co/argentina/cpa/B2741XAF/,Arroyo Dulce,Buenos Aires
Villa San Jose,B2741XAG,https://codigo-postal.co/argentina/cpa/B2741XAG/,Arroyo Dulce,Buenos Aires
Arroyo Aguila Negra,B2800XAF,https://codigo-postal.co/argentina/cpa/B2800XAF/,Arroyo Negro,Buenos Aires
Arroyo Botija Falsa,B2800XAG,https://codigo-postal.co/argentina/cpa/B2800XAG/,Arroyo Negro,Buenos Aires
Arroyo Ñacurutu,B2800XAH,https://codigo-postal.co/argentina/cpa/B2800XAH/,Arroyo Negro,Buenos Aires
Arroyo Negro,B2800XAC,https://codigo-postal.co/argentina/cpa/B2800XAC/,Arroyo Negro,Buenos Aires
Barrio San Jacinto,B2800XAO,https://codigo-postal.co/argentina/cpa/B2800XAO/,Arroyo Negro,Buenos Aires
Canal Martin Irigoyen,B2800XAB,https://codigo-postal.co/argentina/cpa/B2800XAB/,Arroyo Negro,Buenos Aires
Frigorifico las Palmas,B2800XAE,https://codigo-postal.co/argentina/cpa/B2800XAE/,Arroyo Negro,Buenos Aires
La Pesqueria,B2800XAA,https://codigo-postal.co/argentina/cpa/B2800XAA/,Arroyo Negro,Buenos Aires
Villa Angus,B2800XAI,https://codigo-postal.co/argentina/cpa/B2800XAI/,Arroyo Negro,Buenos Aires
Villa Capdepont,B2800XAJ,https://codigo-postal.co/argentina/cpa/B2800XAJ/,Arroyo Negro,Buenos Aires
Villa Florida,B2800XAK,https://codigo-postal.co/argentina/cpa/B2800XAK/,Arroyo Negro,Buenos Aires
Villa Fox,B2800XAL,https://codigo-postal.co/argentina/cpa/B2800XAL/,Arroyo Negro,Buenos Aires
Villa Massoni,B2800XAM,https://codigo-postal.co/argentina/cpa/B2800XAM/,Arroyo Negro,Buenos Aires
Villa Mosconi,B2800XAN,https://codigo-postal.co/argentina/cpa/B2800XAN/,Arroyo Negro,Buenos Aires
Arroyo Aleli,B2805XAM,https://codigo-postal.co/argentina/cpa/B2805XAM/,Arroyo Ñacurutu Chico,Buenos Aires
Arroyo Brasilero,E2805XAA,https://codigo-postal.co/argentina/cpa/E2805XAA/,Arroyo Ñacurutu Chico,Buenos Aires
Arroyo Carabelitas,B2805XAN,https://codigo-postal.co/argentina/cpa/B2805XAN/,Arroyo Ñacurutu Chico,Buenos Aires
Arroyo el Ahogado,B2805XAA,https://codigo-postal.co/argentina/cpa/B2805XAA/,Arroyo Ñacurutu Chico,Buenos Aires
Arroyo Ibicuycito,E2805XAC,https://codigo-postal.co/argentina/cpa/E2805XAC/,Arroyo Ñacurutu Chico,Buenos Aires
Arroyo la Paciencia,E2805XAD,https://codigo-postal.co/argentina/cpa/E2805XAD/,Arroyo Ñacurutu Chico,Buenos Aires
Arroyo las Cruces,B2805XAB,https://codigo-postal.co/argentina/cpa/B2805XAB/,Arroyo Ñacurutu Chico,Buenos Aires
Arroyo las Rosas,B1625XAB,https://codigo-postal.co/argentina/cpa/B1625XAB/,Arroyo Ñacurutu Chico,Buenos Aires
Arroyo los Platos,E2805XAB,https://codigo-postal.co/argentina/cpa/E2805XAB/,Arroyo Ñacurutu Chico,Buenos Aires
Arroyo los Tigres,B2805XAD,https://codigo-postal.co/argentina/cpa/B2805XAD/,Arroyo Ñacurutu Chico,Buenos Aires
Arroyo Ñacurutu Chico,B2805XAE,https://codigo-postal.co/argentina/cpa/B2805XAE/,Arroyo Ñacurutu Chico,Buenos Aires
Arroyo Pesqueria,B2805XAF,https://codigo-postal.co/argentina/cpa/B2805XAF/,Arroyo Ñacurutu Chico,Buenos Aires
Arroyo Tajiber,B2805XAG,https://codigo-postal.co/argentina/cpa/B2805XAG/,Arroyo Ñacurutu Chico,Buenos Aires
Arroyo Zanjon,B2805XAH,https://codigo-postal.co/argentina/cpa/B2805XAH/,Arroyo Ñacurutu Chico,Buenos Aires
Blondeau,B2805XAI,https://codigo-postal.co/argentina/cpa/B2805XAI/,Arroyo Ñacurutu Chico,Buenos Aires
Canal N Alem 1A Sec,B2805XAJ,https://codigo-postal.co/argentina/cpa/B2805XAJ/,Arroyo Ñacurutu Chico,Buenos Aires
Canal N Alem 2A Sec,B2805XAK,https://codigo-postal.co/argentina/cpa/B2805XAK/,Arroyo Ñacurutu Chico,Buenos Aires
Colonia Delta,E2805XAG,https://codigo-postal.co/argentina/cpa/E2805XAG/,Arroyo Ñacurutu Chico,Buenos Aires
Isla el Dorado,E2805XAH,https://codigo-postal.co/argentina/cpa/E2805XAH/,Arroyo Ñacurutu Chico,Buenos Aires
La Horqueta,B7500XAF,https://codigo-postal.co/argentina/cpa/B7500XAF/,Arroyo Ñacurutu Chico,Buenos Aires
Paraje Palaveroi,E2805XAI,https://codigo-postal.co/argentina/cpa/E2805XAI/,Arroyo Ñacurutu Chico,Buenos Aires
Parana Bravo,E2805XAF,https://codigo-postal.co/argentina/cpa/E2805XAF/,Arroyo Ñacurutu Chico,Buenos Aires
Rio Aguila,E2805XAE,https://codigo-postal.co/argentina/cpa/E2805XAE/,Arroyo Ñacurutu Chico,Buenos Aires
Rio Alferez Nelson Page,E2805XAL,https://codigo-postal.co/argentina/cpa/E2805XAL/,Arroyo Ñacurutu Chico,Buenos Aires
Rio Ceibo,E2805XAM,https://codigo-postal.co/argentina/cpa/E2805XAM/,Arroyo Ñacurutu Chico,Buenos Aires
Rio Parana Guazu,E2805XAN,https://codigo-postal.co/argentina/cpa/E2805XAN/,Arroyo Ñacurutu Chico,Buenos Aires
Rio Pasaje al Aguila,E2805XAJ,https://codigo-postal.co/argentina/cpa/E2805XAJ/,Arroyo Ñacurutu Chico,Buenos Aires
Rio Sauce,E2805XAO,https://codigo-postal.co/argentina/cpa/E2805XAO/,Arroyo Ñacurutu Chico,Buenos Aires
Rio Talavera,E2805XAK,https://codigo-postal.co/argentina/cpa/E2805XAK/,Arroyo Ñacurutu Chico,Buenos Aires
Arroyo Aleli,B2805XAM,https://codigo-postal.co/argentina/cpa/B2805XAM/,Arroyo el Ahogado,Buenos Aires
Arroyo Brasilero,E2805XAA,https://codigo-postal.co/argentina/cpa/E2805XAA/,Arroyo el Ahogado,Buenos Aires
Arroyo Carabelitas,B2805XAN,https://codigo-postal.co/argentina/cpa/B2805XAN/,Arroyo el Ahogado,Buenos Aires
Arroyo el Ahogado,B2805XAA,https://codigo-postal.co/argentina/cpa/B2805XAA/,Arroyo el Ahogado,Buenos Aires
Arroyo Ibicuycito,E2805XAC,https://codigo-postal.co/argentina/cpa/E2805XAC/,Arroyo el Ahogado,Buenos Aires
Arroyo la Paciencia,E2805XAD,https://codigo-postal.co/argentina/cpa/E2805XAD/,Arroyo el Ahogado,Buenos Aires
Arroyo las Cruces,B2805XAB,https://codigo-postal.co/argentina/cpa/B2805XAB/,Arroyo el Ahogado,Buenos Aires
Arroyo las Rosas,B1625XAB,https://codigo-postal.co/argentina/cpa/B1625XAB/,Arroyo el Ahogado,Buenos Aires
Arroyo los Platos,E2805XAB,https://codigo-postal.co/argentina/cpa/E2805XAB/,Arroyo el Ahogado,Buenos Aires
Arroyo los Tigres,B2805XAD,https://codigo-postal.co/argentina/cpa/B2805XAD/,Arroyo el Ahogado,Buenos Aires
Arroyo Ñacurutu Chico,B2805XAE,https://codigo-postal.co/argentina/cpa/B2805XAE/,Arroyo el Ahogado,Buenos Aires
Arroyo Pesqueria,B2805XAF,https://codigo-postal.co/argentina/cpa/B2805XAF/,Arroyo el Ahogado,Buenos Aires
Arroyo Tajiber,B2805XAG,https://codigo-postal.co/argentina/cpa/B2805XAG/,Arroyo el Ahogado,Buenos Aires
Arroyo Zanjon,B2805XAH,https://codigo-postal.co/argentina/cpa/B2805XAH/,Arroyo el Ahogado,Buenos Aires
Blondeau,B2805XAI,https://codigo-postal.co/argentina/cpa/B2805XAI/,Arroyo el Ahogado,Buenos Aires
Canal N Alem 1A Sec,B2805XAJ,https://codigo-postal.co/argentina/cpa/B2805XAJ/,Arroyo el Ahogado,Buenos Aires
Canal N Alem 2A Sec,B2805XAK,https://codigo-postal.co/argentina/cpa/B2805XAK/,Arroyo el Ahogado,Buenos Aires
Colonia Delta,E2805XAG,https://codigo-postal.co/argentina/cpa/E2805XAG/,Arroyo el Ahogado,Buenos Aires
Isla el Dorado,E2805XAH,https://codigo-postal.co/argentina/cpa/E2805XAH/,Arroyo el Ahogado,Buenos Aires
La Horqueta,B7500XAF,https://codigo-postal.co/argentina/cpa/B7500XAF/,Arroyo el Ahogado,Buenos Aires
Paraje Palaveroi,E2805XAI,https://codigo-postal.co/argentina/cpa/E2805XAI/,Arroyo el Ahogado,Buenos Aires
Parana Bravo,E2805XAF,https://codigo-postal.co/argentina/cpa/E2805XAF/,Arroyo el Ahogado,Buenos Aires
Rio Aguila,E2805XAE,https://codigo-postal.co/argentina/cpa/E2805XAE/,Arroyo el Ahogado,Buenos Aires
Rio Alferez Nelson Page,E2805XAL,https://codigo-postal.co/argentina/cpa/E2805XAL/,Arroyo el Ahogado,Buenos Aires
Rio Ceibo,E2805XAM,https://codigo-postal.co/argentina/cpa/E2805XAM/,Arroyo el Ahogado,Buenos Aires
Rio Parana Guazu,E2805XAN,https://codigo-postal.co/argentina/cpa/E2805XAN/,Arroyo el Ahogado,Buenos Aires
Rio Pasaje al Aguila,E2805XAJ,https://codigo-postal.co/argentina/cpa/E2805XAJ/,Arroyo el Ahogado,Buenos Aires
Rio Sauce,E2805XAO,https://codigo-postal.co/argentina/cpa/E2805XAO/,Arroyo el Ahogado,Buenos Aires
Rio Talavera,E2805XAK,https://codigo-postal.co/argentina/cpa/E2805XAK/,Arroyo el Ahogado,Buenos Aires
Algarrobo,B8132XAB,https://codigo-postal.co/argentina/cpa/B8132XAB/,Arroyo Burgos,Buenos Aires
Arroyo Burgos,B2935XAC,https://codigo-postal.co/argentina/cpa/B2935XAC/,Arroyo Burgos,Buenos Aires
El Descanso,B2935XAD,https://codigo-postal.co/argentina/cpa/B2935XAD/,Arroyo Burgos,Buenos Aires
Ingeniero Moneta,B2935XAE,https://codigo-postal.co/argentina/cpa/B2935XAE/,Arroyo Burgos,Buenos Aires
Kilometro 172,B2935XAF,https://codigo-postal.co/argentina/cpa/B2935XAF/,Arroyo Burgos,Buenos Aires
Parada Kilometro 158,B2935XAA,https://codigo-postal.co/argentina/cpa/B2935XAA/,Arroyo Burgos,Buenos Aires
Arroyo de la Cruz,código postal es 2813,https://codigo-postal.co/argentina/buenos-aires/arroyo-de-la-cruz/,Arroyo de la Cruz,Buenos Aires
Arroyo del Pescado,B1923XAB,https://codigo-postal.co/argentina/cpa/B1923XAB/,Arroyo del Pescado,Buenos Aires
Arroyo la Maza,B1923XAC,https://codigo-postal.co/argentina/cpa/B1923XAC/,Arroyo del Pescado,Buenos Aires
Frigorifico Armour,B1923XAD,https://codigo-postal.co/argentina/cpa/B1923XAD/,Arroyo del Pescado,Buenos Aires
La Balandra,B1923XAE,https://codigo-postal.co/argentina/cpa/B1923XAE/,Arroyo del Pescado,Buenos Aires
Palo Blanco,B1923XAA,https://codigo-postal.co/argentina/cpa/B1923XAA/,Arroyo del Pescado,Buenos Aires
Arroyo Corto,código postal es 8172,https://codigo-postal.co/argentina/buenos-aires/arroyo-corto/,Arroyo Corto,Buenos Aires
Almacen el Descanso,B2752XAB,https://codigo-postal.co/argentina/cpa/B2752XAB/,Arroyo de Luna,Buenos Aires
Arroyo de Luna,B2752XAC,https://codigo-postal.co/argentina/cpa/B2752XAC/,Arroyo de Luna,Buenos Aires
Campo la Elisa,B2752XAD,https://codigo-postal.co/argentina/cpa/B2752XAD/,Arroyo de Luna,Buenos Aires
Colegio San Pablo,B2752XAE,https://codigo-postal.co/argentina/cpa/B2752XAE/,Arroyo de Luna,Buenos Aires
El Silencio,B2752XAA,https://codigo-postal.co/argentina/cpa/B2752XAA/,Arroyo de Luna,Buenos Aires
Haras los Cardales,B2752XAF,https://codigo-postal.co/argentina/cpa/B2752XAF/,Arroyo de Luna,Buenos Aires
Retiro San Pablo,B2752XAG,https://codigo-postal.co/argentina/cpa/B2752XAG/,Arroyo de Luna,Buenos Aires
Alamos,B6437XAE,https://codigo-postal.co/argentina/cpa/B6437XAE/,Arroyo el Chingolo,Buenos Aires
Alfa,B6437XAF,https://codigo-postal.co/argentina/cpa/B6437XAF/,Arroyo el Chingolo,Buenos Aires
Arroyo el Chingolo,B6437XAG,https://codigo-postal.co/argentina/cpa/B6437XAG/,Arroyo el Chingolo,Buenos Aires
Arroyo Venado,B6437XAH,https://codigo-postal.co/argentina/cpa/B6437XAH/,Arroyo el Chingolo,Buenos Aires
Colonia San Ramon,B6437XAA,https://codigo-postal.co/argentina/cpa/B6437XAA/,Arroyo el Chingolo,Buenos Aires
El Nilo,B6435XAA,https://codigo-postal.co/argentina/cpa/B6435XAA/,Arroyo el Chingolo,Buenos Aires
El Trebañon,B6437XAB,https://codigo-postal.co/argentina/cpa/B6437XAB/,Arroyo el Chingolo,Buenos Aires
La Gregoria,B6437XAC,https://codigo-postal.co/argentina/cpa/B6437XAC/,Arroyo el Chingolo,Buenos Aires
La Herminia,B6437XAD,https://codigo-postal.co/argentina/cpa/B6437XAD/,Arroyo el Chingolo,Buenos Aires
Las Cuatro Hermanas,B6437XAI,https://codigo-postal.co/argentina/cpa/B6437XAI/,Arroyo el Chingolo,Buenos Aires
Las Mercedes,B6437XAJ,https://codigo-postal.co/argentina/cpa/B6437XAJ/,Arroyo el Chingolo,Buenos Aires
Las Tres Flores,B6437XAK,https://codigo-postal.co/argentina/cpa/B6437XAK/,Arroyo el Chingolo,Buenos Aires
Santa Rita Pdo Guamini,B6437XAL,https://codigo-postal.co/argentina/cpa/B6437XAL/,Arroyo el Chingolo,Buenos Aires
Arroyo Aleli,B2805XAM,https://codigo-postal.co/argentina/cpa/B2805XAM/,Arroyo los Tigres,Buenos Aires
Arroyo Brasilero,E2805XAA,https://codigo-postal.co/argentina/cpa/E2805XAA/,Arroyo los Tigres,Buenos Aires
Arroyo Carabelitas,B2805XAN,https://codigo-postal.co/argentina/cpa/B2805XAN/,Arroyo los Tigres,Buenos Aires
Arroyo el Ahogado,B2805XAA,https://codigo-postal.co/argentina/cpa/B2805XAA/,Arroyo los Tigres,Buenos Aires
Arroyo Ibicuycito,E2805XAC,https://codigo-postal.co/argentina/cpa/E2805XAC/,Arroyo los Tigres,Buenos Aires
Arroyo la Paciencia,E2805XAD,https://codigo-postal.co/argentina/cpa/E2805XAD/,Arroyo los Tigres,Buenos Aires
Arroyo las Cruces,B2805XAB,https://codigo-postal.co/argentina/cpa/B2805XAB/,Arroyo los Tigres,Buenos Aires
Arroyo las Rosas,B1625XAB,https://codigo-postal.co/argentina/cpa/B1625XAB/,Arroyo los Tigres,Buenos Aires
Arroyo los Platos,E2805XAB,https://codigo-postal.co/argentina/cpa/E2805XAB/,Arroyo los Tigres,Buenos Aires
Arroyo los Tigres,B2805XAD,https://codigo-postal.co/argentina/cpa/B2805XAD/,Arroyo los Tigres,Buenos Aires
Arroyo Ñacurutu Chico,B2805XAE,https://codigo-postal.co/argentina/cpa/B2805XAE/,Arroyo los Tigres,Buenos Aires
Arroyo Pesqueria,B2805XAF,https://codigo-postal.co/argentina/cpa/B2805XAF/,Arroyo los Tigres,Buenos Aires
Arroyo Tajiber,B2805XAG,https://codigo-postal.co/argentina/cpa/B2805XAG/,Arroyo los Tigres,Buenos Aires
Arroyo Zanjon,B2805XAH,https://codigo-postal.co/argentina/cpa/B2805XAH/,Arroyo los Tigres,Buenos Aires
Blondeau,B2805XAI,https://codigo-postal.co/argentina/cpa/B2805XAI/,Arroyo los Tigres,Buenos Aires
Canal N Alem 1A Sec,B2805XAJ,https://codigo-postal.co/argentina/cpa/B2805XAJ/,Arroyo los Tigres,Buenos Aires
Canal N Alem 2A Sec,B2805XAK,https://codigo-postal.co/argentina/cpa/B2805XAK/,Arroyo los Tigres,Buenos Aires
Colonia Delta,E2805XAG,https://codigo-postal.co/argentina/cpa/E2805XAG/,Arroyo los Tigres,Buenos Aires
Isla el Dorado,E2805XAH,https://codigo-postal.co/argentina/cpa/E2805XAH/,Arroyo los Tigres,Buenos Aires
La Horqueta,B7500XAF,https://codigo-postal.co/argentina/cpa/B7500XAF/,Arroyo los Tigres,Buenos Aires
Paraje Palaveroi,E2805XAI,https://codigo-postal.co/argentina/cpa/E2805XAI/,Arroyo los Tigres,Buenos Aires
Parana Bravo,E2805XAF,https://codigo-postal.co/argentina/cpa/E2805XAF/,Arroyo los Tigres,Buenos Aires
Rio Aguila,E2805XAE,https://codigo-postal.co/argentina/cpa/E2805XAE/,Arroyo los Tigres,Buenos Aires
Rio Alferez Nelson Page,E2805XAL,https://codigo-postal.co/argentina/cpa/E2805XAL/,Arroyo los Tigres,Buenos Aires
Rio Ceibo,E2805XAM,https://codigo-postal.co/argentina/cpa/E2805XAM/,Arroyo los Tigres,Buenos Aires
Rio Parana Guazu,E2805XAN,https://codigo-postal.co/argentina/cpa/E2805XAN/,Arroyo los Tigres,Buenos Aires
Rio Pasaje al Aguila,E2805XAJ,https://codigo-postal.co/argentina/cpa/E2805XAJ/,Arroyo los Tigres,Buenos Aires
Rio Sauce,E2805XAO,https://codigo-postal.co/argentina/cpa/E2805XAO/,Arroyo los Tigres,Buenos Aires
Rio Talavera,E2805XAK,https://codigo-postal.co/argentina/cpa/E2805XAK/,Arroyo los Tigres,Buenos Aires
Arroyo Aleli,B2805XAM,https://codigo-postal.co/argentina/cpa/B2805XAM/,Arroyo Pesqueria,Buenos Aires
Arroyo Brasilero,E2805XAA,https://codigo-postal.co/argentina/cpa/E2805XAA/,Arroyo Pesqueria,Buenos Aires
Arroyo Carabelitas,B2805XAN,https://codigo-postal.co/argentina/cpa/B2805XAN/,Arroyo Pesqueria,Buenos Aires
Arroyo el Ahogado,B2805XAA,https://codigo-postal.co/argentina/cpa/B2805XAA/,Arroyo Pesqueria,Buenos Aires
Arroyo Ibicuycito,E2805XAC,https://codigo-postal.co/argentina/cpa/E2805XAC/,Arroyo Pesqueria,Buenos Aires
Arroyo la Paciencia,E2805XAD,https://codigo-postal.co/argentina/cpa/E2805XAD/,Arroyo Pesqueria,Buenos Aires
Arroyo las Cruces,B2805XAB,https://codigo-postal.co/argentina/cpa/B2805XAB/,Arroyo Pesqueria,Buenos Aires
Arroyo las Rosas,B1625XAB,https://codigo-postal.co/argentina/cpa/B1625XAB/,Arroyo Pesqueria,Buenos Aires
Arroyo los Platos,E2805XAB,https://codigo-postal.co/argentina/cpa/E2805XAB/,Arroyo Pesqueria,Buenos Aires
Arroyo los Tigres,B2805XAD,https://codigo-postal.co/argentina/cpa/B2805XAD/,Arroyo Pesqueria,Buenos Aires
Arroyo Ñacurutu Chico,B2805XAE,https://codigo-postal.co/argentina/cpa/B2805XAE/,Arroyo Pesqueria,Buenos Aires
Arroyo Pesqueria,B2805XAF,https://codigo-postal.co/argentina/cpa/B2805XAF/,Arroyo Pesqueria,Buenos Aires
Arroyo Tajiber,B2805XAG,https://codigo-postal.co/argentina/cpa/B2805XAG/,Arroyo Pesqueria,Buenos Aires
Arroyo Zanjon,B2805XAH,https://codigo-postal.co/argentina/cpa/B2805XAH/,Arroyo Pesqueria,Buenos Aires
Blondeau,B2805XAI,https://codigo-postal.co/argentina/cpa/B2805XAI/,Arroyo Pesqueria,Buenos Aires
Canal N Alem 1A Sec,B2805XAJ,https://codigo-postal.co/argentina/cpa/B2805XAJ/,Arroyo Pesqueria,Buenos Aires
Canal N Alem 2A Sec,B2805XAK,https://codigo-postal.co/argentina/cpa/B2805XAK/,Arroyo Pesqueria,Buenos Aires
Colonia Delta,E2805XAG,https://codigo-postal.co/argentina/cpa/E2805XAG/,Arroyo Pesqueria,Buenos Aires
Isla el Dorado,E2805XAH,https://codigo-postal.co/argentina/cpa/E2805XAH/,Arroyo Pesqueria,Buenos Aires
La Horqueta,B7500XAF,https://codigo-postal.co/argentina/cpa/B7500XAF/,Arroyo Pesqueria,Buenos Aires
Paraje Palaveroi,E2805XAI,https://codigo-postal.co/argentina/cpa/E2805XAI/,Arroyo Pesqueria,Buenos Aires
Parana Bravo,E2805XAF,https://codigo-postal.co/argentina/cpa/E2805XAF/,Arroyo Pesqueria,Buenos Aires
Rio Aguila,E2805XAE,https://codigo-postal.co/argentina/cpa/E2805XAE/,Arroyo Pesqueria,Buenos Aires
Rio Alferez Nelson Page,E2805XAL,https://codigo-postal.co/argentina/cpa/E2805XAL/,Arroyo Pesqueria,Buenos Aires
Rio Ceibo,E2805XAM,https://codigo-postal.co/argentina/cpa/E2805XAM/,Arroyo Pesqueria,Buenos Aires
Rio Parana Guazu,E2805XAN,https://codigo-postal.co/argentina/cpa/E2805XAN/,Arroyo Pesqueria,Buenos Aires
Rio Pasaje al Aguila,E2805XAJ,https://codigo-postal.co/argentina/cpa/E2805XAJ/,Arroyo Pesqueria,Buenos Aires
Rio Sauce,E2805XAO,https://codigo-postal.co/argentina/cpa/E2805XAO/,Arroyo Pesqueria,Buenos Aires
Rio Talavera,E2805XAK,https://codigo-postal.co/argentina/cpa/E2805XAK/,Arroyo Pesqueria,Buenos Aires
Los Eucaliptus Casco Urbano,B1895XAA,https://codigo-postal.co/argentina/cpa/B1895XAA/,Arturo Segui,Buenos Aires
Arturo Vatteone,código postal es 6433,https://codigo-postal.co/argentina/buenos-aires/arturo-vatteone/,Arturo Vatteone,Buenos Aires
Atahualpa,B6471XAA,https://codigo-postal.co/argentina/cpa/B6471XAA/,Atahualpa,Buenos Aires
La Carreta,B6471XAD,https://codigo-postal.co/argentina/cpa/B6471XAD/,Atahualpa,Buenos Aires
La Margarita,B6471XAE,https://codigo-postal.co/argentina/cpa/B6471XAE/,Atahualpa,Buenos Aires
Mouras,B6471XAC,https://codigo-postal.co/argentina/cpa/B6471XAC/,Atahualpa,Buenos Aires
Santa Ines,B6471XAF,https://codigo-postal.co/argentina/cpa/B6471XAF/,Atahualpa,Buenos Aires
Villa Aldeanita,B6471XAB,https://codigo-postal.co/argentina/cpa/B6471XAB/,Atahualpa,Buenos Aires
Villa Branda,B6407XAD,https://codigo-postal.co/argentina/cpa/B6407XAD/,Atahualpa,Buenos Aires
Piñeyro,B7540XAD,https://codigo-postal.co/argentina/cpa/B7540XAD/,Avellaneda,Buenos Aires
Tatay,B6725XAC,https://codigo-postal.co/argentina/cpa/B6725XAC/,Azcuenaga,Buenos Aires
Tuyuti,B6721XAA,https://codigo-postal.co/argentina/cpa/B6721XAA/,Azcuenaga,Buenos Aires
Arroyo Aleli,B2805XAM,https://codigo-postal.co/argentina/cpa/B2805XAM/,Arroyo Zanjon,Buenos Aires
Arroyo Brasilero,E2805XAA,https://codigo-postal.co/argentina/cpa/E2805XAA/,Arroyo Zanjon,Buenos Aires
Arroyo Carabelitas,B2805XAN,https://codigo-postal.co/argentina/cpa/B2805XAN/,Arroyo Zanjon,Buenos Aires
Arroyo el Ahogado,B2805XAA,https://codigo-postal.co/argentina/cpa/B2805XAA/,Arroyo Zanjon,Buenos Aires
Arroyo Ibicuycito,E2805XAC,https://codigo-postal.co/argentina/cpa/E2805XAC/,Arroyo Zanjon,Buenos Aires
Arroyo la Paciencia,E2805XAD,https://codigo-postal.co/argentina/cpa/E2805XAD/,Arroyo Zanjon,Buenos Aires
Arroyo las Cruces,B2805XAB,https://codigo-postal.co/argentina/cpa/B2805XAB/,Arroyo Zanjon,Buenos Aires
Arroyo las Rosas,B1625XAB,https://codigo-postal.co/argentina/cpa/B1625XAB/,Arroyo Zanjon,Buenos Aires
Arroyo los Platos,E2805XAB,https://codigo-postal.co/argentina/cpa/E2805XAB/,Arroyo Zanjon,Buenos Aires
Arroyo los Tigres,B2805XAD,https://codigo-postal.co/argentina/cpa/B2805XAD/,Arroyo Zanjon,Buenos Aires
Arroyo Ñacurutu Chico,B2805XAE,https://codigo-postal.co/argentina/cpa/B2805XAE/,Arroyo Zanjon,Buenos Aires
Arroyo Pesqueria,B2805XAF,https://codigo-postal.co/argentina/cpa/B2805XAF/,Arroyo Zanjon,Buenos Aires
Arroyo Tajiber,B2805XAG,https://codigo-postal.co/argentina/cpa/B2805XAG/,Arroyo Zanjon,Buenos Aires
Arroyo Zanjon,B2805XAH,https://codigo-postal.co/argentina/cpa/B2805XAH/,Arroyo Zanjon,Buenos Aires
Blondeau,B2805XAI,https://codigo-postal.co/argentina/cpa/B2805XAI/,Arroyo Zanjon,Buenos Aires
Canal N Alem 1A Sec,B2805XAJ,https://codigo-postal.co/argentina/cpa/B2805XAJ/,Arroyo Zanjon,Buenos Aires
Canal N Alem 2A Sec,B2805XAK,https://codigo-postal.co/argentina/cpa/B2805XAK/,Arroyo Zanjon,Buenos Aires
Colonia Delta,E2805XAG,https://codigo-postal.co/argentina/cpa/E2805XAG/,Arroyo Zanjon,Buenos Aires
Isla el Dorado,E2805XAH,https://codigo-postal.co/argentina/cpa/E2805XAH/,Arroyo Zanjon,Buenos Aires
La Horqueta,B7500XAF,https://codigo-postal.co/argentina/cpa/B7500XAF/,Arroyo Zanjon,Buenos Aires
Paraje Palaveroi,E2805XAI,https://codigo-postal.co/argentina/cpa/E2805XAI/,Arroyo Zanjon,Buenos Aires
Parana Bravo,E2805XAF,https://codigo-postal.co/argentina/cpa/E2805XAF/,Arroyo Zanjon,Buenos Aires
Rio Aguila,E2805XAE,https://codigo-postal.co/argentina/cpa/E2805XAE/,Arroyo Zanjon,Buenos Aires
Rio Alferez Nelson Page,E2805XAL,https://codigo-postal.co/argentina/cpa/E2805XAL/,Arroyo Zanjon,Buenos Aires
Rio Ceibo,E2805XAM,https://codigo-postal.co/argentina/cpa/E2805XAM/,Arroyo Zanjon,Buenos Aires
Rio Parana Guazu,E2805XAN,https://codigo-postal.co/argentina/cpa/E2805XAN/,Arroyo Zanjon,Buenos Aires
Rio Pasaje al Aguila,E2805XAJ,https://codigo-postal.co/argentina/cpa/E2805XAJ/,Arroyo Zanjon,Buenos Aires
Rio Sauce,E2805XAO,https://codigo-postal.co/argentina/cpa/E2805XAO/,Arroyo Zanjon,Buenos Aires
Rio Talavera,E2805XAK,https://codigo-postal.co/argentina/cpa/E2805XAK/,Arroyo Zanjon,Buenos Aires
Asturias,B6469XAA,https://codigo-postal.co/argentina/cpa/B6469XAA/,Asturias,Buenos Aires
El Boqueron,B7150XAC,https://codigo-postal.co/argentina/cpa/B7150XAC/,Ayacucho,Buenos Aires
Las Pajas,B7150XAB,https://codigo-postal.co/argentina/cpa/B7150XAB/,Ayacucho,Buenos Aires
San Laureano,B7150XAA,https://codigo-postal.co/argentina/cpa/B7150XAA/,Ayacucho,Buenos Aires
Caminera Azul,B7300XAA,https://codigo-postal.co/argentina/cpa/B7300XAA/,Azul,Buenos Aires
Cuartel II,B7300XAI,https://codigo-postal.co/argentina/cpa/B7300XAI/,Azul,Buenos Aires
Estacion Lazzarino,B7300XAE,https://codigo-postal.co/argentina/cpa/B7300XAE/,Azul,Buenos Aires
La Colorada,B7119XAG,https://codigo-postal.co/argentina/cpa/B7119XAG/,Azul,Buenos Aires
La Mantequeria,B7300XAB,https://codigo-postal.co/argentina/cpa/B7300XAB/,Azul,Buenos Aires
Las Cortaderas,B8504XAD,https://codigo-postal.co/argentina/cpa/B8504XAD/,Azul,Buenos Aires
Lazzarino,B7300XAD,https://codigo-postal.co/argentina/cpa/B7300XAD/,Azul,Buenos Aires
Vicente Pereda,B7300XAH,https://codigo-postal.co/argentina/cpa/B7300XAH/,Azul,Buenos Aires
Arroyo Aleli,B2805XAM,https://codigo-postal.co/argentina/cpa/B2805XAM/,Arroyo Tajiber,Buenos Aires
Arroyo Brasilero,E2805XAA,https://codigo-postal.co/argentina/cpa/E2805XAA/,Arroyo Tajiber,Buenos Aires
Arroyo Carabelitas,B2805XAN,https://codigo-postal.co/argentina/cpa/B2805XAN/,Arroyo Tajiber,Buenos Aires
Arroyo el Ahogado,B2805XAA,https://codigo-postal.co/argentina/cpa/B2805XAA/,Arroyo Tajiber,Buenos Aires
Arroyo Ibicuycito,E2805XAC,https://codigo-postal.co/argentina/cpa/E2805XAC/,Arroyo Tajiber,Buenos Aires
Arroyo la Paciencia,E2805XAD,https://codigo-postal.co/argentina/cpa/E2805XAD/,Arroyo Tajiber,Buenos Aires
Arroyo las Cruces,B2805XAB,https://codigo-postal.co/argentina/cpa/B2805XAB/,Arroyo Tajiber,Buenos Aires
Arroyo las Rosas,B1625XAB,https://codigo-postal.co/argentina/cpa/B1625XAB/,Arroyo Tajiber,Buenos Aires
Arroyo los Platos,E2805XAB,https://codigo-postal.co/argentina/cpa/E2805XAB/,Arroyo Tajiber,Buenos Aires
Arroyo los Tigres,B2805XAD,https://codigo-postal.co/argentina/cpa/B2805XAD/,Arroyo Tajiber,Buenos Aires
Arroyo Ñacurutu Chico,B2805XAE,https://codigo-postal.co/argentina/cpa/B2805XAE/,Arroyo Tajiber,Buenos Aires
Arroyo Pesqueria,B2805XAF,https://codigo-postal.co/argentina/cpa/B2805XAF/,Arroyo Tajiber,Buenos Aires
Arroyo Tajiber,B2805XAG,https://codigo-postal.co/argentina/cpa/B2805XAG/,Arroyo Tajiber,Buenos Aires
Arroyo Zanjon,B2805XAH,https://codigo-postal.co/argentina/cpa/B2805XAH/,Arroyo Tajiber,Buenos Aires
Blondeau,B2805XAI,https://codigo-postal.co/argentina/cpa/B2805XAI/,Arroyo Tajiber,Buenos Aires
Canal N Alem 1A Sec,B2805XAJ,https://codigo-postal.co/argentina/cpa/B2805XAJ/,Arroyo Tajiber,Buenos Aires
Canal N Alem 2A Sec,B2805XAK,https://codigo-postal.co/argentina/cpa/B2805XAK/,Arroyo Tajiber,Buenos Aires
Colonia Delta,E2805XAG,https://codigo-postal.co/argentina/cpa/E2805XAG/,Arroyo Tajiber,Buenos Aires
Isla el Dorado,E2805XAH,https://codigo-postal.co/argentina/cpa/E2805XAH/,Arroyo Tajiber,Buenos Aires
La Horqueta,B7500XAF,https://codigo-postal.co/argentina/cpa/B7500XAF/,Arroyo Tajiber,Buenos Aires
Paraje Palaveroi,E2805XAI,https://codigo-postal.co/argentina/cpa/E2805XAI/,Arroyo Tajiber,Buenos Aires
Parana Bravo,E2805XAF,https://codigo-postal.co/argentina/cpa/E2805XAF/,Arroyo Tajiber,Buenos Aires
Rio Aguila,E2805XAE,https://codigo-postal.co/argentina/cpa/E2805XAE/,Arroyo Tajiber,Buenos Aires
Rio Alferez Nelson Page,E2805XAL,https://codigo-postal.co/argentina/cpa/E2805XAL/,Arroyo Tajiber,Buenos Aires
Rio Ceibo,E2805XAM,https://codigo-postal.co/argentina/cpa/E2805XAM/,Arroyo Tajiber,Buenos Aires
Rio Parana Guazu,E2805XAN,https://codigo-postal.co/argentina/cpa/E2805XAN/,Arroyo Tajiber,Buenos Aires
Rio Pasaje al Aguila,E2805XAJ,https://codigo-postal.co/argentina/cpa/E2805XAJ/,Arroyo Tajiber,Buenos Aires
Rio Sauce,E2805XAO,https://codigo-postal.co/argentina/cpa/E2805XAO/,Arroyo Tajiber,Buenos Aires
Rio Talavera,E2805XAK,https://codigo-postal.co/argentina/cpa/E2805XAK/,Arroyo Tajiber,Buenos Aires
Alamos,B6437XAE,https://codigo-postal.co/argentina/cpa/B6437XAE/,Arroyo Venado,Buenos Aires
Alfa,B6437XAF,https://codigo-postal.co/argentina/cpa/B6437XAF/,Arroyo Venado,Buenos Aires
Arroyo el Chingolo,B6437XAG,https://codigo-postal.co/argentina/cpa/B6437XAG/,Arroyo Venado,Buenos Aires
Arroyo Venado,B6437XAH,https://codigo-postal.co/argentina/cpa/B6437XAH/,Arroyo Venado,Buenos Aires
Colonia San Ramon,B6437XAA,https://codigo-postal.co/argentina/cpa/B6437XAA/,Arroyo Venado,Buenos Aires
El Nilo,B6435XAA,https://codigo-postal.co/argentina/cpa/B6435XAA/,Arroyo Venado,Buenos Aires
El Trebañon,B6437XAB,https://codigo-postal.co/argentina/cpa/B6437XAB/,Arroyo Venado,Buenos Aires
La Gregoria,B6437XAC,https://codigo-postal.co/argentina/cpa/B6437XAC/,Arroyo Venado,Buenos Aires
La Herminia,B6437XAD,https://codigo-postal.co/argentina/cpa/B6437XAD/,Arroyo Venado,Buenos Aires
Las Cuatro Hermanas,B6437XAI,https://codigo-postal.co/argentina/cpa/B6437XAI/,Arroyo Venado,Buenos Aires
Las Mercedes,B6437XAJ,https://codigo-postal.co/argentina/cpa/B6437XAJ/,Arroyo Venado,Buenos Aires
Las Tres Flores,B6437XAK,https://codigo-postal.co/argentina/cpa/B6437XAK/,Arroyo Venado,Buenos Aires
Santa Rita Pdo Guamini,B6437XAL,https://codigo-postal.co/argentina/cpa/B6437XAL/,Arroyo Venado,Buenos Aires
Avestruz,B8183XAD,https://codigo-postal.co/argentina/cpa/B8183XAD/,Avestruz,Buenos Aires
Cañada Mariano,B8183XAA,https://codigo-postal.co/argentina/cpa/B8183XAA/,Avestruz,Buenos Aires
Colonia la Vascongada,B8183XAB,https://codigo-postal.co/argentina/cpa/B8183XAB/,Avestruz,Buenos Aires
Tres Cuervos,B8183XAC,https://codigo-postal.co/argentina/cpa/B8183XAC/,Avestruz,Buenos Aires
Colonia el Pincen,B8181XAA,https://codigo-postal.co/argentina/cpa/B8181XAA/,Azopardo,Buenos Aires
Colonia Hipolito Yrigoyen,B8181XAB,https://codigo-postal.co/argentina/cpa/B8181XAB/,Azopardo,Buenos Aires
Colonia Santa Rosa,B8181XAD,https://codigo-postal.co/argentina/cpa/B8181XAD/,Azopardo,Buenos Aires
Erize,B8181XAE,https://codigo-postal.co/argentina/cpa/B8181XAE/,Azopardo,Buenos Aires
La Vascongada,B8181XAC,https://codigo-postal.co/argentina/cpa/B8181XAC/,Azopardo,Buenos Aires
Cristino Benavidez,B1913XAA,https://codigo-postal.co/argentina/cpa/B1913XAA/,Atalaya,Buenos Aires
Julio Arditi,B1913XAC,https://codigo-postal.co/argentina/cpa/B1913XAC/,Atalaya,Buenos Aires
Payro R,B1913XAB,https://codigo-postal.co/argentina/cpa/B1913XAB/,Atalaya,Buenos Aires
Asamblea,B6640XAC,https://codigo-postal.co/argentina/cpa/B6640XAC/,Asamblea,Buenos Aires
La Maria,B6640XAA,https://codigo-postal.co/argentina/cpa/B6640XAA/,Asamblea,Buenos Aires
Atucha,código postal es 2808,https://codigo-postal.co/argentina/buenos-aires/atucha/,Atucha,Buenos Aires
Colonia la Beba,B6003XAE,https://codigo-postal.co/argentina/cpa/B6003XAE/,Ascencion,Buenos Aires
Escuela Agricola Salesiana,B6003XAA,https://codigo-postal.co/argentina/cpa/B6003XAA/,Ascencion,Buenos Aires
Estacion Ascension,B6003XAB,https://codigo-postal.co/argentina/cpa/B6003XAB/,Ascencion,Buenos Aires
La Angelita,B6003XAC,https://codigo-postal.co/argentina/cpa/B6003XAC/,Ascencion,Buenos Aires
La Beba,B6003XAF,https://codigo-postal.co/argentina/cpa/B6003XAF/,Ascencion,Buenos Aires
La Trinidad,B6003XAD,https://codigo-postal.co/argentina/cpa/B6003XAD/,Ascencion,Buenos Aires
