locality_id,name,zip_code,state
8zjAR1bR0L,Achalco,K4235XAV,Catamarca
gKbMsFMJnr,Ayapaso,K4235XAW,Catamarca
ntM6WWw5Bg,Chañar Laguna,K4235XBA,Catamarca
NyOu3xiPjG,El Quillin,G4234XAG,Santiago del Estero
6SOa2kwZcn,El Simbol,K4235XAD,Catamarca
V1JycZvbVM,Ichipuca,K4235XAG,Catamarca
xO9PhVNKzN,Kilometro 1093,K4235XBB,Catamarca
Fzel_GrTq-,Kilometro 1098,G4234XAA,Santiago del Estero
nTLzhE8FrP,Kilometro 1121,G4234XAH,Santiago del Estero
IuqEVVeI06,La Calera,K4723XAM,Catamarca
78JIS6Hoti,La Quebrada,K4139XAY,Catamarca
OGbsMFtUXe,Las Flores,G3766XAI,Santiago del Estero
x9BFcuh5LH,Las Lomitas,K4723XAQ,Catamarca
Gnb8QTSLqM,Lavalle,G4234XAD,Santiago del Estero
X8SSCis1Wt,Los Morteros,K5340XDZ,Catamarca
f2LXVnUt3x,Mangrullo,G4234XAF,Santiago del Estero
dzoexxyPlB,Pozo Grande,K4235XBL,Catamarca
DRRspm563v,Rumi Esquina,G4234XAB,Santiago del Estero
3WPI95ny65,San Antonio,G4201XBC,Santiago del Estero
V76veui9NK,San Martin,K4728XAK,Catamarca
QIERxNFZyN,Tapso,K4235XBX,Catamarca
Tejonl4hDw,Tonzu,G4234XAC,Santiago del Estero
uZB4_SPs6H,Agua Grande,K5340XAO,Catamarca
gQ37ejLYuW,Aguada,K5340XAP,Catamarca
V2RXfF3n6G,Anchoca,K5340XAQ,Catamarca
3Obc3aUuTK,Apocango,K5340XAR,Catamarca
On5t-5wcow,Balungasta,K5340XAS,Catamarca
aiPLlyqTq9,Cantera Rota,K5340XAT,Catamarca
FSSDyJOFxQ,Casa de Alto,K5340XAU,Catamarca
mWRRsrHPMY,Casa Grande,K5340XAV,Catamarca
I0BpLdWpcO,Castañar,K5340XAW,Catamarca
mhij2Tkxb0,Cerdas,K5340XAX,Catamarca
AnXCQSwaSo,Chanero,K5340XAY,Catamarca
T2sbPRzg1b,Chavero,K5340XCG,Catamarca
4hqq5-Xp95,Cortadera,K5340XDA,Catamarca
_j7FcFSwzu,Agua Salada,K4740XAC,Catamarca
NuJRqQUwYa,Agua Verde,K4740XAE,Catamarca
EeVthvYr3Y,Algarrobal,K4740XAB,Catamarca
ey5-bTZlh6,Arima,K4740XAD,Catamarca
ZklyqHD15H,Acheral,K5260XAL,Catamarca
eAopv7jBxz,Agua Escondida,K5260XAM,Catamarca
frFxDDSCwM,Balde,K5260XBA,Catamarca
UR1YAH9rHP,Estancito,K5340XCH,Catamarca
FHcBEKwYxG,Guanchicito,K5340XCI,Catamarca
w18jY3MrY4,Guanchin,K5340XCJ,Catamarca
w_wKLJvaTk,Guincho,K5340XCK,Catamarca
_SbPAGaAy2,Junta,K5340XCL,Catamarca
8v9z3Gph_F,La Chilca,K5340XCM,Catamarca
Hbvdqr4Ff0,Aserradero el Pilcio,K4740XAY,Catamarca
9LNEcdh7xx,Chilca,K4740XAH,Catamarca
R1Bkkb6ule,Distrito Espinillo,K4740XAJ,Catamarca
sRJgQvRTbB,El Colegio,K4740XAL,Catamarca
IUXibxPzvw,El Lindero,K5260XDY,Catamarca
_42wAaJTfi,El Molle,K4740XBD,Catamarca
cAkAr0htoY,Buen Retiro,K5260XAN,Catamarca
iJcmTqnra4,Buey Muerto,K4139XAF,Catamarca
vH9c3mH-NV,Campo Bello,K5260XAO,Catamarca
MRi8H-Za8e,Campo Blanco,K5260XAP,Catamarca
bVyrWhzDAl,Catita,K5260XAQ,Catamarca
hB5nIAdmav,Cerro Colorado,K4139XAG,Catamarca
obADEc8HNW,Las Higueritas,K5340XDR,Catamarca
xpMJWurPve,Las Losas,K5340XCN,Catamarca
YlObA-skP9,Las Peladas,K5340XCO,Catamarca
aGwUUnu6op,Loma Grande,K5340XCP,Catamarca
mZ0-i8UTE4,Loro Huasi,K5340XDV,Catamarca
pMHFUM8vKc,Los Chanampa,K5340XAC,Catamarca
kV37xx5sBj,Huasan,K4740XBJ,Catamarca
LLt-Cn5UAq,Huaschaschi,K4740XBI,Catamarca
JpPIhFhtOp,Julumao,K4740XBR,Catamarca
NvOGPFuDWn,La Aguada,K4723XAK,Catamarca
KNzo-W97kD,La Banda,K4718XBA,Catamarca
0j7aUXGqo_,Las Minas,K4235XAU,Catamarca
N4hoa3bfct,Cienaga,K4139XAH,Catamarca
Crkfg13hae,Divisadero,K5260XDT,Catamarca
69sggGmSS_,El Barreal,K5260XBK,Catamarca
q6OfRK0UtW,El Bello,K5260XBM,Catamarca
t9lPKzy9ue,El Cercado,K5260XBG,Catamarca
pcL8RRxN9h,El Chañar,G4301XCW,Santiago del Estero
qQlaiqAYk8,Los Guaytimas,K5340XDY,Catamarca
yRNc1f2NSU,Los Palacios,K5340XEA,Catamarca
-e7vOk9lEr,Los Robledos,K5340XEE,Catamarca
mDggQjhD4N,Los Valdez,K5340XEF,Catamarca
MEBeqSWG8I,Los Valveros,K5340XAD,Catamarca
SK8smjt70e,Matambre,K5340XAE,Catamarca
FjOOoQ_rof,Malli 1,K4740XAR,Catamarca
0BaE6TIm0P,Malli 2,K4740XAS,Catamarca
iUomjwywed,Minas Capillitas,K4740XBS,Catamarca
5YS28tMVMr,Pilciao,K4740XAU,Catamarca
ZP7l0OJiWh,Rodeo Grande,K4740XBO,Catamarca
cG41KE8IRz,El Recreo,K4139XAJ,Catamarca
5bFM8EaLws,El Salto,K5260XAH,Catamarca
SpehzEDVdP,Empalme San Carlos,K5260XEO,Catamarca
ugStZXGHur,Jumeal,K5260XAR,Catamarca
dgOEM29iZs,Kilometro 955,K5260XBS,Catamarca
oiBj_v_m7o,Aguadita,K4705XAI,Catamarca
HAO0GNtiCa,Antapoca,K4707XAV,Catamarca
BsiK1ytP5q,Balsa,K4705XAA,Catamarca
WgB1cCFfjk,Cumbre del Laudo,K4705XAB,Catamarca
fslzev5fyP,Gentile,K4705XAC,Catamarca
Lva-Fp6JKh,Medano,K5340XAF,Catamarca
fr1CQLF33I,Negro Muerto,K5340XAG,Catamarca
0LHs5JI6BX,Ojo de Agua,K5340XAH,Catamarca
sKI-pLmEnt,Palacios,K5340XAI,Catamarca
hb-EA3wYb4,Pan de Azucar,K5340XAJ,Catamarca
1zINp3NUJt,Pantanos,K5340XAK,Catamarca
1bqaUBbkSD,Kilometro 969,K5260XBT,Catamarca
mY6fdZT9tO,Kilometro 997,K5260XBU,Catamarca
POi1r6zxQn,La Brea,K5260XBO,Catamarca
41sKRDaRSH,La Buena Estrella,K5260XBP,Catamarca
UoGwyb8aDc,La Campana,K4139XAK,Catamarca
M4yHC8G5wL,La Hoyada,K4139XAL,Catamarca
bye1o44OGT,La Loma,K4139XAB,Catamarca
8b8Knm8iVS,Huaycama,K4705XAK,Catamarca
8oqsLcRCuA,Mina Inca Huasi,K4705XAJ,Catamarca
gmI0Z9SEnh,Mota Botello,K4707XAJ,Catamarca
NdCEE-yued,Rosario del Sumalao,K4707XAL,Catamarca
1U5YB3gTHc,Santa Cruz,K4707XAM,Catamarca
BzlV3dTJUc,Tacahuasi,K4705XAE,Catamarca
JOPED4zYCT,Toro Muerto,K4705XAF,Catamarca
Lj81UPiqZb,Agua de Dionisio,K4750XCM,Catamarca
c3wSjDOqwT,Aguas Calientes,K4750XCN,Catamarca
rhHF5-guLT,Alto el Bolson,K4751XAF,Catamarca
vt6zWCFmy8,Asampay,K4750XBR,Catamarca
gCN6VBYleA,Barranca Larga,K4750XBS,Catamarca
_jBiwJmVJY,Pastos Amarillos,K5340XAL,Catamarca
qR14F-bIAI,Pillahuasi,K5340XAM,Catamarca
U38NhvePev,Planchada,K5340XAN,Catamarca
kCBAnM-FQ0,Pocitos,K5340XCQ,Catamarca
FscxvIDGSZ,Quebrada Honda,K5340XCR,Catamarca
ljXPiVU6jU,Quemadita,K5340XCS,Catamarca
K5wpBkshjJ,Lagunita,K5260XBY,Catamarca
ML-iTVaGb-,Laja,K5260XBZ,Catamarca
1oSqEGM33v,Las Cortaderitas,K5260XAI,Catamarca
rv0AEOb7jU,Las Puertas,K5260XCA,Catamarca
2TZ2zKSTx_,Las Zanjas,K5260XCB,Catamarca
RuKF4_IUeR,Liebre,K5260XCC,Catamarca
QFFsBlA4ef,Los Caudillos,K5260XAJ,Catamarca
dE_f-GdVz0,Vega Curutu,K4705XAG,Catamarca
k2bHx8jGg5,Vega Tamberia,K4705XAH,Catamarca
4VJKeLE4B-,Cachijan,K4750XBT,Catamarca
_94iR62KJe,Carrizal,K5340XBN,Catamarca
gX6EZqYUS-,Carrizal de Abajo,K4750XBV,Catamarca
ssnXNtOXNb,Carrizal de la Costa,K4750XBW,Catamarca
wjUHJBgn9x,Chañaryaco,K4740XBC,Catamarca
jP-ShWJUHT,Condor Huasi de Belen,K4751XAD,Catamarca
_vxPY7uexp,Corral Quemado,K4751XAA,Catamarca
t9718mLHXv,Quemado,K5340XCT,Catamarca
aZ5l4e1cLj,Quiquero,K5340XCU,Catamarca
XHwssRBy2o,Qusto,K5340XCV,Catamarca
Gg25ezIzuB,Rio Abajo,K5340XCW,Catamarca
ds11jXDfmn,Rio de los Indios,K5340XCX,Catamarca
01Rvdv41SJ,Rodeo,K5340XCY,Catamarca
dlgs7S8qwR,San Buenaventura,K5340XCC,Catamarca
A_H-Q10f5Y,Los Chañares,K5260XCD,Catamarca
Vp9lL6ffZn,Mollegasta,K5260XCE,Catamarca
RlmiiCyLAx,Navigan,K5260XAK,Catamarca
TezdOXjpTY,Ollita,K5260XBD,Catamarca
a-Bty7_oRh,Olmos,K5260XCF,Catamarca
5uLS0Tv6r2,Palo Seco,K4139XAM,Catamarca
8Na0KH5nrK,Cotagua,K4750XCQ,Catamarca
0DwqodgCe0,Culampaja,K4750XCR,Catamarca
Sn1GjK64ep,El Cajon,K4139XBM,Catamarca
arZm3Hoj8o,El Campillo,K4750XCU,Catamarca
PlyTYX5rsy,El Carrizal,K4728XBF,Catamarca
bupJ337ap7,El Durazno,K4750XCW,Catamarca
1UqqyF5Htz,El Tio,K4750XBZ,Catamarca
Oxi7DA4ZlI,Pampa Pozo,K5260XCG,Catamarca
cdVCjBNw_T,Paraje los Chañaritos,K5260XAZ,Catamarca
butaPs6uME,Plumero,K5260XCH,Catamarca
Pv8ZyZBuj2,Pozancones,K5260XFL,Catamarca
Znn3vkMU6O,Pto Espinal,K5260XAS,Catamarca
yIlWHglias,Puesto de Fadel o de Lobo,K5260XFN,Catamarca
X5C3I7wmSe,El Tolar,K4750XCA,Catamarca
bbPYsbGIyN,Farallon Negro,K4751XAB,Catamarca
kDhC9Yq7tw,Huasayaco,K4750XCC,Catamarca
TMQ0_yWpuo,Huasi Cienaga,K4750XCX,Catamarca
gk3GsBjsbw,Jacipunco,K4751XAG,Catamarca
DzPUHdsG6L,Punta del Pozo,K5260XAT,Catamarca
f3_yw7DB4Y,San Rafael,K5260XFV,Catamarca
xahuXGcKN2,La Cañada,K5260XEU,Catamarca
1ZD_zPLQ1p,La Capellania,K5340XBU,Catamarca
SmFKy1l6BT,La Cienaga,K5340XBV,Catamarca
mnDhoYk9jR,La Cuesta,K4750XDC,Catamarca
xC8D0jPBD2,La Estancia,K4235XBE,Catamarca
kFFtAqQVqj,La Toma,K4750XCG,Catamarca
9_Z-ZSjyUA,La Viña,K4722XAA,Catamarca
KscC8LLZvO,Laguna Blanca,K4751XAE,Catamarca
he6nAs_LPU,Laguna Colorada,K4750XCI,Catamarca
vAP03dWWd1,Las Barrancas,K4751XAL,Catamarca
7HYArTTlxV,Las Cuevas,K4750XDD,Catamarca
YyJa_oBYVF,Las Juntas,K4750XDE,Catamarca
Jl0ojZ7oBZ,Las Manzas,K4750XDF,Catamarca
UYfZCreEqw,Loconte,K4750XDG,Catamarca
Z72yThRofH,Los Nacimientos,K4751XAJ,Catamarca
EEOhzVBgRS,Los Pozuelos,K4139XBW,Catamarca
JO2Ua43093,Minas Agua Tapada,K4750XBI,Catamarca
wS1LQzwiv9,Nacimientos de Arriba,K4750XBG,Catamarca
TyMXpd27ep,Nacimientos de San Antonio,K4750XBB,Catamarca
x6IeajvhT2,Nacimientos del Bolson,K4750XBC,Catamarca
ZBj5iSrLJD,Papa Chacra,K4750XBD,Catamarca
cr7lAGTsfV,Agua Colorada,K4707XAU,Catamarca
JaIYe-ro-9,Agua del Campo,K4750XAK,Catamarca
pHWXEnsq5f,Ampujaco,K4750XCO,Catamarca
CTeUg945UX,Angostura,K4750XAL,Catamarca
fQaSzC0SJo,Cachuan,K4750XBJ,Catamarca
10zh7lNMls,Chiquerito,K4750XAN,Catamarca
-ymHxdFP9O,Chucolay,K4750XAA,Catamarca
JEjCrMcT4F,Cueva Blanca,K4750XAC,Catamarca
rg5ZqEhuL1,Duraznillo,K4750XBO,Catamarca
TuUTB15Yuh,El Medio,K4750XCD,Catamarca
XblBX2eIX7,El Molino,K4750XBX,Catamarca
eJR11FjmXZ,El Portezuelo,K5260XED,Catamarca
wUrFaSM65j,Huaco,K4750XCB,Catamarca
V_DdbdrDp0,La Barranca Larga,K4750XBK,Catamarca
p2kIa-URdb,La Costa,K4750XDB,Catamarca
pR0FuhiSpq,La Puntilla,K5340XDN,Catamarca
0jzG4V7Jzy,La Represa,K4750XAD,Catamarca
xUJiGlFGiX,La Totora,K4750XAE,Catamarca
idMxXmGPyC,Las Latillas,K4728XAD,Catamarca
dZKmdglhow,Londres Este,K4750XDH,Catamarca
UoIWboByFn,Luna Aguada,K4750XAG,Catamarca
tcHNTQt1J4,Nacimiento,K4750XBL,Catamarca
WF4jhVtqXd,Nacimientos de Abajo,K4750XBM,Catamarca
WbCUINHnxJ,Ojo de la Cortadera,K4750XAH,Catamarca
3ZSO4aFHDH,Palo Blanco,K5340XAA,Catamarca
jIUMM34hwF,Chañarcito,K4707XAQ,Catamarca
OCBhli1RSA,El Bañado,K5260XBJ,Catamarca
7C4RYtSgCY,El Desmonte,K4723XBH,Catamarca
yXlBHCi6Yz,Estanque,K4707XAR,Catamarca
5PctnT709W,Las Esquinas,K4707XAH,Catamarca
HOvdhAdrHv,Pampa,K4707XAS,Catamarca
kDbsqRUCLw,Pampa Cienaga,K4750XAJ,Catamarca
jdI1LulVMf,Potrerito,K4750XAO,Catamarca
iPMi6z5Igq,Pozuelos,K4750XBN,Catamarca
AKF0Qq327_,Puerto Blanco,K4750XBA,Catamarca
Jn5UUZ-8oo,Puerto Chipi,K4750XAQ,Catamarca
vtfsGtYOik,Puerto de la Pampa,K4750XAR,Catamarca
-gdMRYfx78,Puerto Potrero,K4750XAP,Catamarca
BXoqbiuSok,San Antonio de P Blanca,K4707XAG,Catamarca
w42soObAON,Sebila,K4707XAT,Catamarca
rdXhHQxvc7,Tala,K4707XAN,Catamarca
UuPT4NLWSB,Tiorco,K4707XAO,Catamarca
SV0CJe8pKb,Tres Puentes,K4707XAX,Catamarca
Ez-4s3Sgh0,Rincon Grande,K4750XAS,Catamarca
L_3QcwqlTD,Rumimonion,K4750XAT,Catamarca
yhoSbwKRNa,San Antonio,K5260XAA,Catamarca
hae48tKrDE,Shincal,K4750XAW,Catamarca
qPnIgN0Cvb,Villa Macedo,K4707XAY,Catamarca
1ya808T7Af,Zanja,K4707XAP,Catamarca
x2YQUh9oWX,Talamayo,K4750XDL,Catamarca
LMRDoigqcE,Viscote,K4750XAX,Catamarca
Rb0m4ih2NZ,Zarcito,K4750XAY,Catamarca
6tH5fZw-w3,Zarza,K4750XAZ,Catamarca
cQvDXwugLR,Adolfo E Carranza,K5263XAA,Catamarca
R6As93cd7O,Balde la Punta,K4728XAN,Catamarca
g0ruAAQTMe,Balde Nuevo,K4728XAO,Catamarca
tDmfNidmOd,Buena Vista,K4728XAP,Catamarca
_NhKVuN80l,El Medano,F5263XAD,La Rioja
AdxO1_GkcE,El Quimilo,K5260XEH,Catamarca
9pkC7g9ypP,El Rosario,F5263XAB,La Rioja
-Fy2VDd9TR,Esperanza de los Cerrillos,F5263XAC,La Rioja
k4R0I_srqW,Kilometro 99,K4728XAS,Catamarca
4Y7kC0HSIp,La Horqueta,K4728XAU,Catamarca
HrsgcOQb9j,La Libertad,F5473XAJ,La Rioja
WJ5rvWnJR0,Las Peñas,K5263XAB,Catamarca
zGvNESLxee,Parada Kilometro 62,K5260XDD,Catamarca
Hla5N9TOGZ,Telaritos,K4728XBA,Catamarca
JfaGmccjr9,Ocho Vados,K4707XAE,Catamarca
pRkf7iYD-C,Banda Varela,K4700XAK,Catamarca
qlx2UOq6-S,Chacabuco,K4700XAL,Catamarca
8Upe_HvTBZ,El Tala,K5260XEL,Catamarca
_xcILwHyk6,La Chacarita,K4700XAQ,Catamarca
5eKKzLt4nD,La Chacarita de los Padres,K4700XAR,Catamarca
WfHB0xqFUK,Las Tejas de Valle Viejo,K4707XAI,Catamarca
l1HqnUC7CW,Las Varitas,K4700XAE,Catamarca
EXe4fs5Xj-,Lazareto,K4700XAF,Catamarca
U82OoTmHR1,Loma Cortada,K4700XAG,Catamarca
auQcNkFKw_,Payabuayca,K4700XAC,Catamarca
Avw8zbNh5U,Peñon,K4700XAB,Catamarca
Gn_mnhwEvl,Rio del Tala,K4700XAH,Catamarca
A4_LQItjel,Sauce,K4700XAD,Catamarca
MqGCnM19vn,Villa Cubas,K4700XAI,Catamarca
vqyuHCvqmT,Villa Parque Chacabuco,K4700XAJ,Catamarca
XnFX3CDRM0,Calera la Norma,K5315XAM,Catamarca
-f_Ky8cLK7,El Pajonal,K5315XAN,Catamarca
R-GZvHBoh_,Estacion Poman,K5315XAQ,Catamarca
6aOIKjVQ2q,Joyanguito,K5315XAC,Catamarca
_Tmegho8ou,Las Casitas,K5315XAG,Catamarca
-P7acv7npo,Las Cienagas,K5315XAH,Catamarca
cMpBHvouY9,Los Baldes,K5315XAI,Catamarca
EZowM4wuvl,Malcasco,K5315XAJ,Catamarca
nPT9NmnG6D,Mischango,K5315XAK,Catamarca
iomQl94wAS,Tuscumayo,K5315XAX,Catamarca
TaonqbkGwf,Angelina,K5260XCQ,Catamarca
A3qN-cJPFu,Cañada,K5260XDN,Catamarca
iK2_HeAuqp,Cerrillada,K5260XDP,Catamarca
hvK60oXtWZ,Chañaritos,K5260XDQ,Catamarca
0rlTGmOuWd,El Retiro,K5340XDG,Catamarca
6DlA_h9Cvp,El Rosario,K4718XAW,Catamarca
okpnJQPc6u,Jesus Maria,K5260XES,Catamarca
XzMXDdpCGC,Kilometro 1008,K5260XET,Catamarca
54UXqpAv1H,Kilometro 1017,K5260XBQ,Catamarca
N8cKjBaBVP,La Granja,K5260XEZ,Catamarca
WPuDl-96dW,La Isla,K5340XBZ,Catamarca
IDno261qDo,La Maravilla,K4723XAN,Catamarca
dd7xhYC1mx,Maria Dora,K5260XDF,Catamarca
Jy7nuE-OP4,San Antonio Viejo,K5264XAA,Catamarca
42fRKdZaA3,San Manuel,K5260XFS,Catamarca
oPWOuimspB,Tula,K5260XGA,Catamarca
MXJu4QHYGZ,Albigasta,K4235XCA,Catamarca
Mv74Rb4z8W,Barranquitas,K4235XAX,Catamarca
6xZDT6AsOA,Bebida,K4235XAY,Catamarca
autXTrb4At,Bella Vista,K4235XAZ,Catamarca
jEursQiWJU,El Alto,K5340XBK,Catamarca
Jmqsd24mTJ,El Quebrachito,K4723XBJ,Catamarca
6Eh5jrdpy8,El Rodeito,K4723XAC,Catamarca
W4pedW5iKP,El Vallecito,K4230XAC,Catamarca
0K7Sl3pe4R,Estanzuela,K4235XAF,Catamarca
MCKwm9WIId,Guayamba,K4235XAA,Catamarca
sBU7D93c4J,Iloga,K4235XAH,Catamarca
XZcbJqZWpB,Inacillo,K4235XAI,Catamarca
2GU0t7ZWSG,Infanzon,K4235XAJ,Catamarca
Dy12L0b9O7,La Calera del Sauce,K4235XBD,Catamarca
Rlmo8OXb6U,La Estanzuela,K4235XBF,Catamarca
lLdGCkYFEo,La Huerta,K4235XBG,Catamarca
evk-vrdClV,Las Cañas,K4723XAO,Catamarca
SwCgJKZ2G4,Las Justas,K4235XBH,Catamarca
uw2G78QVVp,Las Pampas,K5340XDS,Catamarca
WYuUYctEnq,Las Tapias,K4235XAL,Catamarca
3NrxHJFMPI,Las Trancas,K4235XAM,Catamarca
Q5wOLB_6QI,Las Trillas,K4235XAN,Catamarca
gY34zNR8je,Lindero,K4235XAO,Catamarca
EgwTMZi-Va,Los Alamos,K4235XCB,Catamarca
JqCmfoZGM9,Los Corrales,K4235XCC,Catamarca
Gz6lx7Lqkl,Los Nogales,K4235XCD,Catamarca
F8fmR0m8Ny,Los Ortices,K4723XBN,Catamarca
eMu3MkrOhp,Los Pedrazas,K4235XAK,Catamarca
UR9ux3pSXl,Mina Dal,K4235XAS,Catamarca
REZvoNiVKo,Nogalito,K4235XAT,Catamarca
MEjlPn6RY6,Orellano,K4235XBJ,Catamarca
BOosgrba7j,Oyola,K4235XBK,Catamarca
mBxRF_yuxi,Pueblito,K4235XBM,Catamarca
pUmST2n-ht,Puesto los Gomez,K4231XAB,Catamarca
ujeHS6fhJ4,Rio de Avila,K4235XBN,Catamarca
RxPutBeg9H,Rio de la Plata,K4235XBO,Catamarca
IE4wg_wQx0,San Jeronimo,K4235XBP,Catamarca
6esU9Fs5dN,San Vicente,K4235XBQ,Catamarca
_sv1zY9fvQ,Sauce Huacho,K4235XBR,Catamarca
UYIDzo-tW2,Sucuma,K4235XBT,Catamarca
MdI5dcZkLC,Suruipiana,K4235XBU,Catamarca
EZSthW0_YZ,Talega,K4235XBW,Catamarca
3JTTzk7j0I,Tintigasta,K4235XBY,Catamarca
SajunhNeXL,Vilisman,K4235XBZ,Catamarca
UkqziSYSLm,Barro Negro,K4718XAA,Catamarca
DPOxOaV7Xa,Bastidor,K4718XAB,Catamarca
I3d6gUhZ4v,Chiflon,K4718XAC,Catamarca
zPVa6kBa94,El Bastidor,K4718XAO,Catamarca
3Qb24x9eR-,El Totoral,K4718XAX,Catamarca
3VhfyBIs1B,La Esquina,K4718XBB,Catamarca
9efll4eq6u,La Falda,K5340XBX,Catamarca
iq2B5UP3rn,Los Galpones,K4718XAJ,Catamarca
IgYtPLhxxb,Posta,K4718XAD,Catamarca
yE7PwsJxxL,Santa Ana,K4718XBL,Catamarca
oUWGDNU0Aa,Santa Barbara,K4718XBM,Catamarca
fTnwVVyZ3-,Superi,K4718XBP,Catamarca
p-8_RExnBf,Talaguada,K4718XBQ,Catamarca
DCxnsCI3df,Colpes,K5319XAA,Catamarca
7Hf05GEM4r,Los Puestos,K4728XAH,Catamarca
wv70FdJj8U,Mollecito,K4740XAT,Catamarca
LNsXpubLRh,San Jose,K4701XDH,Catamarca
6CaPdOtji8,Sijan,K5315XAA,Catamarca
A_dEIuryRS,Anillaco,K5340XDC,Catamarca
bYwouNVmlZ,Antinaco,K5341XAB,Catamarca
_s3CdZ42vi,Corral de Piedra,K5340XBR,Catamarca
V9hRGFa3pv,Costa de Reyes,K5340XBS,Catamarca
ZZhEL9ljaL,El Cachiyuyo,K5340XBM,Catamarca
efy40BN9P6,El Puesto,K5341XAA,Catamarca
SolxfHy6bK,La Cañada Larga,K5340XDL,Catamarca
CqFSK-q-2z,La Cienaga de los Zondones,K5340XBW,Catamarca
eSQdrmOK5T,La Florida,K5340XBY,Catamarca
PHizb1wW3u,La Majada,K5340XCA,Catamarca
uIjf3Q9M8P,La Mesada,K5340XCB,Catamarca
49bpkh7uLb,La Palca,K5340XDM,Catamarca
ZQWUubvzKZ,La Puntilla de San Jose,K5340XDO,Catamarca
2UtTi-dWtp,La Ramadita,K5340XDP,Catamarca
JHitsjQKpz,Las Papas,K5340XDT,Catamarca
wsjAY9Wka-,Los Potrerillos,K5340XEB,Catamarca
rLmhO0wgve,Medanitos,K5340XAB,Catamarca
b_bu924QD6,Mesada de los Zarate,K5340XEG,Catamarca
DCRkaghPzt,Mesada Grande,K5340XEH,Catamarca
rwS8_p5_Ki,Pampa Blanca,K5340XEI,Catamarca
XqLS2kg1Op,Paso San Francisco,K5340XEJ,Catamarca
wJHTmyl6Ph,Plaza de San Pedro,K5340XEL,Catamarca
R3C428yoeN,Rio Grande,K5340XEN,Catamarca
NsJHMoMiLx,Santo Tomas,K5340XCE,Catamarca
acofUOJeNL,Saujil de Tinogasta,K5340XCF,Catamarca
GBc-7ml3NL,El Potrero,K4723XBI,Catamarca
ySKyB1A9Xd,Joyango,K5315XAR,Catamarca
aEpB4EYLhE,Kilometro 975,K5315XAS,Catamarca
GHU07VD9Gl,La Aguada Grande,K5315XAT,Catamarca
UlEZN-5EVT,La Yegua Muerta,K5315XAE,Catamarca
4JJW3QOT6U,Las Breas,K5315XAF,Catamarca
psBKXPQHqs,San Miguel,K5315XAW,Catamarca
WIEv791K4a,El Duraznillo,K4718XAT,Catamarca
aG9oQpCAVr,Huacra,K4718XAY,Catamarca
ZRuSTmER8a,La Viña de Abajo,K4718XAG,Catamarca
k_6u-AOhVI,Las Huertas,K4718XAH,Catamarca
2YsT3Tb6GK,Las Tranquitas,K4718XAI,Catamarca
iauz5_iBsh,Los Ovejeros,K4718XBC,Catamarca
AaNjPRPBlb,Los Pintados,K4718XBD,Catamarca
FGiXAV2kyy,Sauce Mayo,K4718XBN,Catamarca
uLjycObxtG,Sumampa,K4718XBO,Catamarca
5ze4uHHTOp,Agua Amarilla la Hoyada,K4139XBI,Catamarca
bt7DLbKE8I,Agua Amarilla Pta de Balasto,K4139XBJ,Catamarca
8gNvTfBj97,Ampajango,K4139XBK,Catamarca
fLow7sk1UH,Andalhuala,K4139XAZ,Catamarca
jjBkqlQIUs,Banda,K4139XBA,Catamarca
hQsekYXIja,Campitos,K4139XBB,Catamarca
nj48nCEare,Casa de Piedra,K4139XBD,Catamarca
UzIXFV_wdS,Caspinchango,K4139XBC,Catamarca
ZFLCFiJsLv,Cerrillos,K4139XBE,Catamarca
I08BClZJ05,Chafiñan,K4139XBF,Catamarca
99lOxtnRlO,Chañar Punco,K4139XAA,Catamarca
E7UE1USZsp,Corral Viejo,K4139XBH,Catamarca
sWbM4TUlxe,Desrumbe,K4139XAI,Catamarca
FL-KAKZzHI,El Arroyo,K4139XBG,Catamarca
x4WB-GjsAT,El Balde,K4139XBL,Catamarca
iF4dd8c54O,El Calchaqui,K4139XBN,Catamarca
MYOcCHFjXh,El Cerrito,K4139XBO,Catamarca
h3rk4ukMRK,El Medanito,K4139XBQ,Catamarca
BbCFxNdXyr,El Tesoro,K4139XCE,Catamarca
nV1t_uz9Wq,El Trapiche,K4139XBR,Catamarca
L9r0jAaFRS,El Zarzo,K4139XBS,Catamarca
CtHD5C4gH6,Entre Rios,K4139XBT,Catamarca
mb5btzG7Ca,Estancia Vieja,K4139XBU,Catamarca
6jltKQdrxL,Famabalastro,K4139XAT,Catamarca
hEuBrUvhCC,Famatanca,K4139XAC,Catamarca
J8DXaB--kR,Iapes,K4139XAU,Catamarca
0SPZ_aHCUe,Julipao,K4139XAV,Catamarca
FQdImVDdMp,La Ollada,K4139XAW,Catamarca
qhRdYodf4o,La Soledad,K4139XBV,Catamarca
J1uaHiiAqZ,Lampasito,K4139XCG,Catamarca
XYq4mWNw4k,Las Mojarras,K4139XAD,Catamarca
uQtd4dO5-W,Los Saltos,K4139XBX,Catamarca
bCq7ypUBr3,Medanito,K4139XBY,Catamarca
2sCBfN-QpP,Ovejeria,K4139XBZ,Catamarca
8t_LHZE6lt,Pajanguillo,K4139XCA,Catamarca
0j81oyGr-7,Capayan,K4728XAB,Catamarca
X9W10NCUdQ,Concepcion,K4728XBD,Catamarca
7NM8_N-TYj,El Milagro,K5260XDZ,Catamarca
FFI3WD2f16,Huillapima,K4728XAA,Catamarca
SytVFKhVr4,Lampasillo,K4728XAW,Catamarca
lXC7oMVSGa,Las Palmas,K4728XAX,Catamarca
HLGj-GLCjJ,Los Chañaritos,K4728XBC,Catamarca
kA4IKeiHQK,San Pablo,K4728XAL,Catamarca
zTQkp5yut-,San Pedro Capayan,K4728XAM,Catamarca
MrF4gE2qqk,Agua los Matos,K4701XBB,Catamarca
tDZ-mBTcLK,Baviano,K5260XCS,Catamarca
6vOe5Qzce3,Brea,K4701XAC,Catamarca
Dvgl_nxYib,Cañada Larga,K4701XAI,Catamarca
Ya4-TXUh98,Chacritas,K4701XBI,Catamarca
lBDK6WKL63,Corralito,K4750XCP,Catamarca
24VtIXPbDf,Estancia,K4701XCF,Catamarca
MIcUPiw2-0,Icaño,K5265XAA,Catamarca
XM7XWEodeD,La Barrosa,K5260XBX,Catamarca
MAgL54uBrV,La Parada,K5260XCU,Catamarca
-dPq2jFiYh,Las Cuchillas del Aybal,K4701XCP,Catamarca
-U7x3sK_my,Las Toscas,K5260XFF,Catamarca
f-4U0D8AAZ,Majada,K4701XCZ,Catamarca
0qEJdG3tcW,Puesto de Vera,K5260XFP,Catamarca
Raa6VMFcgq,Rio Chico,K5260XAB,Catamarca
shVZZou2hr,San Francisco,K5260XAF,Catamarca
wrV5Bi8yjl,Sauce de los Cejas,K4701XAT,Catamarca
AnY85TtJ7t,Sicha,K5260XFY,Catamarca
NtCnNbjIjP,Talar,K5340XBA,Catamarca
4BgqmicsvU,Yerba Buena,K4701XAY,Catamarca
etwCsoW-JY,Balcosna,K4718XAL,Catamarca
7bLoPwzMEz,Balcosna de Afuera,K4718XAM,Catamarca
_7SVDLaPzR,El Chamico,K4718XAQ,Catamarca
RlVaAz_gCq,El Ciflon,K4718XAR,Catamarca
6Tl8Kl5IuO,El Contador,K4718XAS,Catamarca
U3Pp8gAuM6,La Higuera,K4719XAA,Catamarca
xeRouA826c,La Ovejeria,K4719XAB,Catamarca
1G4mESJuG-,Las Lajas,K4718XAE,Catamarca
qhImk2vb_a,San Antonio de Paclin,K4718XBK,Catamarca
taxRzvOOgW,Tierra Verde,K4718XBR,Catamarca
2Dj5hgl9AN,Villa Collantes,K4718XBS,Catamarca
gg2F6XMvHV,Almigaucho,K4723XAH,Catamarca
m04wNmBEVn,Alta Gracia,K4723XAI,Catamarca
bLn96fT58u,Amancala,K4723XAJ,Catamarca
7XBZ2WRk6D,Ampolla,K4723XBB,Catamarca
B5j6aevnAC,Cachi,K4723XBC,Catamarca
YudKAKgJT8,Caridad,K4723XAG,Catamarca
8cwWGEfrY1,Dos Pocitos,K4723XBE,Catamarca
1-miOae0J4,Dos Troncos,K4723XBF,Catamarca
zh0B6C4Bx9,El Carmen,K4723XBG,Catamarca
ZzT9bVJsH9,El Saucecito,K4723XAD,Catamarca
yi4j8EBamD,La Bajada,K4723XAL,Catamarca
TxYX7AdQZL,La Victoria,K4723XAE,Catamarca
49VmhGPqwv,Las Cayas,K4723XAP,Catamarca
B8bg5RtBFj,Las Tunas,K4723XAS,Catamarca
bEaBTb_rvI,Los Altos,K4723XAA,Catamarca
ly0D78FojA,Los Bastidores,K4723XBK,Catamarca
QjKZ7OQC3W,Los Estantes,K4723XBL,Catamarca
237Mx0ZgT0,Los Molles,K4723XBM,Catamarca
QELHqbHlGC,Los Pocitos,K4723XBO,Catamarca
DDA3ZNBE9K,Los Troncos,K4723XBP,Catamarca
oUjBG-QYMs,Los Zanjones,K4723XBQ,Catamarca
ncwwe6xL4E,Manantiales,K4723XBR,Catamarca
8nw83394YZ,Mistol Ancho,K4723XBS,Catamarca
fGHg-IGYzq,Monte Redondo,K4723XBT,Catamarca
kR-HRkqXWM,Naipa,K4723XAF,Catamarca
OEedCZ4rRT,Ovanta,K4723XAT,Catamarca
zX2EyiTNl_,Pampa Chacra,K4723XAU,Catamarca
AEcIJcV6n3,Pozo del Algarrobo,K4718XBG,Catamarca
7ZLP4V_-Wi,Pozo del Campo,K4718XBH,Catamarca
AOzdH-rBTh,Puerta Grande,K4723XAV,Catamarca
Yu5hXpzwQ5,Puesto del Medio,K4723XAX,Catamarca
jpWJPP4YF6,Quebrachal,K4723XAY,Catamarca
aHsO2iyqM_,Quebrachos Blancos,K4723XAZ,Catamarca
VrkH1qSX6B,Quimilpa,K4723XBA,Catamarca
-v--rhmPvm,Salauca,K4723XBV,Catamarca
mof7yvI8yw,San Luis,K4723XBW,Catamarca
mpbrf7RLSl,San Pedro,K4723XBZ,Catamarca
tHglK7EAQT,Santos Lugares,K4723XAB,Catamarca
ikCLxtPCi0,Yaquicho,K4723XBX,Catamarca
WCbMbaBeOb,Acostilla,K4701XAZ,Catamarca
02IhQjRQUg,Amana,K4701XBD,Catamarca
FTYEpOgOne,Ancasti,K4701XBE,Catamarca
2JbbBk-xfe,Anquincila,K4701XAB,Catamarca
lMRutfsjBo,Cabrera,K4701XAD,Catamarca
EJbh6PytKO,Calacio,K4701XAE,Catamarca
UCJ2hkqGXq,Calera,K4701XAF,Catamarca
2TUZx7hRB_,Cañada de Ipizca,K4701XAG,Catamarca
JcSNyQqu0n,Cañada de Paez,K4701XAH,Catamarca
IIlrA2vJG9,Candelaria,K5260XDO,Catamarca
nkcCfiGpI7,Casa Armada,K4701XBF,Catamarca
GhEFgIgrqQ,Casa Vieja,K4701XBH,Catamarca
9XXsEyq0bM,El Arbolito,K4740XAK,Catamarca
KBjFLA0YlK,El Cevilarcito,K4701XBR,Catamarca
8yGyIMRjnh,El Chañaral,K5260XDV,Catamarca
GwVp7svl-U,El Chorro,K4701XBT,Catamarca
fIjh2SP5Ft,El Mojon,K4701XBU,Catamarca
M22dtZsbmY,El Mollar,K4701XBV,Catamarca
aasK2WH7dk,El Potrero de los Cordoba,K4701XBW,Catamarca
vKYB0ON4wr,El Pozo,K4701XBX,Catamarca
YfB-YBL6BE,El Sauce,K4701XCA,Catamarca
6bHR7GvWiU,El Sauce Ipizca,K4701XCB,Catamarca
LqyzHIebWr,El Taco,K4235XBV,Catamarca
mwi8Ay2S5E,El Zapallar,K4740XBG,Catamarca
ugdL5UfTWf,Guanaco,K4701XAK,Catamarca
4_WrboWpq0,Higuera del Alumbre,K4701XAL,Catamarca
bKVsm-d_of,Ipizca,K4701XAM,Catamarca
2vVf-KOzBG,La Aguadita,K5340XDK,Catamarca
Qr1NTaPZ3j,La Bebida,K4701XAP,Catamarca
0sYLpM3h6w,La Estancita,K4701XAJ,Catamarca
UVLjGeiPt_,La Higuerita,K4701XAS,Catamarca
a8jzpAvefF,Las Barrancas Casa Armada,K4701XCM,Catamarca
btXPxHAYzb,Las Chacras,K5340XDQ,Catamarca
i7nAa0hc_W,Loma Sola,K4701XCS,Catamarca
65bESHodcc,Los Bulacio,K4701XCT,Catamarca
Jg3IdvBuXT,Agua del Simbol,K4701XBA,Catamarca
IPTZF8y_j3,Alto Bello,K5260XCP,Catamarca
vquqbikOzB,Alto del Rosario,K4701XBC,Catamarca
l8HiGHClNk,Bañado de Divisadero,K5260XCR,Catamarca
S24kuU_xZr,Caballa,K5260XDM,Catamarca
wGQCgObiMc,Casa de la Cumbre,K4701XBG,Catamarca
MRqR7P3jed,Cortaderas,K4723XBY,Catamarca
ulkpyirfZ5,El Abra,K5260XBH,Catamarca
YjApNAn1Ki,El Arenal,K4701XBO,Catamarca
CKyNcUqyzd,El Aybal,K5260XBI,Catamarca
6orRfh4Rrv,El Barrial,K5260XBL,Catamarca
G6uzOauw8B,El Cacho,K5260XBN,Catamarca
yF6bbKyFCQ,El Cienago,K5260XDW,Catamarca
U50No5EF6Y,El Gacho,K5260XDX,Catamarca
ts0ViCoi17,El Mistolito,K5260XEA,Catamarca
tzeA8lb9SK,El Moreno,K5260XEB,Catamarca
HnLWdFYYld,El Polear,K5260XEC,Catamarca
2hEIAoxoO5,El Puestito,K5260XEF,Catamarca
cbvzQJKsrw,El Quebrachal,K4701XBY,Catamarca
SYNWv2yFJM,El Saladillo,K5260XGB,Catamarca
5baMemZq7T,El Saltito,K4701XBZ,Catamarca
shlyJdZZGA,El Suncho,K5260XEK,Catamarca
oJuk9jFZ5-,El Valle,K5260XEM,Catamarca
uYU6L2IRGR,Esquiu,K5261XAA,Catamarca
EZrSym97ZM,Garay,K5260XEQ,Catamarca
t_z0ya908Q,Kilometro 38,K5260XBR,Catamarca
Hd1qHjCa6W,La Antigua,K5260XBW,Catamarca
fYkSC8KYP4,La Colonia,K5260XEV,Catamarca
np2T-l85Kq,La Dorada,K5260XEW,Catamarca
WWS0HQryRK,La Montosa,K5260XFB,Catamarca
H8a6pyA361,La Peña,K5260XCV,Catamarca
BbXITG1PLK,La Quinta,K5260XCW,Catamarca
f0PrYqckJm,La Tigra,K4701XCK,Catamarca
hXHiLQNUUu,La Valentina,K5260XCY,Catamarca
fSCVfTfvXH,La Zanja,K5260XCZ,Catamarca
6TcMEEEOL3,Las Cortaderas,K5260XCT,Catamarca
hBk_0DvPCT,Las Cuchillas,K4701XCO,Catamarca
xjJMGMMvE4,Apoyaco,K5315XAL,Catamarca
sZUX_UHd8s,Establecimiento Minero Cerro B,K5315XAP,Catamarca
wwhIlD3pCE,Los Cajones,K5315XAD,Catamarca
u-LcRZPJDU,Mutquin,K5317XAA,Catamarca
XnbYbPcrGI,Retiro,K4723XBU,Catamarca
igAk0_M-yS,Retiro de Colana,K5315XAU,Catamarca
jKYQsnorD6,Rincon,K5315XAB,Catamarca
UPX0J9bPNw,Rosario de Colana,K5315XAV,Catamarca
6eTegsa9IQ,Chichagasta,K5260XDR,Catamarca
2K7d5AwncB,Ensenada,K5260XEP,Catamarca
gFqn8wT8KZ,Parana,G4203XBP,Santiago del Estero
qvKy9irmxp,Pozos Cavados,K5260XFM,Catamarca
cnMY4FERFk,Quiros,K5266XAA,Catamarca
lKL7MfF6yZ,Amadores,K4718XAK,Catamarca
Ba5jTTzxKt,Cerviño,K4718XAN,Catamarca
ZjMHO6DPZr,El Cevil,K4718XAP,Catamarca
wdYH_eNbX5,El Garabato,K4718XAU,Catamarca
PQB1FYj9T3,Monte Potrero,K4718XBE,Catamarca
UTKrMNZL3g,Palo Labrado,K4718XBF,Catamarca
7MSbfgW0hb,Portezuelo,K4707XAK,Catamarca
gbfymTX5H8,Rafael Castillo,K4718XBI,Catamarca
ozJWOuRwik,Salcedo,K4718XBJ,Catamarca
hcBHrOEK1S,Yocan,K4718XBT,Catamarca
w9TkjS0r6t,Colonia Nueva Coneta,K4724XAA,Catamarca
j1JhQoVXe_,Coneta,K4728XAC,Catamarca
s74pofpbLC,La Estrella,K4707XAW,Catamarca
vWzAZRyN6G,La Paraguaya,K4728XAV,Catamarca
j9mzY8Qtc1,Los Angeles,K4728XAY,Catamarca
keyNGxKJ-a,Los Bazan,K4728XAZ,Catamarca
jiT3iqFj97,Los Pinos,K4728XAG,Catamarca
jqCSTkH3Wg,San Lorenzo,K5260XAG,Catamarca
19sB3fD7aM,Sisiguasi,K4728XAF,Catamarca
CYlDDH3MsV,Ambato,K4715XAF,Catamarca
eNPvIp7kjX,Casa Viejas,K4715XAG,Catamarca
V0j6QWWiiv,Chuchucaruana,K4715XBI,Catamarca
0-XbYHL8BZ,Collagasta,K4707XAC,Catamarca
4dFrtC4GAH,Condor Huasi,K4740XAI,Catamarca
4HGqktxwxW,El Arbol Solo,K4715XBJ,Catamarca
2lQlMQELlS,El Bolson,K4715XBM,Catamarca
--mGRmZmob,El Nogal,K4715XBO,Catamarca
ZoMrOJaX4k,El Parque,K4715XBP,Catamarca
mcLprr8VuU,El Pie de la Cuesta,K4715XAQ,Catamarca
CijJ0BW3hT,El Potrerillo,K4715XAS,Catamarca
7EimUlaO99,El Pucara,K4740XBE,Catamarca
lG6s9SpbCZ,El Rodeo Grande,K4715XAP,Catamarca
ocAlBqeNKZ,El Tabique,K4715XAT,Catamarca
4mucqKqteS,Humaya,K4715XAV,Catamarca
cZsHX1Tj_F,Isla Larga,K4715XAW,Catamarca
NWxY2aY-ER,La Puerta,K4711XAA,Catamarca
NfJXhx90g0,Las Chacritas,K4715XBU,Catamarca
ciehlbhwVm,Las Pampitas,K4740XAP,Catamarca
eknrisXUHP,Los Castillos,K4715XBB,Catamarca
jFd_Mpgcwo,Los Guindos,K4715XBC,Catamarca
GmWkpnNQqS,Los Morteritos,K4750XDK,Catamarca
A_KtiJFBmJ,Los Narvaez,K4715XBF,Catamarca
O1Qq8fWeb5,Los Navarros,K4715XBG,Catamarca
HeSZ4fHA2Q,Los Talas,K4715XBH,Catamarca
hWFt4Y0Zw2,Los Varela,K4711XAC,Catamarca
ToTQR45dBE,Pomancillo,K4707XAF,Catamarca
Fcuk7xVy3-,Sierra Brava,K4707XAB,Catamarca
UCn_B3XMg6,Singuil,K4715XBZ,Catamarca
Mr5wVzJ_oC,Andalucia,K5340XDB,Catamarca
HG0Wfkaq2L,Cerro Negro,K5340XBO,Catamarca
yK4Tvo0Xsk,Cordobita,K5340XBQ,Catamarca
5rPRwgh8Ph,Kilometro 1006,K5340XDI,Catamarca
Q7Ea-4o5ch,Kilometro 999,K5340XDJ,Catamarca
_VYk5ASXNz,Los Balverdis,K5340XDW,Catamarca
AKS5mOwm4a,Los Gonzales,K5340XDX,Catamarca
4ANcbVQoAp,Los Quinteros,K5340XEC,Catamarca
5JLREMeR0G,Los Rincones,K5340XED,Catamarca
aRIvKepIPH,Peñas Blancas,K5340XEK,Catamarca
ZGf3c90jWj,Rio Colorado,K5340XEM,Catamarca
tZYMiYaJw-,Villa Seleme,K5340XEO,Catamarca
-LToe-Vefj,25 de Mayo,G4352XAA,Santiago del Estero
E-705z5Ckt,25 de Mayo Sud,G4231XAA,Santiago del Estero
ZaNUA6gqTk,Ancastillo,K4231XAD,Catamarca
oGmrRi7Snj,Anjuli,K4231XAE,Catamarca
qm2wtym1B2,Cerro Rico,G4231XAB,Santiago del Estero
xr2a1ZFSUt,El Barrialito,K5340XBL,Catamarca
6PvoXNDLKG,El Centenario,K4231XAF,Catamarca
JcEwg2fuJd,El Salvador,G4231XAC,Santiago del Estero
0UQTwKncZT,Garzon,K4231XAN,Catamarca
6w0zqzGyAM,La Renovacion,K4231XAG,Catamarca
5y6vJU3DBp,Las Iguanas,K4231XAH,Catamarca
xN5MYz20Ek,Las Palmitas,K4231XAI,Catamarca
pkEB8pM-t-,Las Tejas,K4231XAJ,Catamarca
OALgKbu9Cx,Los Cordobeses,K4231XAK,Catamarca
si-LDNYRo5,Palo Parado,K4231XAL,Catamarca
I4yhwvgjeM,Puesto de los Morales,K4231XAM,Catamarca
i7XkzBPojy,Durazno,K4750XCS,Catamarca
1TG6fUtb4y,El Tambillo,K5340XDH,Catamarca
7Gdl58lp7u,La Ramada,K4750XCF,Catamarca
10iRlq6cDH,Las Bayas,K4750XCJ,Catamarca
-A51iCrfLd,Londres Oeste,K4750XDI,Catamarca
HLTQ4auNj_,Los Colorados,K4750XDJ,Catamarca
jBlxAiKFUf,Piedra Larga,K4750XBE,Catamarca
ZK2_ggWxWT,Biscotal,K4715XAB,Catamarca
pyobXSzvUE,Chamorro,K4715XAH,Catamarca
ii8RaubJNW,Chavarria,K4715XAI,Catamarca
B6GfZkpsV3,Corralita,K4715XAC,Catamarca
dtmY0wCcrv,El Atoyal,K4715XBK,Catamarca
mMLaG3L-XL,El Biscote,K4715XBL,Catamarca
FDePW3FCzM,El Molinito,K4715XAD,Catamarca
-26O1FTq4n,El Realito,K4715XAE,Catamarca
jEafaEEzZN,Faldeo,K4715XAJ,Catamarca
-zhKosr_O8,Galpon,K4715XAK,Catamarca
QTgwsNI5td,La Aguita,K4715XAL,Catamarca
Ee6Xn18fo6,La Piedra,K4715XBR,Catamarca
UOMurQV1tV,La Salvia,K4715XAM,Catamarca
Gh74hdehK1,Lampaso,K4715XAN,Catamarca
YanNVB1HmY,Las Aguitas,K4715XBS,Catamarca
aW-m40PQNO,Las Barras,K4715XAO,Catamarca
ItxknmadfK,Las Burras,K4715XBT,Catamarca
jSKnyn96W-,Las Piedras Blancas,K4715XBA,Catamarca
v3oVM1vwkC,Los Loros,K4715XBD,Catamarca
kHYwuBhtN0,Molle Quemado,K4715XBY,Catamarca
pDn1hKOAVE,Villa Quintin Ahumada,K4715XCA,Catamarca
Vc9CHRHE_M,Banda de Lucero,K5340XDD,Catamarca
Zmk19vHgC8,Cienaguita,K5340XBP,Catamarca
xvuhKOiVNB,La Candelaria,K5340XBT,Catamarca
NW-XukTgqg,Viña del Cerro,K5340XEP,Catamarca
7SNwVaSBJs,Aconquija,K4740XAF,Catamarca
V0wjytEFk1,Alto de la Junta,K4740XAV,Catamarca
-qyndZI1fR,El Alamito,K4743XAA,Catamarca
mjo1Y6I9C_,El Espinillo,K4740XAM,Catamarca
hek_g9JsyC,La Alumbrera,K4740XAW,Catamarca
kxNNrNs1ua,Las Estancias,K4740XAO,Catamarca
LCx-ZnlwO4,Bajo Hondo,G4356XAC,Santiago del Estero
ZnENCwgO-m,Barrio Jardin,G4230XBW,Santiago del Estero
MoT86NWz8E,Bella Vista,G3740XBB,Santiago del Estero
kCkCBdUzB-,Beltran Loreto,G4205XAX,Santiago del Estero
m82lTMAcXr,Brea Chimpana,K4230XAA,Catamarca
yX_rcYHlxW,Buenos Aires,G4230XAI,Santiago del Estero
pzIeR6crAg,Campo de Amor,G4205XAY,Santiago del Estero
Fi4WntEhic,Cerrillos de San Isidro,G4230XBQ,Santiago del Estero
v_kL5jAuDU,Chañar Laguna,G4230XBX,Santiago del Estero
T_MHrTDvFf,Corralitos,K4230XAB,Catamarca
0NVjidwxzv,El Escondido,G4230XAA,Santiago del Estero
YYLVL0uU9l,El Milagro,G4230XAK,Santiago del Estero
EUZOR7BAOC,El Recreo,G4230XAN,Santiago del Estero
TnZH9J5Xrl,El Rodeo,G5251XCI,Santiago del Estero
JaTRx4aDmd,El Rosario,G4322XBP,Santiago del Estero
Lie6vL91Uz,Envidia,G4205XAZ,Santiago del Estero
ZtiIy-KDAA,Escuela 879,G4230XAQ,Santiago del Estero
05vCzOsLyQ,Guatana,G4230XBY,Santiago del Estero
7LGvyjQoSc,Inti Huasi,G5250XBP,Santiago del Estero
gGxVMiwAx7,Jumeal o Jumial,G4230XAM,Santiago del Estero
J_eh78R5Yl,Kilometro 1073,G4230XBZ,Santiago del Estero
xUpxuaMnF3,Kilometro 3,G4230XAV,Santiago del Estero
FCOverWkrg,La Esperanza,G4206XBM,Santiago del Estero
LUCGtMX5oV,La Esquina,G4201XAI,Santiago del Estero
1cYl5mFa8E,La Laguna,G4230XAW,Santiago del Estero
hofEyFMOIo,La Laura,G4205XBA,Santiago del Estero
_qKkAY29nA,Las Dos Flores,G4205XBB,Santiago del Estero
lDhHHMYlQR,Las Palomitas,G4230XBK,Santiago del Estero
8MpVlwZuu1,Las Tejas,G4230XBL,Santiago del Estero
CmhIq10F-s,Las Trincheras,G4230XBN,Santiago del Estero
GgKuFmtMEe,Los Ralos,G4205XBE,Santiago del Estero
Yyc67RxE7-,Lujan,G4353XBO,Santiago del Estero
FiIAOJNHCb,Monte Redondo,G4212XAD,Santiago del Estero
FnBxeLJP1x,Monteagudo,G4230XBO,Santiago del Estero
z7LtXVTRyB,Palo Lindo,G4230XBT,Santiago del Estero
zHOnREl-iG,Palo Parado,G4230XBU,Santiago del Estero
vF9Q53AORZ,Pampa Pozo,G4189XAH,Santiago del Estero
MQ6w-M3ibr,Porongal,G4205XBG,Santiago del Estero
U-i5-TnlJm,Pozancones,G4230XAJ,Santiago del Estero
jS2veJJreM,Pozo de la Puerta,G4230XCB,Santiago del Estero
VPFzBaw1oB,Puerta de las Piedras,G4230XCC,Santiago del Estero
vwGgu38U6q,Remansito,G4322XAL,Santiago del Estero
y8LVVbGq-s,San Carlos,G4201XBH,Santiago del Estero
5w02P8jo-H,San Ignacio,G4206XBH,Santiago del Estero
cbqmTSa51a,San Luis,G4301XDW,Santiago del Estero
JkK3gs0whL,San Patricio,G4230XBS,Santiago del Estero
7Uf_gFPQA6,Santa Rosa,G4206XAU,Santiago del Estero
K1jOjLonMf,Kilometro 128,K4728XAR,Catamarca
IUHxxfzdOh,San Geronimo,K4728XAI,Catamarca
SE4OCzSgV8,Trampasacha,K4728XBB,Catamarca
xI6O__GIfd,Agua de las Palomas,K4741XAA,Catamarca
d2Q2ziYROI,Amanao,K4740XAX,Catamarca
ReiOCwEvZu,Carapunco,K4740XBA,Catamarca
MbuqtOzYGV,Choya,K4741XAB,Catamarca
wrzwdnqvBO,La Laguna,K4740XAN,Catamarca
OIeCAkfxPI,Villa Coronel Arroyo,K4740XBP,Catamarca
