Escuela 339,T4187XCG,Tucumán
Obraje,T4129XAB,Tucumán
La Cuesta,T4126XAC,Tucumán
Gonzalo,T4122XBD,Tucumán
Virginia,T4186XAC,Tucumán
Tucumán,T4174XAX,La Tuna
Ruta Provincial 338,T4105XBB,Tucumán
El Barranquero,T4176XCX,Tucumán
Abra del Tafi,T4105XBK,Tucumán
El Naranjito,T4115XAF,Tucumán
El Talar,T4124XAD,Tucumán
Bajastine,T4164XAC,Tucumán
Ramaditas,T4242XBB,Tucumán
Anchillos,T4141XAH,Tucumán
Puesto 9 de Julio,T4242XBO,Tucumán
Tucumán,T4128XBK,Ruta Nacional 157
San Vicente,T4122XBJ,Tucumán
El Arenal,T4124XEB,Tucumán
San Juancito,T4242XBQ,Tucumán
Calera de Chirimayo,T4146XBQ,Tucumán
Casa de Campo,Buscar CPA,tucuman
Campo de los Cardones,T4137XCA,Tucumán
Los Santillan,Buscar CPA,Santiago del Estero
Escuela 21,Buscar CPA,tucuman
Escuela 104,T4168XEA,Tucumán
Casa Vieja,T4162XAE,Tucumán
Kilometro 1194,T4174XBG,Tucumán
Yaco,T4122XBV,Tucumán
Escuela 288,T4152XBI,Tucumán
Los Rojos,T4143XAD,Tucumán
El Espinal,A4126XAW,Salta
Punta de Rieles,T4115XBS,Tucumán
Cuesta de Chilca,T4146XAR,Tucumán
Los Cordoba,T4157XAO,Tucumán
Escuela 6,Buscar CPA,tucuman
Lomas de Imbaud,T4105XBA,Tucumán
Tucumán,T4124XDK,Cachi Yaco
Escuela 237,T4172XCR,Tucumán
Escuela 326,T4187XCE,Tucumán
Escuela 121,T4142XBC,Tucumán
Escuela 95,T4172XBV,Tucumán
Cevilarcito,T4111XCC,Tucumán
Escuela 302,T4176XBA,Tucumán
Favorina,T4115XAD,Tucumán
Tucumán,T4124XBT,Rearte
Ingenio los Ralos,T4182XAJ,Tucumán
Casa Santa,T4176XBV,Tucumán
Lapachitos,T4186XAK,Tucumán
Tucumán,T4242XAA,La Zanja
Aserradero,T4101XBV,Tucumán
Escuela 143,T4142XBH,Tucumán
Puerta San Javier,T4107XAM,Tucumán
Delfin Gallo,T4117XBA,Tucumán
Escuela M Ariza,T4142XCX,Tucumán
Belicha Huaico,T4149XAJ,Tucumán
Las Acostillas,T4113XAW,Tucumán
Esquina Norte,T4132XCH,Tucumán
Escuela 268,T4146XAK,Tucumán
Tucumán,T4122XAU,Rodeo Grande
Escuela 51,T4128XAY,Tucumán
Tuna Sola,T4122XAZ,Tucumán
El Naranjo,A4191XAC,Salta
Tucumán,T4124XCA,Tacanas
Escuela Gomez,T4172XCC,Tucumán
Alurralde,T4122XBF,Tucumán
El Milagro,T4124XDQ,Tucumán
El Cebil,T4152XAY,Tucumán
Barrancas,T4176XBP,Tucumán
Amberes,T4144XAD,Tucumán
Alto de Anfama,T4137XAA,Tucumán
Los Alamitos,T4158XBK,Tucumán
El Naranjo,T4113XAY,Tucumán
Barrio Textil,T4146XBP,Tucumán
Arocas,T4174XAO,Tucumán
Escuela 286,T4172XCV,Tucumán
Campo de Talamayo,T4158XBO,Tucumán
El Cuadro,Buscar CPA,tucuman
El Carmen,T4137XCO,Tucumán
Ciudacita,T4172XCM,Tucumán
Mal Paso,T4157XAH,Tucumán
Bella Vista,Buscar CPA,Tucumán
Villa la Trinidad,Buscar CPA,Tucumán
El Arqueal,T4137XCN,Tucumán
Ticucho,T4122XAY,Tucumán
Casa de Piedra,T4142XAM,Tucumán
Escaba,T4158XAN,Tucumán
El Rincon,T4157XAD,Tucumán
Cochuna,T4149XAE,Tucumán
El Cochuchal,T4117XBB,Tucumán
Colonia Marull,T4152XAU,Tucumán
El Naranjal,T4142XAZ,Tucumán
Escuela Velez Sarsfield,T4132XCG,Tucumán
El Churqui,G4184XBM,Santiago del Estero
El Chorro,T4124XFA,Tucumán
Escuela 152,T4187XAQ,Tucumán
Escuela 257,T4132XBV,Tucumán
Kilometro 180,T4000XAE,Tucumán
Salinas,T4122XAW,Tucumán
El Bagual,G4178XAA,Santiago del Estero
Escuela Manuel Domingo Bassail,T4146XBK,Tucumán
Tucumán,T4174XAY,Loma Grande
El Quebrachal,T4124XCY,Tucumán
Abra Baya,T4137XBL,Tucumán
Nuevo Pueblo la Florida,T4117XBJ,Tucumán
Barrio Casino,T4107XAF,Tucumán
Tucumán,T4103XAJ,El Duraznito
El Frasquillo,T4119XCR,Tucumán
Marapa,T4158XAU,Tucumán
Los Tres Bajos,T4161XAO,Tucumán
Escuela 247,T4128XAT,Tucumán
Tucumán,T4174XBZ,Los Perez
Escuela 63,T4132XCB,Tucumán
Lules,Buscar CPA,Tucumán
Colonia Mercedes,T4178XAH,Tucumán
Loma Verde,T4111XAZ,Tucumán
Criollas,T4122XBH,Tucumán
Moron,T4242XBL,Tucumán
Escuela 307,T4158XBD,Tucumán
Kilometro 36,T4158XAP,Tucumán
Escuela F Nogues,T4128XBD,Tucumán
Manantial de Ovanta,T4105XBG,Tucumán
Kilometro 102,T4132XBL,Tucumán
Finca Elisa,T4111XAC,Tucumán
El Rodeo,T4174XBP,Tucumán
Escuela 320,T4152XAO,Tucumán
Escuela 376,T4158XAK,Tucumán
Tucumán,T4101XCV,Chorrillos
Cevil Redondo,Buscar CPA,Tucumán
Puesto de los Valdes,T4149XAC,Tucumán
Simbolar,T4122XBM,Tucumán
Escuela 162,T4172XAZ,Tucumán
Tucumán,T4124XBD,La Aguada
Escuela 39,T4128XAX,Tucumán
El Barrialito,T4119XFI,Tucumán
Escuela 70,T4101XAW,Tucumán
El Paso,T4141XAE,Tucumán
Tala Bajada,T4195XAG,Tucumán
Alto de la Angostura,T4124XDF,Tucumán
Colonia Nro 2,T4187XAB,Tucumán
Escuela Capitan Gaspar de Medi,T4101XAX,Tucumán
Vipos,T4122XBB,Tucumán
Escuela 122,T4168XEE,Tucumán
Batiruana,T4162XCC,Tucumán
Macho Rastrojo,A4141XAB,Salta
El Chilcar,T4172XCN,Tucumán
Huturungo,G4184XBI,Santiago del Estero
Tucumán,T4124XBL,Los Puestos
Escuela 207,T4168XAN,Tucumán
Escuela 197,T4132XBC,Tucumán
Colonia Naschi,T4152XAV,Tucumán
Escaba de Abajo,T4158XAW,Tucumán
Escuela 164,T4101XAK,Tucumán
Tambor de Tacuari,T4117XBL,Tucumán
Tucumán,T4152XAD,Santa Rosa
Puente Rio Sali,T4109XAG,Tucumán
El Batiruano,Buscar CPA,tucuman
Escuela 337,Buscar CPA,tucuman
Escuela 51,Buscar CPA,tucuman
Tres Flores,G4184XBG,Santiago del Estero
Ingenio Santa Ana,T4155XAD,Tucumán
Barborin,T4124XCJ,Tucumán
Escuela 269,T4172XCU,Tucumán
El Junquillar,T4124XDP,Tucumán
Escuela 189,T4176XAX,Tucumán
Escuela 188,Buscar CPA,tucuman
Ingenio Concepcion,T4109XAF,Tucumán
El Cuibal,A4126XAF,Salta
El Prado,T4184XAC,Tucumán
Alto del Puesto,T4176XBQ,Tucumán
Escuela Granaderos de San Mart,T4105XAW,Tucumán
Encrucijada,T4242XAX,Tucumán
Ampatilla,T4174XBX,Tucumán
Campo de las Gallinas,Buscar CPA,tucuman
Tucumán,T4128XAJ,El Ceibal
El Espinal,T4137XAB,Tucumán
El Molle Viejo,T4137XDD,Tucumán
Ingenio Marapa,T4158XBT,Tucumán
Tucumán,T4122XAN,Desmonte
Los Agueros,T4174XAA,Tucumán
Cruz Alta,T4178XBY,Tucumán
Cañada Larga,T4101XBI,Tucumán
Las Criollas,T4124XCN,Tucumán
El Tostado,Buscar CPA,tucuman
Monasterio,T4103XAP,Tucumán
Choromoro,T4122XAL,Tucumán
Las Cañitas,T4124XBI,Tucumán
El Cadillal,Buscar CPA,tucuman
Tucumán,T4152XAJ,Mercedes
Alto Nuestra Señora del Valle,T4109XAB,Tucumán
El Palomar,G5253XAS,Santiago del Estero
Lescano,T4146XBC,Tucumán
Estacion de Zootecnia B,T4000XAG,Tucumán
Las Cejas,T4172XAO,Tucumán
La Planta,T4174XBS,Tucumán
Java,T4149XAT,Tucumán
Pueblo Obrero,T4103XAR,Tucumán
Los Ocho Cuartos,T4152XAE,Tucumán
Escuela 264,T4152XBD,Tucumán
Escuela 180,T4176XAI,Tucumán
Esquina,T4111XCG,Tucumán
Noario,T4113XAN,Tucumán
La Ramada,T4103XAD,Tucumán
Rio Lules,T4166XAA,Tucumán
Escuela 93,T4172XBS,Tucumán
Chamico,T4119XBX,Tucumán
Escuela 165,T4142XCP,Tucumán
Campo Blanco,T4137XBY,Tucumán
Casas Viejas,T4124XDY,Tucumán
El Jardin,A4126XAV,Salta
Ingenio la Fronterita,T4132XCI,Tucumán
Colonia Agricola,T4111XBJ,Tucumán
Las Animas,T4176XDV,Tucumán
Anta,Buscar CPA,tucuman
Los Guchea,T4151XAQ,Tucumán
San Pereyra,T4182XAB,Tucumán
Araoz,T4178XFD,Tucumán
La Salvacion,Buscar CPA,Tucumán
Escuela 322,T4172XBI,Tucumán
Tucumán,T4172XCO,El Jardin
Escuela 84,T4172XBR,Tucumán
El Toro,T4137XDG,Tucumán
Las Cuevas,T4146XAM,Tucumán
Escuela 267,T4158XBC,Tucumán
San Felipe,T4105XBU,Tucumán
Cevil Redondo,Buscar CPA,tucuman
Ingas,T4174XBU,Tucumán
Tucumán,T4101XBE,La Cienaga
Laguna Blanca,T4111XBU,Tucumán
El Pelado de Paranillo,T4124XED,Tucumán
Escuela Olegario Andrade,T4162XBU,Tucumán
Tucumán,T4172XAO,Las Cejas
Camino del Peru,T4105XBD,Tucumán
Huasa Pampa Norte,T4163XAE,Tucumán
Cuatro Sauces,Buscar CPA,tucuman
Escuela 212,T4128XAQ,Tucumán
Lolita,T4182XAF,Tucumán
Escuela 256,T4101XAP,Tucumán
Aranilla,Buscar CPA,tucuman
Escuela 156,T4168XEK,Tucumán
Puesto Cienaga Amarilla,T4103XAO,Tucumán
Sacrificio,T4161XAI,Tucumán
El Puesto,T4178XBA,Tucumán
Escuela 147,T4168XEI,Tucumán
Tucumán,T4111XBP,Pozo del Alto
Escuela V Generala,T4158XBE,Tucumán
Campo Zauzal,T4137XCS,Tucumán
Piedra Grande,T4146XBO,Tucumán
La Maravilla,A4430XBA,Salta
La Calera,T4158XBG,Tucumán
Alto de los Reales,T4137XBR,Tucumán
Humaita 1,T4151XAO,Tucumán
El Rosario,T4113XAZ,Tucumán
Miraflores,A4434XBT,Salta
Escuela Araoz Alfaro,T4172XBZ,Tucumán
El Guardamonte,T4113XAF,Tucumán
Ramos,T4242XBC,Tucumán
El Lamparazo,T4137XDB,Tucumán
Casa de Campo,T4137XCQ,Tucumán
Escuela 346,T4176XAT,Tucumán
Escuela Pedro Medrano,T4162XBV,Tucumán
Escuela 64,T4152XAP,Tucumán
Tucumán,T4172XCI,Buena Vista
Escuela 137,T4152XAZ,Tucumán
Villa Muñecas,T4000XAA,Tucumán
Monte Potrero,G4197XAN,Santiago del Estero
Escuela 113,T4105XAT,Tucumán
Mancopa Chico,T4115XBI,Tucumán
Negro Potrero,T4135XAL,Tucumán
Las Cejas,G4221XAG,Santiago del Estero
Escuela 69,T4158XAL,Tucumán
Guzman Estacion Fcgb,T4117XBF,Tucumán
Añil,G4184XAT,Santiago del Estero
Sauce Yacu,T4122XBK,Tucumán
Potrerillos,T4162XBP,Tucumán
El Manantial,Buscar CPA,Tucumán
Chavarria,T4155XAI,Tucumán
El Potrero,T4124XAF,Tucumán
Abra del Infiernillo,T4137XBO,Tucumán
Agua Dulce,T4168XDG,Tucumán
Escuela 206,T4132XBU,Tucumán
Tucumán,T4124XDQ,El Milagro
Rodeo del Algarrobo,T4122XAT,Tucumán
Caspinchango,T4135XAC,Tucumán
Yatapayana,T4113XAQ,Tucumán
Escuela 88,Buscar CPA,tucuman
Escuela Alfonsina Storni,T4152XAS,Tucumán
Las Leguas,T4149XAN,Tucumán
Multiflores,T4152XAL,Tucumán
Colonia Juan Jose Iramain,T4147XAB,Tucumán
Ea la Verde,G4184XBL,Santiago del Estero
Escuela 151,T4176XAD,Tucumán
Escuela 198,T4172XBC,Tucumán
Escuela 355,T4162XBQ,Tucumán
Escuela 11,T4168XEC,Tucumán
Escuela 339,Buscar CPA,tucuman
Suncho Punta,T4164XAB,Tucumán
Puerta Grande,G4184XAH,Santiago del Estero
Avestilla,T4113XAB,Tucumán
Escuela 253,T4128XAG,Tucumán
Pacara Pintado,T4111XAJ,Tucumán
Tucumán,T4124XAH,El Puestito
Ruta Provincial 334,T4162XAU,Tucumán
Escuela 175,T4168XEN,Tucumán
Alto las Flores,T4152XBN,Tucumán
Juan Posse,T4111XAW,Tucumán
Agua Blanca,T4168XCM,Tucumán
Maria Blanca,T4157XAI,Tucumán
Potrero,T4129XAC,Tucumán
Escuela 34,T4187XCH,Tucumán
Escuela 205,T4187XBP,Tucumán
Escuela 199,T4172XBD,Tucumán
Tucumán,T4122XAK,Casa del Alto
Escuela 243,T4128XAS,Tucumán
Tala Paso,T4141XAO,Tucumán
San Antonio,T4115XAX,Tucumán
La Manga,T4103XAC,Tucumán
Escuela 138,T4158XAY,Tucumán
El Cruce,Buscar CPA,tucuman
Tucumán,T4124XCI,Agua Salada
Escuela 145,Buscar CPA,tucuman
Alto las Lechuzas,T4178XEN,Tucumán
Tolombon,Buscar CPA,Salta
La Falda,T4103XBB,Tucumán
Naranjito,T4115XAH,Tucumán
Posse Desvio Particular Fcgm,T4115XBF,Tucumán
Lopez Dominguez,T4184XAH,Tucumán
Los Reyes,T4143XAC,Tucumán
Casa del Alto,T4122XAK,Tucumán
Chorrillos,T4101XCV,Tucumán
Los Puestos,T4124XBL,Tucumán
Laureles,T4132XAW,Tucumán
El Cardenal,T4178XAI,Tucumán
Aconquija,T4107XAE,Tucumán
Escuela 18,T4146XAE,Tucumán
Los Callejones,T4152XAW,Tucumán
Pueblo Nuevo,T4164XAA,Tucumán
Tucumán,T4178XFE,El Mojon
Kilometro 794,T4111XAX,Tucumán
Gaspar Suarez,G4184XAW,Santiago del Estero
Campo Grande,T4159XAB,Tucumán
Tucumán,T4124XDY,Casas Viejas
Escuela Congresales Tucumanos,T4132XCD,Tucumán
Kilometro 55,T4155XAG,Tucumán
El Antigal,T4137XCM,Tucumán
Santa Cruz,T4149XAU,Tucumán
El Mutul,Buscar CPA,tucuman
Colonia Bascary,Buscar CPA,tucuman
B Zorrilla,T4142XAG,Tucumán
Pozo Lerdo,G4184XBA,Santiago del Estero
Chañar Pozo,T4168XEY,Tucumán
Escuela 146,T4168XEH,Tucumán
Tucumán,T4178XFC,Los Villagra
Alto de los Gimenez,T4124XDG,Tucumán
Escuela 16,T4172XAY,Tucumán
Nueva Esquina,T4161XAN,Tucumán
Bañado del Valle,T4111XAR,Tucumán
El Indio,T4142XAY,Tucumán
Kilometro 1235,T4166XAF,Tucumán
Escuela 105,T4168XEB,Tucumán
Tucumán,T4132XBQ,Colonia Santa Rita
La Tapia,T4157XAM,Tucumán
El Ceibal,T4128XAJ,Tucumán
El Atacal,T4119XCK,Tucumán
Escuela 344,T4187XCI,Tucumán
La Cañada,T4124XCZ,Tucumán
Escuela 234,T4146XAI,Tucumán
Los Bulacio,T4105XAO,Tucumán
Huasamayo Sud,T4122XAC,Tucumán
Arroyo Atahona,T4174XBY,Tucumán
Cañada Yerba Buena,T4129XAM,Tucumán
Tuscal Redondo,T4186XAB,Tucumán
Escuela 340,Buscar CPA,tucuman
La Rinconada Parada,T4107XAC,Tucumán
Manuel Garcia Fernandez,Buscar CPA,Tucumán
Escuela Gregoria Lamadrid,T4146XBJ,Tucumán
Villa de Leales,Buscar CPA,Tucumán
Escuela 291,Buscar CPA,tucuman
Tucumán,T4105XBU,San Felipe
Tucumán,T4124XEB,El Arenal
Escuela 166,T4187XBL,Tucumán
Aragones,T4142XAK,Tucumán
El Pozo,T4124XAG,Tucumán
Tucumán,T4242XBN,Pozo Hondo
Tucumán,T4111XAQ,Bajo Grande
Tucumán,T4168XER,Ruta Nacional 9
El Pacara,G4178XAB,Santiago del Estero
Escuela 17,T4146XAD,Tucumán
Gramajos,T4159XAR,Tucumán
Escuela 35,T4142XBO,Tucumán
Escuela 380,Buscar CPA,tucuman
El Manantial,Buscar CPA,tucuman
Balderrama,T4172XCH,Tucumán
La Esperanza,G4206XBM,Santiago del Estero
Sauce Gaucho,T4242XBU,Tucumán
Escuela 15,T4172XCY,Tucumán
El Gramillar,G4197XAI,Santiago del Estero
Escuela 216,T4124XBA,Tucumán
El Suncho,T4115XBQ,Tucumán
Tucumán,T4111XAX,Kilometro 794
Escuela 214,T4124XAP,Tucumán
Arroyo Mal Paso,T4157XAK,Tucumán
Caspichango Viejo,T4142XAI,Tucumán
Antillas,T4119XBO,Tucumán
Ruta Provincial 380,T4128XBO,Tucumán
El Guayacan,T4178XAC,Tucumán
Carapunco,T4137XCP,Tucumán
El Durazno,T4174XBN,Tucumán
Pozo Lindo,G4184XBB,Santiago del Estero
Burruyacu,T4119XBQ,Tucumán
Campo la Flor,T4178XAU,Tucumán
Campo Herrera,Buscar CPA,Tucumán
El Morado,Buscar CPA,tucuman
La Fronterita,T4111XBT,Tucumán
El Casial,T4137XCX,Tucumán
Ruta Provincial 308,T4158XBL,Tucumán
Chuscha,T4122XAM,Tucumán
Escuela 28,Buscar CPA,tucuman
Jusco Pozo,T4115XAN,Tucumán
Potrero de las Cabras,T4152XAH,Tucumán
Las Tres Flores,T4132XAD,Tucumán
Tucumán,T4111XCD,Campana
San Pablo,T4129XAK,Tucumán
Escuela 145,T4168XEG,Tucumán
Chañar Muya,T4168XEX,Tucumán
Tucumán,T4158XAV,El Churqui
Cevil Pozo,Buscar CPA,tucuman
El Duraznito,T4103XAJ,Tucumán
Costilla,T4142XAP,Tucumán
Escuela 107,T4101XAI,Tucumán
Paraiso,T4117XBN,Tucumán
Pozo del Alto,T4111XBP,Tucumán
Escuela 140,T4152XBA,Tucumán
Colonia el Sunchal,T4168XAC,Tucumán
Cruz del Norte Estacion Fcgm,T4178XBL,Tucumán
Tucumán,T4174XBP,El Rodeo
Tucumán,T4124XDT,El Pelado
Escuela Mario Bravo,T4162XBD,Tucumán
Capilla,T4124XDM,Tucumán
Ischillon,T4146XBM,Tucumán
Escuela 135,T4142XBE,Tucumán
San Miguel,T4122XBI,Tucumán
Los Villegas,T4115XBB,Tucumán
El Pavon,T4115XBP,Tucumán
Escuela 326,Buscar CPA,tucuman
Alizal,T4122XBE,Tucumán
Anta Chica,T4187XBI,Tucumán
Barrealito,Buscar CPA,tucuman
Barrio Belgrano,T4109XAC,Tucumán
Lastenia,Buscar CPA,Tucumán
Horco Molle,T4105XAY,Tucumán
Establecimiento las Colonias,T4115XBJ,Tucumán
Escuela 297,T4172XCW,Tucumán
El Pozo,Buscar CPA,tucuman
Tucumán,T4111XBC,Rosario Oeste
Escuela 88,T4132XCC,Tucumán
La Colonia,T4115XAA,Tucumán
Escuela 149,T4187XAT,Tucumán
Tucumán,T4176XDV,Las Animas
Escaba de Arriba,T4158XAX,Tucumán
Tucumán,T4124XBN,Molle Yaco
Tucumán,T4242XAS,El Paraiso
Escuela 124,T4132XBE,Tucumán
Vilca Pozo,T4111XBZ,Tucumán
Palo Blanco,T4161XAD,Tucumán
Escuela 333,T4128XAV,Tucumán
9 de Julio,T4242XAF,Tucumán
Campo de las Gallinas,T4137XBZ,Tucumán
Escuela 159,T4162XBH,Tucumán
Tucumán,T4105XAR,La Banda
Colonia los Chasales,T4105XBO,Tucumán
Escuela 131,T4172XAW,Tucumán
Escuela 73,T4162XBS,Tucumán
Benjamin Paz,T4122XAJ,Tucumán
Escuela 183,T4172XBA,Tucumán
Escuela 1 Junta,T4168XAM,Tucumán
Los Canteros,A4195XAC,Salta
El Cortaderal,T4168XCE,Tucumán
El Boyero,T4124XEC,Tucumán
Antama,T4137XBB,Tucumán
Los Britos,T4113XAH,Tucumán
Tucumán,T4178XAB,San Ignacio
Las Salinas,T4101XCZ,Tucumán
El Cambiado,G4187XAR,Santiago del Estero
El Cuarteadero,T4103XAZ,Tucumán
San Julian Yaco,T4122XAX,Tucumán
Escuela Ramon Carrillo,T4101XBC,Tucumán
Calimayo,T4105XBL,Tucumán
El Bagual,T4178XFG,Tucumán
Buen Retiro,T4132XAR,Tucumán
Escuela 25,T4162XAO,Tucumán
Escuela 131,Buscar CPA,tucuman
Santa Luisa,T4186XAM,Tucumán
Poliar,T4174XBC,Tucumán
Escuela 173,T4187XBN,Tucumán
Taco,T4117XAN,Tucumán
Escuela Monte Grande,T4132XCF,Tucumán
Escuela 222,T4128XAR,Tucumán
7 de Abril,Buscar CPA,Tucumán
El Remate,G4195XAA,Santiago del Estero
Escuela Ing Bertre,T4128XBG,Tucumán
La Esperanza,T4151XAA,Tucumán
Santillan,T4186XAN,Tucumán
Escuela 207,Buscar CPA,tucuman
Ruta Nacional 38,T4142XCK,Tucumán
Campo Alegre,T4176XBW,Tucumán
El Nial,T4176XCM,Tucumán
Higueritas,T4107XAH,Tucumán
Escuela 210,T4101XAL,Tucumán
Soledad,T4115XAZ,Tucumán
La Iguana,T4242XAL,Tucumán
Escuela 114,T4168XED,Tucumán
Kilometro 1438,T4162XBY,Tucumán
La Libertad,T4186XAF,Tucumán
Tucumán,T4168XCM,Agua Blanca
El Puesto del Medio,T4187XAC,Tucumán
Escuela 353,T4187XAV,Tucumán
El Mistol,T4124XCX,Tucumán
El Palcara,T4151XAT,Tucumán
El Tiro Argentino,T4103XAK,Tucumán
Los Villagra,T4178XFC,Tucumán
Colonia Sobrecasa,T4168XDS,Tucumán
Mixta,T4115XAR,Tucumán
Mercedes,T4152XAJ,Tucumán
Escuela 186,T4146XAG,Tucumán
Escuela 153,T4168XEJ,Tucumán
El Churquis,T4142XAX,Tucumán
Escuela 369,T4187XAY,Tucumán
Escuela 187,T4176XAW,Tucumán
Escuela Ee Uu,T4101XAY,Tucumán
Tucumán,T4111XAJ,Pacara Pintado
Tusca Pozo,G4322XBT,Santiago del Estero
Barrio Diagonal,T4101XAE,Tucumán
Escuela 146,Buscar CPA,tucuman
Luz y Fuerza,T4103XAN,Tucumán
Animas,T4176XBZ,Tucumán
Escuela 180,Buscar CPA,tucuman
Salamanca,T4122XAV,Tucumán
Escuela 100,T4132XBD,Tucumán
Escuela 123,T4176XBD,Tucumán
La Aguada,T4124XBD,Tucumán
Escuela Ibatin,T4142XCV,Tucumán
Escuela 195,T4168XAL,Tucumán
Escuela 361,T4142XBP,Tucumán
Finca Pereyra,T4135XAB,Tucumán
Los Chañares,T4141XAW,Tucumán
Tucumán,T4137XEB,La Maravilla
Campo Azul,T4115XBU,Tucumán
Planta Compresora Ypf,T4174XBB,Tucumán
Tucumán,T4111XAT,Cortaderas
Cañada Alegre,T4119XBP,Tucumán
Escuela Manuel Borda,T4142XBR,Tucumán
Aguadita,T4101XAA,Tucumán
Colonia San Luis,T4178XBV,Tucumán
Los Zelayas,T4115XBC,Tucumán
Gral Anselmo Rojo,T4103XAA,Tucumán
Chañarito,T4168XEZ,Tucumán
Cajas Viejas,T4162XAF,Tucumán
Kilometro 5,T4166XAD,Tucumán
El Huaico,T4142XAB,Tucumán
Villa la Colmena,T4103XAX,Tucumán
Los Guayacanes,T4158XAT,Tucumán
Escuela 66,T4152XAQ,Tucumán
El Tropezon,Buscar CPA,tucuman
Quebrada de Lules,T4129XAH,Tucumán
Santa Victoria,A4550XAD,Salta
Ingenio Santa Rosa,T4143XAF,Tucumán
Sargento Moya,Buscar CPA,Tucumán
Bajo Hondo,G4356XAC,Santiago del Estero
El Espinillo,T4117XAK,Tucumán
Tucumán,T4159XAP,Los Diaz
Camas Amontonadas,T4115XBT,Tucumán
Totoritas,T4141XAQ,Tucumán
Punta Rieles,T4115XBG,Tucumán
Los Perez,T4174XBZ,Tucumán
Escuela 18,Buscar CPA,tucuman
Suriyacu,T4195XAF,Tucumán
Las Mojarritas,A4195XAB,Salta
Quemadito,G4195XAB,Santiago del Estero
Carolinas Bajas,Buscar CPA,tucuman
Escuela 292,T4187XBZ,Tucumán
Puma Pozo,T4111XBM,Tucumán
Aparadero Militar Gral Muñoz,T4142XAF,Tucumán
Granja Modelo,T4101XAB,Tucumán
Don Bartolo,G4184XAC,Santiago del Estero
Managua,T4141XAM,Tucumán
Asna Yaco,T4119XES,Tucumán
Andres Ferreyra,T4178XBM,Tucumán
Colonia Sarmiento,T4101XCA,Tucumán
La Empatada,T4111XAY,Tucumán
Leon Rouges,T4143XAA,Tucumán
Escuela 343,Buscar CPA,tucuman
Chasquivil,T4105XAE,Tucumán
Aguada de Jorge,T4124XDE,Tucumán
La Banderita,T4132XAB,Tucumán
Boca del Tigre,T4178XAT,Tucumán
Tucumán,T4105XAZ,La Sala
El Mojon,T4178XFE,Tucumán
Tucumán,T4137XDA,El Lamedero
Los Pizarro,T4162XAY,Tucumán
Los Porceles,T4111XAD,Tucumán
Escuela 299,T4101XAQ,Tucumán
Tucumán,T4128XBO,Ruta Provincial 380
Colonia el Tarco,T4178XAF,Tucumán
Los Agudos,T4152XBP,Tucumán
El Portezuelo,Buscar CPA,tucuman
Villa Vieja Santa Ana,T4155XAE,Tucumán
Monteagudo,Buscar CPA,Tucumán
Colonia 4 de Colombres,T4178XFR,Tucumán
Ensenada,T4174XAP,Tucumán
Los Galpones,T4157XAP,Tucumán
Puente el Manantial,Buscar CPA,tucuman
El Puestito,T4124XAH,Tucumán
Pozo Hondo,T4242XBN,Tucumán
Escuela 21,T4152XBC,Tucumán
Anegados,T4168XDH,Tucumán
Monte Quemado,G4195XAC,Santiago del Estero
Tusca Pozo,T4113XBB,Tucumán
Casa de Zinc,T4137XCR,Tucumán
Cejas de Aroca,T4172XCK,Tucumán
Escuela 282,T4162XAP,Tucumán
Tucumán,T4117XAZ,San Pedro
El Barco,T4119XBZ,Tucumán
Amimpa,T4176XBS,Tucumán
Tucumán,T4137XAO,Los Pocitos
Estacion Superior Agricola,T4101XCR,Tucumán
Monte Largo,T4117XBH,Tucumán
Tucumán,T4119XCD,Concepcion
Escuela Florencio Varela,T4146XBI,Tucumán
Lachico,T4242XAN,Tucumán
Kilometro 46,T4158XAQ,Tucumán
Riarte,T4126XAB,Tucumán
Colalao del Valle,Buscar CPA,Tucumán
San Jose,T4124XCT,Tucumán
Los Diaz,T4159XAP,Tucumán
Escuela 185,Buscar CPA,tucuman
Escuela 303,T4176XBB,Tucumán
Escuela 258,T4142XCS,Tucumán
Cevil Grande,T4155XAH,Tucumán
Escuela 352,T4158XAJ,Tucumán
Escuela,T4105XAS,Tucumán
California,T4119XBS,Tucumán
Escuela 203,T4172XBG,Tucumán
La Puerta,T4101XCC,Tucumán
Cienaguita,T4137XCJ,Tucumán
Kilometro 1220,T4166XAE,Tucumán
Castillas,T4172XAD,Tucumán
Pirhuas,T4115XBE,Tucumán
Escuela 316,T4176XAR,Tucumán
Colonia Tacapunco,T4105XBP,Tucumán
Escuela 265,T4124XDV,Tucumán
Tio Franco,T4141XAP,Tucumán
Puesto Nuevo,T4163XAD,Tucumán
Alto la Totora,Buscar CPA,tucuman
El Interes,T4119XCS,Tucumán
Escuela 65,T4146XBF,Tucumán
Agua Salada,T4124XCI,Tucumán
Tucumán,T4176XAB,Los Sauces
Candelillal,T4111XCB,Tucumán
Escuela 200,T4132XBT,Tucumán
Escuela Guillermina Moreira,T4132XCE,Tucumán
Isca Yacu Semaul,G4184XBO,Santiago del Estero
Superintendente Ledesma,G4184XBE,Santiago del Estero
Rio Vipos,T4122XAS,Tucumán
Escuela 255,T4101XBD,Tucumán
Chabela,T4117XAC,Tucumán
Escuela 59,T4101XAV,Tucumán
Escuela 133,T4172XAX,Tucumán
Benjamin Araoz,T4119XET,Tucumán
Tucumán,T4168XCH,Ruta Provincial 306
Escuela 23,T4137XDK,Tucumán
Puerta Grande,T4164XAG,Tucumán
Chilca,T4242XAP,Tucumán
Fagsa,T4105XCD,Tucumán
Atahona,T4172XAJ,Tucumán
Los Estanques,T4103XAH,Tucumán
Tucumán,T4103XAD,La Ramada
El Mollar,T4124XDS,Tucumán
Escuela Miguel Azcuenaga,T4101XBA,Tucumán
Arboles Verdes,T4176XBT,Tucumán
Desmonte,T4122XAN,Tucumán
La Higuera,T4122XAP,Tucumán
El Aguilar,T4168XDT,Tucumán
Animas,G4184XAU,Santiago del Estero
Abra de Yareta,T4137XBN,Tucumán
Kilometro 108,T4132XAE,Tucumán
Bobadal,G4187XAT,Santiago del Estero
Tucumán,T4141XAA,Quilmes
Escuela 215,T4101XAM,Tucumán
Tucumán,T4111XBT,La Fronterita
Humaita,G4184XAX,Santiago del Estero
El Catorce,T4105XCM,Tucumán
Finca Mayo,T4182XAA,Tucumán
Tucumán,T4124XAD,El Talar
Escuela 13,T4142XBD,Tucumán
Escuela 138,Buscar CPA,tucuman
Los Ralos,G4205XBE,Santiago del Estero
El Brete,A4126XAE,Salta
Escuela 67,T4152XAR,Tucumán
El Sunchal,A4430XAY,Salta
Tucumán,T4158XBG,La Calera
Tucumán,T4119XAB,La Toma
Barrosa,T4176XDS,Tucumán
Cañada Honda,T4101XBH,Tucumán
Escuela 274,T4152XBE,Tucumán
Ceibal,A4126XAD,Salta
Malvinas,T4129XAA,Tucumán
Villa Quinteros,Buscar CPA,Tucumán
Los Sarmientos,Buscar CPA,Tucumán
Tucumán,T4162XAR,Puesto los Robles
Tucumán,T4115XBT,Camas Amontonadas
Las Lenguas las Leguas,T4149XAD,Tucumán
San Jose de Lules,T4128XAD,Tucumán
Escuela 251,T4128XAM,Tucumán
Alto Cazadera,T4137XBQ,Tucumán
Pacara,T4119XBA,Tucumán
Escuela Joaquin V Gonzalez,T4162XBC,Tucumán
Santa Elena,T4135XAH,Tucumán
Escuela 294,T4162XAQ,Tucumán
Leales,T4113XAV,Tucumán
Manuela Pedraza,T4166XAN,Tucumán
Los Trejos,T4174XCA,Tucumán
Escuela 215,Buscar CPA,tucuman
La Banda,T4105XAR,Tucumán
Carrichango,Buscar CPA,tucuman
Tucumán,T4176XBM,La Soledad
Pozo Lapacho,T4186XAO,Tucumán
Tucumán,T4162XAH,Retiro
Cachi Yaco,T4124XDK,Tucumán
Tucumán,T4111XCC,Cevilarcito
Colonia Felipe,T4105XBN,Tucumán
Los Gramajos,T4159XAE,Tucumán
Loma Grande,T4174XAY,Tucumán
Tucumán,T4174XBR,La Loma
Cossio,T4119XCC,Tucumán
Escuela 254,T4128XAH,Tucumán
Escuela Fortunata Garcia,T4101XAZ,Tucumán
Laguna Grande,T4103XAE,Tucumán
Beltran,T4242XAG,Tucumán
Molles,T4242XBP,Tucumán
Entre Rios,T4174XBQ,Tucumán
Tucumán,T4124XEE,El Porvenir
El Chañar,Buscar CPA,Tucumán
Ing Mercedes,T4152XAB,Tucumán
Campo Redondo,T4124XDL,Tucumán
Escuela 48,T4101XAU,Tucumán
Los Rodriguez,T4135XAG,Tucumán
Boca de la Quebrada,T4162XCD,Tucumán
Tucumán,T4122XBK,Sauce Yacu
Macomita,T4117XAQ,Tucumán
Escuela 128,T4124XAL,Tucumán
Puesto Grande,T4122XAR,Tucumán
Las Mercedes,T4111XBV,Tucumán
Tucumán,T4111XCB,Candelillal
Alabama,Buscar CPA,tucuman
Ucuchacra,T4158XBI,Tucumán
Los Alamos,T4105XCC,Tucumán
La Pinta y la Cuarenta,T4132XAF,Tucumán
Colonia Lolita Norte,T4182XAD,Tucumán
Escuela 157,T4168XEL,Tucumán
Alderetes,Buscar CPA,Tucumán
Colonia 4,T4178XFQ,Tucumán
Cuatro Gatos,Buscar CPA,tucuman
La Reina,T4174XBT,Tucumán
Dos Pozos,T4176XBY,Tucumán
Bustamante,T4184XAB,Tucumán
Escuela 99,T4172XBX,Tucumán
Escuela Mercedes Pacheco,T4146XBL,Tucumán
Yasyamayo,T4141XAR,Tucumán
Las Moreras,T4128XAC,Tucumán
Tucumán,T4117XAY,Lujan
El Durazno,G4187XAP,Santiago del Estero
Valenzuela,T4149XAV,Tucumán
Tucumán,T4111XBV,Las Mercedes
Potro Yaco,T4122XAG,Tucumán
San Jose de la Cocha,T4163XAC,Tucumán
Alpachiri,T4149XAI,Tucumán
Los Godos,T4117XBD,Tucumán
Escuela 75,T4176XAM,Tucumán
Banda,T4137XBX,Tucumán
Los Vega,T4146XBA,Tucumán
Taco Rodeo,T4159XAM,Tucumán
Iltico,T4146XAZ,Tucumán
Tucumán,T4137XCW,San Francisco
El Alpizar,T4124XEA,Tucumán
Tucumán,T4159XAH,Zapallar
Las Palmitas,Buscar CPA,tucuman
Los Ralos,Buscar CPA,Tucumán
Escuela 289,T4152XBJ,Tucumán
Los Alcaraces,T4105XBT,Tucumán
Taquello,T4117XAP,Tucumán
Aran,T4142XAL,Tucumán
Arroyo Mal Paso,Buscar CPA,tucuman
Escuela 204,T4124XAO,Tucumán
Ingenio Leales,T4111XAV,Tucumán
Las Zorras,T4115XAP,Tucumán
Chulca,T4124XCK,Tucumán
Retiro,G5257XAA,Santiago del Estero
Villa Carolina,T4147XAD,Tucumán
Ingenio San Juan,T4109XAE,Tucumán
Escuela 314,T4187XCD,Tucumán
El Arbolar,T4141XAK,Tucumán
El Palomar,T4186XAL,Tucumán
Colonia Felipe,Buscar CPA,tucuman
San Pedro de Aranda,A4430XBB,Salta
Colonia Pedro Leon Cornet,T4147XAC,Tucumán
Taficillo,T4103XAS,Tucumán
Tucumán,T4115XAX,San Antonio
Escuela L Blanco,T4128XBH,Tucumán
Tucumán,T4119XFK,La Cruz
Sala Vieja,T4242XBE,Tucumán
Escuela 368,T4187XAX,Tucumán
El Portezuelo,T4117XBO,Tucumán
Las Cañadas,T4113XAX,Tucumán
Muyo,T4146XBN,Tucumán
Los Vazquez,T4105XBI,Tucumán
Pozo Largo,T4195XAC,Tucumán
Escuela 134,T4172XCX,Tucumán
Rodeo Grande,T4122XAU,Tucumán
La Puerta de Marapa,T4158XAR,Tucumán
Posta,T4157XAA,Tucumán
Kilometro 781,T4184XAE,Tucumán
Escuela 150,T4187XAP,Tucumán
Colonia el Puesto,T4178XAE,Tucumán
Villa Tercera,T4182XAG,Tucumán
Kilometro 1185,T4174XBA,Tucumán
Escuela 242,T4187XBS,Tucumán
El Carrizal,T4141XAD,Tucumán
Escuela 36,T4172XBL,Tucumán
Los Juarez,T4113XAL,Tucumán
Campo Volante,T4172XCJ,Tucumán
El Zauzal,T4124XAE,Tucumán
Escuela 262,T4187XBV,Tucumán
Potrerillos,A4411XAT,Salta
Lagarte,T4174XAG,Tucumán
La Candelaria,A4126XAM,Salta
Las Brisas,T4242XAY,Tucumán
Tucumán,T4142XCK,Ruta Nacional 38
Colonia Santa Lucia,T4132XBP,Tucumán
Rosario Oeste,T4111XBC,Tucumán
El Cruce,T4178XCE,Tucumán
Escuela 260,T4128XAI,Tucumán
San Jose de Leales,T4113XAP,Tucumán
El Timbo,Buscar CPA,Tucumán
Escuela 276,T4187XBX,Tucumán
Zapallar,T4159XAH,Tucumán
Estacion Experimental Agricola,T4101XCQ,Tucumán
Dolavon,T4161XAL,Tucumán
Aragon,T4122XBG,Tucumán
Escuela 281,T4142XCT,Tucumán
Colonia Bascary,T4132XBN,Tucumán
Las Banderitas,T4132XAV,Tucumán
Las Tablitas,T4158XBJ,Tucumán
Loma Colorada,T4141XAV,Tucumán
Colonia Santa Clara,Buscar CPA,tucuman
La Ramadita,T4135XAE,Tucumán
Cochamolle,T4146XBS,Tucumán
Santa Lucia,Buscar CPA,tucuman
Casales,T4119XBW,Tucumán
Huacra,T4162XBW,Tucumán
Puertas,T4122XBR,Tucumán
El Suncal,T4124XAC,Tucumán
Tucumán,T4168XDG,Agua Dulce
Arcadia,Buscar CPA,Tucumán
Chalchacito,T4242XAH,Tucumán
El Castoral,T4168XDV,Tucumán
Aguas Blancas,T4119XBN,Tucumán
Romerello,T4163XAB,Tucumán
Las Celayas,T4115XBL,Tucumán
Ampimpa,T4137XBV,Tucumán
Los Gomez,T4113XAJ,Tucumán
Chigligasta,T4172XCL,Tucumán
Ruta Nacional 64,T4162XAT,Tucumán
Escuela 311,T4105XAU,Tucumán
Barrealito,T4115XAK,Tucumán
Tucumán,T4122XBI,San Miguel
Escuela 202,T4142XCQ,Tucumán
Las Encrucijadas,T4115XBN,Tucumán
Ponzacon,T4162XBO,Tucumán
Barranqueras,T4176XDR,Tucumán
Escuela 139,T4142XBF,Tucumán
Tucumán,T4122XBJ,San Vicente
Los Lescanos,T4174XAB,Tucumán
El Naranjito,Buscar CPA,tucuman
La Cienaga,T4101XBE,Tucumán
Los Alisos,T4158XBU,Tucumán
Los Quemados,T4113XAS,Tucumán
Junta,T4122XBU,Tucumán
Arbol Solo,T4178XAR,Tucumán
Kilometro 808,T4105XAL,Tucumán
Escuela 26,T4158XBA,Tucumán
Escuela 217,T4137XDI,Tucumán
Nuevos Mataderos,T4109XAA,Tucumán
Las Tipas,T4105XAC,Tucumán
Bilca Pozo,T4111XBR,Tucumán
La Loma,T4174XBR,Tucumán
Tucumán,T4168XES,Ruta Provincial 302
Talitas,T4242XBG,Tucumán
Arroyo Barriento,T4152XAT,Tucumán
Santa Ana,Buscar CPA,Tucumán
Tucumán,T4162XAU,Ruta Provincial 334
Escuela 28,T4137XDL,Tucumán
Las Talitas,T4101XAC,Tucumán
Nueva Esperanza,T4103XAQ,Tucumán
Agua el Simbo,T4124XDD,Tucumán
Punta del Monte,T4129XAD,Tucumán
El Naranjo,Buscar CPA,tucuman
Pozo Alto,T4111XAM,Tucumán
El Cedro,T4122XAO,Tucumán
Quinteros 2,T4144XAB,Tucumán
Escuela 144,T4142XCN,Tucumán
Rumi Punco,Buscar CPA,Tucumán
Colonia Pacara,T4132XBO,Tucumán
Monte Grande,Buscar CPA,tucuman
Escuela 246,T4187XBT,Tucumán
El Parana,G4184XAV,Santiago del Estero
Simbol,T4242XBV,Tucumán
Antu Mapu,T4119XER,Tucumán
Humaita 2,T4151XAP,Tucumán
Santa Rosa,T4152XAD,Tucumán
Escuela 239,T4146XAJ,Tucumán
El Arbolito,T4187XDP,Tucumán
Tucumán,T4105XAS,Escuela
Romera Pozo,T4115XAW,Tucumán
Cruz de Abajo,T4119XCG,Tucumán
Alem,A4126XAB,Salta
Escuela 20,T4172XBE,Tucumán
Las Tablas,T4129XAG,Tucumán
San Francisco,T4137XCW,Tucumán
Escuela 22,T4137XDJ,Tucumán
Ruiz de los Llanos,A4126XAQ,Salta
Cuatro Sauces,T4105XBJ,Tucumán
San German,T4242XBF,Tucumán
Las Juntas,T4122XAD,Tucumán
El Zanjon,T4101XCU,Tucumán
Colombres,Buscar CPA,Tucumán
Tucumán,T4172XCP,El Polear
Kilometro 925,T4103XAB,Tucumán
Cañete,T4186XAD,Tucumán
Leo Huasi,T4101XBM,Tucumán
Escuela 24,T4162XBJ,Tucumán
Alto la Totora,T4124XDH,Tucumán
Rafaela Pozo,T4115XAI,Tucumán
Lolita Nueva,T4182XAI,Tucumán
Chañar,T4176XBX,Tucumán
La Chilca,T4242XAK,Tucumán
Los Camperos,T4111XBA,Tucumán
Los Herreras,T4113XAK,Tucumán
Ingenio la Trinidad,T4151XAH,Tucumán
Escuela 94,T4172XBU,Tucumán
Ympas,T4159XAG,Tucumán
Ovejero,A4126XAK,Salta
Carrichango,T4132XAS,Tucumán
El Casial,Buscar CPA,tucuman
El Sauzal,T4176XCD,Tucumán
Escuela 279,T4152XBF,Tucumán
Chilcar,T4142XAN,Tucumán
El Matadero,T4132XBR,Tucumán
Rodeo,T4122XAH,Tucumán
Cevil Pozo,T4178XAX,Tucumán
Monte Redomon,T4162XAD,Tucumán
Acostilla,T4113XAR,Tucumán
Escuela 211,T4187XBR,Tucumán
Dique Escaba,T4158XBM,Tucumán
El Pila,T4162XBG,Tucumán
Rincon Huasa,T4152XAN,Tucumán
Los Planchones,T4105XAJ,Tucumán
Escuela 250,T4187XBU,Tucumán
Casa Rosada,T4178XAV,Tucumán
Ingenio Lules,T4128XAE,Tucumán
Rincon,T4103XBC,Tucumán
Escuela 213,T4137XDH,Tucumán
Escuela F N Laprida,T4128XBE,Tucumán
Tucumán,T4142XAE,Alto Verde
Agua Rosada,T4124XCH,Tucumán
Escuela 201,T4172XBF,Tucumán
Finca Tina,T4105XCE,Tucumán
Colonia Santa Marina,T4142XAJ,Tucumán
El Establo,T4119XCQ,Tucumán
Campo de los Cardones,Buscar CPA,tucuman
El Tropezon,T4132XBS,Tucumán
Escuela Cornelio Saavedra,T4172XCB,Tucumán
Villa Clodomiro Hileret,T4155XAB,Tucumán
Mancopa,T4115XBD,Tucumán
El Arbolito,G4176XAA,Santiago del Estero
Puesto de Avila,T4117XAL,Tucumán
Escuela 245,T4176XAZ,Tucumán
Escuela 3,Buscar CPA,tucuman
Antiguo Quilmes,T4137XBW,Tucumán
Churqui,T4119XFJ,Tucumán
25 de Mayo,T4242XAO,Tucumán
Escuela 129,T4172XAV,Tucumán
Tucumán,T4174XBQ,Entre Rios
Costa del Rio Seco,T4149XAP,Tucumán
Alto los Cardones,T4137XBU,Tucumán
Boba Yacu,T4124XDJ,Tucumán
Pala Pala,T4111XBB,Tucumán
Escuela 53,T4142XBQ,Tucumán
Las Colonias,T4115XBM,Tucumán
Fronteritas,T4111XCH,Tucumán
Tucumán,T4105XBB,Ruta Provincial 338
Colonia Santa Rita,T4132XBQ,Tucumán
Campo la Flor los Ralos,T4182XAE,Tucumán
Escuela 148,T4142XCO,Tucumán
Los Molles,T4242XBZ,Tucumán
Acequiones,T4124XDB,Tucumán
Tucumán,T4115XBQ,El Suncho
Villa Colmena,T4187XDA,Tucumán
Ampata,T4174XAW,Tucumán
Lazarte,T4174XBE,Tucumán
Coco,T4242XAQ,Tucumán
San Ignacio,T4178XAB,Tucumán
Estancia Suri Yaco,T4174XBW,Tucumán
Los Timbres,T4147XAG,Tucumán
San Carlos,T4124XBY,Tucumán
Escuela 350,T4101XAS,Tucumán
Escuela 287,T4152XBH,Tucumán
Escuela 60,Buscar CPA,tucuman
Tuscal,T4155XAA,Tucumán
Villa Belgrano,T4158XAD,Tucumán
Escuela 177,T4187XBO,Tucumán
Los Zaragoza,T4103XAM,Tucumán
Los Vallistos,T4109XAD,Tucumán
Escuela 348,T4128XAW,Tucumán
Los Pinos B,T4000XAB,Tucumán
La Toma,T4119XAB,Tucumán
Colonia Santa Marina,Buscar CPA,tucuman
San Jose de Macomita,T4117XAH,Tucumán
Padilla,T4133XAB,Tucumán
Saladillo,T4146XBT,Tucumán
Angostura,T4124XAB,Tucumán
Tucumán,T4115XBH,Agua Azul
Escuela 1,T4168XDX,Tucumán
San Ramon Chicligasta,T4149XAH,Tucumán
San Agustin,T4186XAI,Tucumán
Quinteros 1,T4144XAA,Tucumán
Escuela 309,T4124XDW,Tucumán
Barrio Casino,Buscar CPA,tucuman
Los Godoy,T4186XAG,Tucumán
El Tobar,T4172XAP,Tucumán
El Divisadero,T4158XAF,Tucumán
Mariño,T4117XAR,Tucumán
Cejas de Beñachillos,T4178XAW,Tucumán
Colonia Fara,T4147XAA,Tucumán
Retiro,T4162XAH,Tucumán
El Tuscal,T4157XAF,Tucumán
Tucumán,T4124XDR,El Molino
Abra Rica,T4178XFA,Tucumán
Escuela Cnel Geronimo Helguera,T4172XCA,Tucumán
Escuela 118,T4146XAF,Tucumán
La Invernada,T4158XBQ,Tucumán
Pueblo Viejo,T4164XAH,Tucumán
Santa Monica,T4135XAI,Tucumán
Escuela 103,T4168XDZ,Tucumán
La Grama,T4174XAS,Tucumán
Escuela 221,T4124XAQ,Tucumán
Puesto Chico,T4111XBQ,Tucumán
Arbolitos,G4322XBH,Santiago del Estero
La Aguadita,T4101XBF,Tucumán
Kilometro 784,T4184XAF,Tucumán
El Moyar,T4168XAE,Tucumán
Escuela 185,T4168XEO,Tucumán
Hoyada,T4105XCO,Tucumán
Tucumán,T4119XBA,Pacara
La Bolsa,T4137XEO,Tucumán
Tucumán,T4124XFA,El Chorro
Blanco Pozo,G4184XBK,Santiago del Estero
Acos,G4176XAD,Santiago del Estero
Alto el Puesto,T4159XAK,Tucumán
El Bañado,T4141XAC,Tucumán
Escuela 179,T4176XAH,Tucumán
Cortaderal,T4111XAS,Tucumán
El Churqui,T4158XAV,Tucumán
Campana,T4111XCD,Tucumán
El Aserradero,T4117XAB,Tucumán
Escuela 154,T4132XBF,Tucumán
Campo Volante,Buscar CPA,tucuman
Ojo de Agua,T4107XAJ,Tucumán
Tucumán,T4174XBV,La Florida
Escuela 182,T4176XAJ,Tucumán
Moras Minucas,T4152XAG,Tucumán
El Brete,T4124XDN,Tucumán
La Tipa,T4157XAN,Tucumán
El Infiernillo,T4137XCZ,Tucumán
Talamuyo,T4158XAC,Tucumán
Colonia Nro 2,Buscar CPA,tucuman
Escuela 219,T4101XAO,Tucumán
Pampa Larga,T4159XAI,Tucumán
Villa Alberdi,T4158XBR,Tucumán
Tucumán,T4117XAB,El Aserradero
Yunca Suma,T4146XAP,Tucumán
Escuela 34,Buscar CPA,tucuman
Las Higueritas,T4144XAE,Tucumán
Las Higuerillas,T4144XAC,Tucumán
Embalse el Cadillal,Buscar CPA,tucuman
Escuela 290,T4142XBK,Tucumán
Colonia Santa Lucia,Buscar CPA,tucuman
Gobernador Nouges,T4111XAA,Tucumán
Escuela 89,T4162XBT,Tucumán
Montuoso,T4242XBK,Tucumán
Campo Bello,T4159XAJ,Tucumán
El Bracho,Buscar CPA,Tucumán
Ahi Veremos,T4115XAJ,Tucumán
Pichao,T4141XAN,Tucumán
Potrero,A4195XAA,Salta
Escuela de Manualidades Ouanta,T4128XBA,Tucumán
Kilometro 1248,T4166XAG,Tucumán
Ingenio Santa Lucia,T4135XAK,Tucumán
Escuela 344,Buscar CPA,tucuman
Tucumán,T4105XBS,Los Aguirre
Tucumán,T4152XBP,Los Agudos
Taco Ralo,Buscar CPA,Tucumán
Escuela 263,T4158XBB,Tucumán
Ruta Provincial 301,T4128XBM,Tucumán
Duraznos Blancos,T4135XAD,Tucumán
El Cercado,T4142XAW,Tucumán
Colonia los Hills,T4101XBJ,Tucumán
Escuela 233,T4124XDU,Tucumán
Cañada de Viclos,T4178XFN,Tucumán
Calera Aconquija,T4119XBR,Tucumán
El Bachi,T4187XBJ,Tucumán
El Obraje,T4129XAJ,Tucumán
Escuela 160,T4132XBG,Tucumán
Escuela 285,T4142XBI,Tucumán
Escuela 332,T4172XBJ,Tucumán
Villa Zenon Santillan,T4000XAC,Tucumán
Los Mogotes,A4126XAI,Salta
Escuela 66,Buscar CPA,tucuman
El Molar,G4184XAE,Santiago del Estero
Rumi Yura,T4242XBD,Tucumán
Yaquilo,T4158XAE,Tucumán
Concepcion,T4119XCD,Tucumán
Colonia Nueva Trinidad,T4152XAX,Tucumán
Escuela 130,T4128XAP,Tucumán
Escuela Manuel Savio,T4128XBJ,Tucumán
Escuela 319,T4142XBN,Tucumán
Esquina del Llano,T4111XBX,Tucumán
Los Crespo,T4113XAI,Tucumán
Escuela 192,T4168XAJ,Tucumán
Lunarejos,T4113XAU,Tucumán
Cañada de la Cruz,T4119XBU,Tucumán
El Prado,Buscar CPA,tucuman
Chañar Viejo,T4117XAE,Tucumán
Puesto la Ramadita,T4135XAN,Tucumán
Escuela 174,T4168XEM,Tucumán
Las Cañas,T4141XAU,Tucumán
La Zanja,T4242XAA,Tucumán
Tucumán,T4152XAK,Monte Redondo
Vesubio,T4122XAI,Tucumán
El Cevilar Colombres,T4111XAG,Tucumán
Alabama Nueva,T4178XBK,Tucumán
Escuela 193,T4172XBB,Tucumán
Pozo Grande,T4195XAB,Tucumán
Chilcas,T4119XFM,Tucumán
Escuela 170,T4124XAM,Tucumán
Escuela 277,Buscar CPA,tucuman
Cañadas,T4176XBU,Tucumán
Banda del Rio Sali,Buscar CPA,Tucumán
Escuela 115,T4146XAB,Tucumán
Escuela 184,T4176XAV,Tucumán
Escuela 125,T4162XAN,Tucumán
Los Chañaritos,T4111XCA,Tucumán
La Cavera,T4105XAM,Tucumán
Gastona,T4149XAM,Tucumán
Santa Lucia,T4135XAA,Tucumán
Los Mistoles,T4162XAJ,Tucumán
Mistol,T4162XAI,Tucumán
El Durazno,Buscar CPA,tucuman
Escuela 298,T4132XBX,Tucumán
Buena Vista Oeste,T4168XEU,Tucumán
Kilometro 99,T4134XAA,Tucumán
El Molle,T4137XDC,Tucumán
Domingo Millan,Buscar CPA,tucuman
Tucumán,T4101XAA,Aguadita
Lovar,T4174XAZ,Tucumán
Bracho Viejo,T4178XBO,Tucumán
El Payanal,T4137XDQ,Tucumán
La Cocha,Buscar CPA,Tucumán
Escuela 72,T4176XAU,Tucumán
Cuesta de la Chilca,T4153XAD,Tucumán
Maria Luisa,T4174XAM,Tucumán
San Javier,G4322XBW,Santiago del Estero
Las Faldas,T4147XAF,Tucumán
La Encantada,T4111XBI,Tucumán
Escuela 393,T4101XAT,Tucumán
Consimo,T4174XAQ,Tucumán
Tucumán,T4172XAS,Yerba Buena
Portezuelo,T4124XBP,Tucumán
Coromama,T4119XCF,Tucumán
Colonia la Roca,T4178XBS,Tucumán
Jaya,T4149XAF,Tucumán
Bajo de Raco,T4103XAU,Tucumán
Uclar,G4184XAM,Santiago del Estero
Yanima,T4158XBP,Tucumán
Campo de los Chañares,T4137XCB,Tucumán
Tucumán,T4142XAN,Chilcar
Huasa Rincon,T4152XAI,Tucumán
Escuela 43,T4172XBO,Tucumán
Aranilla,T4134XAB,Tucumán
El Quebrachito,T4242XAU,Tucumán
Chañar Via,T4117XAD,Tucumán
Las Moritas,T4101XCY,Tucumán
El Jardin,T4172XCO,Tucumán
El Melon,T4178XEY,Tucumán
Naranjo Esquina,T4158XAB,Tucumán
Totorilla,T4141XAB,Tucumán
Carbon Pozo,T4111XAB,Tucumán
Puente el Manantial,T4166XAK,Tucumán
Viaducto del Toro,T4122XBA,Tucumán
La Capilla,T4128XAB,Tucumán
Alta Gracia de Villa Burruyacu,T4101XBX,Tucumán
Escuela 19,T4146XAH,Tucumán
Ingenio la Providencia,T4145XAA,Tucumán
El Tala,Buscar CPA,Salta
Campo la Cruz,T4161XAB,Tucumán
La Florida,T4174XBV,Tucumán
Agua Negra,T4101XBW,Tucumán
Las Talas,T4105XAN,Tucumán
Escuela Malvinas,T4128XBI,Tucumán
Tucumán,T4151XAA,La Esperanza
Sesteadero,T4242XBX,Tucumán
Falda de Arcadia,T4157XAG,Tucumán
Monte Grande,T4162XAZ,Tucumán
Las Trancas Tranquitas,T4101XCP,Tucumán
Tucumán,T4124XES,Monte Bello
Escuela 29,T4142XBJ,Tucumán
La Tuna,T4174XAX,Tucumán
Colonia Santa Clara,T4132XAT,Tucumán
Rio Chico,T4153XAC,Tucumán
Chañar Taqueño,T4117XAV,Tucumán
Tucumán,T4129XAJ,El Obraje
La Picada,T4103XAF,Tucumán
Chilca,Buscar CPA,tucuman
El Rincon,G4220XAD,Santiago del Estero
Escuela 292,Buscar CPA,tucuman
Las Colas,T4195XAA,Tucumán
Escuela Dean Salcedo,T4128XBB,Tucumán
Escuela 321,T4132XBY,Tucumán
Escuela 126,T4172XAU,Tucumán
Escuela Agueda de Posse,T4172XBY,Tucumán
Colonia San Miguel,T4178XBW,Tucumán
Puesto de Julipao,T4141XAT,Tucumán
Escuela 261,T4132XBW,Tucumán
Escuela 266,T4172XCT,Tucumán
Cachiyaco,T4168XEV,Tucumán
Kilometro 792,T4105XBE,Tucumán
Chañaritos,T4242XAI,Tucumán
El Ojo,T4122XBC,Tucumán
Abra el Candado,T4124XDC,Tucumán
Vielos,T4115XBR,Tucumán
El Paraiso,T4242XAS,Tucumán
El Carbon,T4184XAA,Tucumán
San Jenaro,T4129XAI,Tucumán
Taco Palta,T4117XAO,Tucumán
Escuela 85,T4146XBG,Tucumán
Escuela Almirante Brown,T4146XBH,Tucumán
Abra de la Picaza,T4137XBM,Tucumán
Escuela 300 la Picada,T4101XAR,Tucumán
San Pedro,T4117XAZ,Tucumán
Campo el Mollar,T4178XFM,Tucumán
Arroyo de la Cruz,T4132XAQ,Tucumán
Manchala,T4166XAJ,Tucumán
San Bernardo B,T4000XAF,Tucumán
Cañada el Arenal,T4168XCX,Tucumán
Tucumán,T4146XBT,Saladillo
El Sesteadero,T4242XAV,Tucumán
Medinas,Buscar CPA,Tucumán
Yaminas,T4158XBS,Tucumán
Escuela 244,T4162XBK,Tucumán
Kilometro 1207,T4174XBH,Tucumán
Colonia Acevedo,T4132XBM,Tucumán
El Pabellon,T4137XEK,Tucumán
Oran,T4142XCD,Tucumán
Escuela 318,T4158XAH,Tucumán
Escuela Luis Gianneo,T4152XBM,Tucumán
Corral Grande,T4137XCL,Tucumán
Colmena Lolita,T4182XAC,Tucumán
Escuela 6,T4146XBE,Tucumán
El Casialito,T4137XCY,Tucumán
Cervalito,T4124XDZ,Tucumán
Tucumán,T4124XCX,El Mistol
Alto del Lampazo,T4137XBT,Tucumán
El Corralito,T4158XAS,Tucumán
Tucumán,T4172XCW,Escuela 297
La Asuncion,A4430XAZ,Salta
El Polear,T4172XCP,Tucumán
Tucumán,T4115XBU,Campo Azul
Tucumán,T4122XAJ,Benjamin Paz
Los Amaya,T4174XCG,Tucumán
Colonia la Ortiz,T4178XBR,Tucumán
El Cadillal,T4124XDO,Tucumán
Escuela 366,T4187XAW,Tucumán
Carolinas Bajas,T4117XAU,Tucumán
Escuela 90,T4176XAN,Tucumán
Colonia San Ramon,T4101XBZ,Tucumán
Escuela 306,T4176XAL,Tucumán
El Pajal,T4178XCG,Tucumán
Aguada,T4137XBP,Tucumán
Uturungu,T4113XAA,Tucumán
Escuela Otilde de Toro,T4105XAX,Tucumán
Yerba Buena,T4172XAS,Tucumán
Kilometro 66,T4146XAT,Tucumán
El Nogalito,T4105XBQ,Tucumán
Anca Juli,T4105XAB,Tucumán
Tucumán,T4105XBV,Santa Barbara
El Cajon,T4119XCA,Tucumán
Ensenada,G4197XAJ,Santiago del Estero
Escuela 16,Buscar CPA,tucuman
Arenales,G4187XAG,Santiago del Estero
Escuela 313,T4187XCC,Tucumán
Costa Arroyo Esquina,T4111XAU,Tucumán
Suncho Pujio,G4184XAJ,Santiago del Estero
Cachi Yaco Apeadero Fcgb,T4113XBE,Tucumán
Tucumán,T4105XAN,Las Talas
El Vallecito,T4176XCE,Tucumán
Fuerte Quemado,Buscar CPA,Catamarca
Quisca Grande,A4141XAC,Salta
Alisos,T4137XBA,Tucumán
Puesto los Avilas,T4242XAZ,Tucumán
Villa Mitre,T4103XAT,Tucumán
Escuela 171,T4124XAN,Tucumán
Escuela 102,T4168XDY,Tucumán
El Potrerillo,T4137XDR,Tucumán
Graneros,Buscar CPA,Tucumán
Escuela 116,T4172XAT,Tucumán
Ceja Pozo,G4184XAB,Santiago del Estero
Escuela 208,T4187XBQ,Tucumán
Las Palmitas,T4115XAO,Tucumán
Ñorco,T4122XAE,Tucumán
La Quebrada,T4129XAN,Tucumán
Capitan Caceres,T4142XAH,Tucumán
Colonia Humaita Primera,T4151XAF,Tucumán
Membrillo,T4146XBB,Tucumán
Escuela Carlos Pellegrini,T4152XBK,Tucumán
Cuatro Gatos,T4107XAG,Tucumán
Calimonte,T4141XAJ,Tucumán
Finca Entre Rios,T4151XAN,Tucumán
Escuela 331,T4187XCF,Tucumán
Rescate,T4174XAH,Tucumán
Toro Muerto,T4242XBH,Tucumán
Paez,T4242XBM,Tucumán
Kilometro 19,T4162XBZ,Tucumán
Escuela 391,T4172XBM,Tucumán
Bello Horizonte,T4178XBN,Tucumán
Buena Vista,T4172XCI,Tucumán
Palmitas,T4115XAV,Tucumán
El Campo,T4176XCY,Tucumán
Escobas,T4159XAC,Tucumán
Curva de los Vegas,T4105XAK,Tucumán
Kilometro 1256,T4166XAH,Tucumán
Cerco Cuatro,T4178XBP,Tucumán
Bajo de los Sueldos,T4151XAL,Tucumán
Domingo Millan,T4161XAF,Tucumán
Finca Pacara,T4111XCF,Tucumán
Amaicha del Llano,T4168XCB,Tucumán
Huasa Pampa Sur,T4162XBF,Tucumán
Cañada de Alzogaray,T4117XAI,Tucumán
Condor Huasi,Buscar CPA,tucuman
Colonia Argentina,T4111XBK,Tucumán
Colonia Santa Catalina,T4142XAO,Tucumán
Buena Yerba,T4174XBL,Tucumán
Gomez Chico,T4113XAG,Tucumán
El Matal,T4119XCU,Tucumán
Escuela 191,T4176XAY,Tucumán
Escuela 345,T4172XBK,Tucumán
Puesto los Robles,T4162XAR,Tucumán
Poleo Pozo,G4306XAB,Santiago del Estero
Cañada Angosta,T4119XBT,Tucumán
Escuela E Canton,T4128XBC,Tucumán
San Miguel de Tucuman,Buscar CPA,Tucumán
Lacavera,T4105XCL,Tucumán
Escuela 387,T4146XBD,Tucumán
Tacanas,G4184XBF,Santiago del Estero
Tucumán,T4176XCD,El Sauzal
Colonia Maria Elena,T4129XAF,Tucumán
El Lamedero,T4137XDA,Tucumán
Escuela 194,T4168XAK,Tucumán
Escuela 178,T4176XAG,Tucumán
Escuela 41,T4172XBN,Tucumán
Iglesias,T4107XAK,Tucumán
Las Pavas,T4146XAN,Tucumán
El Carmen Puente Alto,T4178XCC,Tucumán
Carancho Pozo,T4168XEW,Tucumán
Escuela 241,T4172XCS,Tucumán
Escuela 12,T4128XAN,Tucumán
Escuela Ignacio Colombres,T4128XBF,Tucumán
Escuela 172,T4176XAF,Tucumán
Ingenio la Corona,T4146XAS,Tucumán
Tenene,G4184XAK,Santiago del Estero
Potrero de las Tablas,T4128XAL,Tucumán
Santa Barbara,T4105XBV,Tucumán
Nueva Trinidad,T4157XAS,Tucumán
Tucumán,T4105XAO,Los Bulacio
Bella Vista,G3740XBB,Santiago del Estero
Escuela 14,T4142XBG,Tucumán
Agua Colorada,T4119XBM,Tucumán
El Morado,T4119XCV,Tucumán
Tucumán,T4124XBY,San Carlos
El Palancho,T4176XCB,Tucumán
Monte Redondo,T4152XAK,Tucumán
Rincon de Quilmes,T4141XAG,Tucumán
Ñoreo,T4122XBQ,Tucumán
El Corte,T4178XCD,Tucumán
Pie del Aconquija,T4107XAL,Tucumán
Escuela 68,T4172XBQ,Tucumán
Los Arrietas,T4151XAU,Tucumán
San Jose de Flores,T4134XAD,Tucumán
Escuela Fray M Esquiu,T4142XCU,Tucumán
Ichipuca,T4172XAR,Tucumán
Escuela 347,T4187XAU,Tucumán
Ingenio la Florida,T4117XBE,Tucumán
Arboles Grandes,T4176XBO,Tucumán
Escuela 163,T4101XAJ,Tucumán
Tafi Viejo,Buscar CPA,Tucumán
Yalapa,T4147XAI,Tucumán
Polito,T4111XAK,Tucumán
Los Moyes,T4143XAB,Tucumán
Mojon,T4115XAB,Tucumán
Nasche,T4152XAM,Tucumán
Cuchillas,T4101XBY,Tucumán
Las Guchas los Guchea,T4151XAD,Tucumán
Talleres Nacionales,T4103XBA,Tucumán
Tucumán,T4122XAD,Las Juntas
Tucumán,T4124XBP,Portezuelo
Pampa Pozo,T4242XAB,Tucumán
Sepultura,T4122XBL,Tucumán
Casa de Piedras,T4158XBW,Tucumán
Alongo,T4161XAA,Tucumán
El Tostado,T4242XAW,Tucumán
Isca Yacu,G4184XBJ,Santiago del Estero
La Bomba,T4105XCA,Tucumán
Colonia Monteros,T4178XBU,Tucumán
Campo Solco los Cochamolles,T4146XBR,Tucumán
Escuela 280,T4152XBG,Tucumán
La Cañada Parada,T4107XAI,Tucumán
Embalse Rio Hondo,T4176XCF,Tucumán
Escuela 332,Buscar CPA,tucuman
Cachi Huasi,T4113XBD,Tucumán
Escuela 365,T4146XAL,Tucumán
El Duraznillo,T4105XBX,Tucumán
Pozo Hondo,Buscar CPA,Santiago del Estero
Cañada,T4129XAE,Tucumán
Tucumán,T4124XDS,El Mollar
El Atacat,T4168XDU,Tucumán
Puerta de Julipao,T4141XAF,Tucumán
Independencia,Buscar CPA,Tucumán
Villa Devoto,T4146XAO,Tucumán
Escuela 154,Buscar CPA,tucuman
Utrunjos,G4184XAN,Santiago del Estero
Ingenio Santa Barbara,Buscar CPA,Tucumán
Escuela 310,T4187XCB,Tucumán
Arenilla,T4134XAC,Tucumán
Alto de Medina,T4117XAS,Tucumán
Santa Isabel,T4152XBO,Tucumán
Monte Bello,T4124XES,Tucumán
Amaicha del Valle,Buscar CPA,Tucumán
Descanso,T4119XCH,Tucumán
Escuela J Castellano,T4142XCW,Tucumán
Boca del Tigre,G4306XAD,Santiago del Estero
Finca Lopez,T4117XBG,Tucumán
El Nogalito,Buscar CPA,tucuman
Rio Seco,Buscar CPA,Tucumán
Kilometro 10 Fcgb,T4161XAK,Tucumán
Tucumán,T4101XBF,La Aguadita
Tucumán,T4164XAH,Pueblo Viejo
Ceja Pozo,T4187XAA,Tucumán
Los Mendozas,T4174XBF,Tucumán
Alto del Huascho,T4137XBS,Tucumán
Tucumán,T4111XCG,Esquina
Escuela 315,T4142XBM,Tucumán
Escuela 190,T4158XAZ,Tucumán
El Porvenir,T4124XEE,Tucumán
Escuela 144,Buscar CPA,tucuman
La Huerta,T4162XBM,Tucumán
Los Arroyo,T4158XAO,Tucumán
Escuela 386,T4187XBA,Tucumán
Los Hilos,T4101XBN,Tucumán
Gastonilla,T4147XAE,Tucumán
Tucumán,T4122XAP,La Higuera
La Hoyada,T4105XAA,Tucumán
El Mutul,T4101XBK,Tucumán
Escuela 380,T4142XBT,Tucumán
La Sala,T4105XAZ,Tucumán
Tucumán,T4142XCD,Oran
Escuela 55,T4172XBP,Tucumán
La Reduccion,Buscar CPA,Tucumán
Tucumán,T4124XBZ,Santa Rita
Corona,T4174XBM,Tucumán
Cañada de los Negros,T4119XAE,Tucumán
Escuela 132,T4168XEF,Tucumán
Anjuana,T4141XAI,Tucumán
El Bobadal,G4187XAH,Santiago del Estero
Chañar Pago,T4111XBL,Tucumán
Villa Alberdi Estacion,T4158XBN,Tucumán
Escuela 343,T4176XAS,Tucumán
Los Aguirre,T4105XBS,Tucumán
Las Cienagas,T4135XAF,Tucumán
Sandis,T4115XAY,Tucumán
Tala Yaco,T4122XBN,Tucumán
Los Gramajo,T4159XAQ,Tucumán
Villa Marcos Paz,T4107XAB,Tucumán
El Mistolar,T4174XAE,Tucumán
Tucumán,T4168XDV,El Castoral
El Tala Est R de los Llanos,A4126XAT,Salta
Lujan,T4117XAY,Tucumán
El Pelado,T4124XDT,Tucumán
Niogasta,T4174XCB,Tucumán
Tucumán,T4124XAB,Angostura
Embalse el Cadillal,T4122XAA,Tucumán
Cevil Solo,T4157XAL,Tucumán
Tucumán,T4124XDL,Campo Redondo
Quisca Chica,T4141XAY,Tucumán
El Colcolar,T4162XAL,Tucumán
Escuela 218,T4101XAN,Tucumán
Tusquitas,T4113XBC,Tucumán
El Arenal,G4187XAV,Santiago del Estero
Acheral,Buscar CPA,Tucumán
Los Chamicos,T4105XBY,Tucumán
La Posta,T4162XCB,Tucumán
Tapia,T4122XBO,Tucumán
Las Tuscas Tuscal,T4155XAC,Tucumán
Tucumán,T4101XBG,Potrerillo
Escuela 375,T4187XAZ,Tucumán
Km 12,T4159XAA,Tucumán
Huasamayo,T4122XAB,Tucumán
Tucumán,T4101XAC,Las Talitas
Anfana,T4105XAD,Tucumán
San Rafael,T4129XAL,Tucumán
Los Sueldos,T4111XBH,Tucumán
Tucumán,T4124XAT,Escuela 356
Donato Alvarez,T4161XAE,Tucumán
Comuna la Esperanza,T4103XAI,Tucumán
Alabama,T4117XAT,Tucumán
Escuela 188,T4162XBI,Tucumán
Tucumán,T4119XFN,Las Zanjas
Tucumán,T4124XCT,San Jose
Rio Colorado,Buscar CPA,Tucumán
Fuerte Alto,T4158XBF,Tucumán
Monte Rico,T4152XAA,Tucumán
Luisiana Estacion Fcgm,T4117XAX,Tucumán
Escuela Domingo Garcia,T4152XBL,Tucumán
Tucumán,T4113XBD,Cachi Huasi
Barrancas Coloradas,T4132XBI,Tucumán
El Once,T4119XDB,Tucumán
El Siambon,T4105XAF,Tucumán
Posta Vieja,T4122XAF,Tucumán
Colonia Nueva Trinidad,Buscar CPA,tucuman
Escuela Antonio Medina,T4105XAV,Tucumán
Kilometro 29,T4159XAN,Tucumán
Los Lunas,T4155XAJ,Tucumán
Chilcal,T4111XBW,Tucumán
Ruta Nacional 157,T4128XBK,Tucumán
La Poblacion,A4444XAB,Salta
Cañada del Arenal,T4124XEW,Tucumán
Escuela 97,T4172XBW,Tucumán
Julipao,T4141XAL,Tucumán
Coromama,Buscar CPA,tucuman
Las Mesadas,T4132XAA,Tucumán
Kilometro 1412,T4162XBX,Tucumán
Carreta Quemada,T4146XAX,Tucumán
Moyar,T4115XAT,Tucumán
Cooperativa Agronomica,T4119XCE,Tucumán
Escuela 275,T4187XBW,Tucumán
El Azul,T4119XCL,Tucumán
Escuela 278,T4187XBY,Tucumán
Escuela 328,T4158XAI,Tucumán
San Gabriel,T4134XAE,Tucumán
Miguel Lillo,T4113XAM,Tucumán
Colonia la Bonaria,T4178XAG,Tucumán
Palomas,T4174XAU,Tucumán
Alto Verde,T4142XAE,Tucumán
Blanco Pozo,T4178XAS,Tucumán
San Luis de las Casas Viejas,T4159XAL,Tucumán
Condor Huasi,T4115XAM,Tucumán
Villa Alvear,T4146XAV,Tucumán
Quebrachito,T4242XCA,Tucumán
El Batiruano,T4158XAM,Tucumán
El Bajo,T4164XAD,Tucumán
Escuela 317,T4172XBH,Tucumán
La Lagunilla,T4163XAA,Tucumán
Colonia Mistol,T4178XBT,Tucumán
Escuela 101,T4142XBB,Tucumán
Los Romanos,T4113XAT,Tucumán
Corral Blanco,T4137XCK,Tucumán
Las Mellizas,T4107XAD,Tucumán
Kilometro 1402,T4162XBL,Tucumán
El Cevilar,T4178XBQ,Tucumán
Ingenio Cruz Alta,T4111XAI,Tucumán
Iguana,T4242XAE,Tucumán
Tucumán,T4157XAD,El Rincon
Los Hardoy,T4186XAH,Tucumán
El Cuadro,T4178XCF,Tucumán
Escuela 30,T4187XCA,Tucumán
Mato Yaco,T4122XBP,Tucumán
Tucumán,T4166XAI,San Ramon
El Puesto,Buscar CPA,tucuman
Puesto los Perez,T4242XBA,Tucumán
San Ramon,T4166XAI,Tucumán
Colonia 6,T4142XAC,Tucumán
Escuela Tambor de Tacuari,T4142XBS,Tucumán
Los Bajos,T4161XAH,Tucumán
Campo el Luisito,T4178XFO,Tucumán
Tucumán,T4178XEN,Alto las Lechuzas
Loma del Medio,T4122XAQ,Tucumán
La Cieneguita,A4141XAA,Salta
Las Ratas,T4132XAG,Tucumán
Escuela 74,T4176XAK,Tucumán
Cortaderas,T4111XAT,Tucumán
El Remate,T4195XAH,Tucumán
Balderrama Sur,T4174XBK,Tucumán
Escuela de Manualidades,T4128XAZ,Tucumán
Los Rizos,T4157XAR,Tucumán
El Molino,T4124XDR,Tucumán
Mayo,T4182XAH,Tucumán
Rincon de Balderrama,T4166XAL,Tucumán
Famailla,Buscar CPA,Tucumán
Tucumán,T4137XDR,El Potrerillo
Escuela 216,Buscar CPA,tucuman
El Nogal,T4161XAG,Tucumán
Amunpa,T4176XBN,Tucumán
Aguilares,Buscar CPA,Tucumán
Kilometro 1455,T4152XAF,Tucumán
Hitachi,T4105XCF,Tucumán
Escuela 11,Buscar CPA,tucuman
Corral Viejo,T4124XCL,Tucumán
Escuela 325,T4137XDM,Tucumán
Palominos,T4174XCC,Tucumán
Pozo Cavado,T4162XBB,Tucumán
Baradero,A4126XAC,Salta
Cohigac,T4178XAY,Tucumán
Durazno,T4242XAR,Tucumán
Molinos,T4151XAR,Tucumán
Bajo Grande,T4111XAQ,Tucumán
El Nogalar,T4135XAJ,Tucumán
Yucumanita,T4151XAE,Tucumán
Escuela 112,T4187XAR,Tucumán
Escuela 324,T4128XAU,Tucumán
Juan Bautista Alberdi,Buscar CPA,Tucumán
Quilmes,T4141XAA,Tucumán
Escuela 363,T4162XBR,Tucumán
Escuela 356,T4124XAT,Tucumán
Invernada,T4132XBK,Tucumán
Escuela 167,T4187XBM,Tucumán
Charco Viejo,G4306XAA,Santiago del Estero
Santa Teresa,T4117XAM,Tucumán
Tucumán,T4109XAC,Barrio Belgrano
Los Rios,T4157XAQ,Tucumán
Agua Azul,T4115XBH,Tucumán
Escuela Miguel Cervantes,T4101XBB,Tucumán
Quebracho Coto,G4195XAD,Santiago del Estero
Escuela 168,T4146XAC,Tucumán
Salazar,A4126XAR,Salta
La Cueva,T4126XAA,Tucumán
Escuela 187,Buscar CPA,tucuman
Nueva España,T4113XAO,Tucumán
Finca San Luis,T4132XAC,Tucumán
San Pedro,G4206XBG,Santiago del Estero
Escuela 236,T4142XCR,Tucumán
Escuela 233,Buscar CPA,tucuman
Escuela 158,T4176XAE,Tucumán
Tucumán,T4146XAF,Escuela 118
El Potrero,Buscar CPA,tucuman
Moya,T4117XBI,Tucumán
P G Mendez,T4117XBK,Tucumán
Escuela 176,T4152XBB,Tucumán
Tucumán,T4137XBP,Aguada
Escuela 373,T4132XCA,Tucumán
Tucumán,T4137XCO,El Carmen
Escuela 341,Buscar CPA,tucuman
Alto de Leiva,T4142XAD,Tucumán
Viteaca,G4184XAO,Santiago del Estero
Barrio Rivadavia,T4101XAG,Tucumán
Escuela 209,Buscar CPA,tucuman
