id,name,zip,sate
0000001,Escuela 339,T4187XCG,Tucumán
0000002,Obraje,T4129XAB,Tucumán
0000003,La Cuesta,T4126XAC,Tucumán
0000004,Gonzalo,T4122XBD,Tucumán
0000005,Virginia,T4186XAC,Tucumán
0000006,Tucumán,T4174XAX,La Tuna
0000007,Ruta Provincial 338,T4105XBB,Tucumán
0000008,El Barranquero,T4176XCX,Tucumán
0000009,Abra del Tafi,T4105XBK,Tucumán
0000010,El Naranjito,T4115XAF,Tucumán
0000011,El Talar,T4124XAD,Tucumán
0000012,Bajastine,T4164XAC,Tucumán
0000013,Ramaditas,T4242XBB,Tucumán
0000014,Anchillos,T4141XAH,Tucumán
0000015,Puesto 9 de Julio,T4242XBO,Tucumán
0000016,Tucumán,T4128XBK,Ruta Nacional 157
0000017,San Vicente,T4122XBJ,Tucumán
0000018,El Arenal,T4124XEB,Tucumán
0000019,San Juancito,T4242XBQ,Tucumán
0000020,Calera de Chirimayo,T4146XBQ,Tucumán
0000021,Casa de Campo,Buscar CPA,tucuman
0000022,Campo de los Cardones,T4137XCA,Tucumán
0000023,Los Santillan,Buscar CPA,Santiago del Estero
0000024,Escuela 21,Buscar CPA,tucuman
0000025,Escuela 104,T4168XEA,Tucumán
0000026,Casa Vieja,T4162XAE,Tucumán
0000027,Kilometro 1194,T4174XBG,Tucumán
0000028,Yaco,T4122XBV,Tucumán
0000029,Escuela 288,T4152XBI,Tucumán
0000030,Los Rojos,T4143XAD,Tucumán
0000031,El Espinal,A4126XAW,Salta
0000032,Punta de Rieles,T4115XBS,Tucumán
0000033,Cuesta de Chilca,T4146XAR,Tucumán
0000034,Los Cordoba,T4157XAO,Tucumán
0000035,Escuela 6,Buscar CPA,tucuman
0000036,Lomas de Imbaud,T4105XBA,Tucumán
0000037,Tucumán,T4124XDK,Cachi Yaco
0000038,Escuela 237,T4172XCR,Tucumán
0000039,Escuela 326,T4187XCE,Tucumán
0000040,Escuela 121,T4142XBC,Tucumán
0000041,Escuela 95,T4172XBV,Tucumán
0000042,Cevilarcito,T4111XCC,Tucumán
0000043,Escuela 302,T4176XBA,Tucumán
0000044,Favorina,T4115XAD,Tucumán
0000045,Tucumán,T4124XBT,Rearte
0000046,Ingenio los Ralos,T4182XAJ,Tucumán
0000047,Casa Santa,T4176XBV,Tucumán
0000048,Lapachitos,T4186XAK,Tucumán
0000049,Tucumán,T4242XAA,La Zanja
0000050,Aserradero,T4101XBV,Tucumán
0000051,Escuela 143,T4142XBH,Tucumán
0000052,Puerta San Javier,T4107XAM,Tucumán
0000053,Delfin Gallo,T4117XBA,Tucumán
0000054,Escuela M Ariza,T4142XCX,Tucumán
0000055,Belicha Huaico,T4149XAJ,Tucumán
0000056,Las Acostillas,T4113XAW,Tucumán
0000057,Esquina Norte,T4132XCH,Tucumán
0000058,Escuela 268,T4146XAK,Tucumán
0000059,Tucumán,T4122XAU,Rodeo Grande
0000060,Escuela 51,T4128XAY,Tucumán
0000061,Tuna Sola,T4122XAZ,Tucumán
0000062,El Naranjo,A4191XAC,Salta
0000063,Tucumán,T4124XCA,Tacanas
0000064,Escuela Gomez,T4172XCC,Tucumán
0000065,Alurralde,T4122XBF,Tucumán
0000066,El Milagro,T4124XDQ,Tucumán
0000067,El Cebil,T4152XAY,Tucumán
0000068,Barrancas,T4176XBP,Tucumán
0000069,Amberes,T4144XAD,Tucumán
0000070,Alto de Anfama,T4137XAA,Tucumán
0000071,Los Alamitos,T4158XBK,Tucumán
0000072,El Naranjo,T4113XAY,Tucumán
0000073,Barrio Textil,T4146XBP,Tucumán
0000074,Arocas,T4174XAO,Tucumán
0000075,Escuela 286,T4172XCV,Tucumán
0000076,Campo de Talamayo,T4158XBO,Tucumán
0000077,El Cuadro,Buscar CPA,tucuman
0000078,El Carmen,T4137XCO,Tucumán
0000079,Ciudacita,T4172XCM,Tucumán
0000080,Mal Paso,T4157XAH,Tucumán
0000081,Bella Vista,Buscar CPA,Tucumán
0000082,Villa la Trinidad,Buscar CPA,Tucumán
0000083,El Arqueal,T4137XCN,Tucumán
0000084,Ticucho,T4122XAY,Tucumán
0000085,Casa de Piedra,T4142XAM,Tucumán
0000086,Escaba,T4158XAN,Tucumán
0000087,El Rincon,T4157XAD,Tucumán
0000088,Cochuna,T4149XAE,Tucumán
0000089,El Cochuchal,T4117XBB,Tucumán
0000090,Colonia Marull,T4152XAU,Tucumán
0000091,El Naranjal,T4142XAZ,Tucumán
0000092,Escuela Velez Sarsfield,T4132XCG,Tucumán
0000093,El Churqui,G4184XBM,Santiago del Estero
0000094,El Chorro,T4124XFA,Tucumán
0000095,Escuela 152,T4187XAQ,Tucumán
0000096,Escuela 257,T4132XBV,Tucumán
0000097,Kilometro 180,T4000XAE,Tucumán
0000098,Salinas,T4122XAW,Tucumán
0000099,El Bagual,G4178XAA,Santiago del Estero
0000100,Escuela Manuel Domingo Bassail,T4146XBK,Tucumán
0000101,Tucumán,T4174XAY,Loma Grande
0000102,El Quebrachal,T4124XCY,Tucumán
0000103,Abra Baya,T4137XBL,Tucumán
0000104,Nuevo Pueblo la Florida,T4117XBJ,Tucumán
0000105,Barrio Casino,T4107XAF,Tucumán
0000106,Tucumán,T4103XAJ,El Duraznito
0000107,El Frasquillo,T4119XCR,Tucumán
0000108,Marapa,T4158XAU,Tucumán
0000109,Los Tres Bajos,T4161XAO,Tucumán
0000110,Escuela 247,T4128XAT,Tucumán
0000111,Tucumán,T4174XBZ,Los Perez
0000112,Escuela 63,T4132XCB,Tucumán
0000113,Lules,Buscar CPA,Tucumán
0000114,Colonia Mercedes,T4178XAH,Tucumán
0000115,Loma Verde,T4111XAZ,Tucumán
0000116,Criollas,T4122XBH,Tucumán
0000117,Moron,T4242XBL,Tucumán
0000118,Escuela 307,T4158XBD,Tucumán
0000119,Kilometro 36,T4158XAP,Tucumán
0000120,Escuela F Nogues,T4128XBD,Tucumán
0000121,Manantial de Ovanta,T4105XBG,Tucumán
0000122,Kilometro 102,T4132XBL,Tucumán
0000123,Finca Elisa,T4111XAC,Tucumán
0000124,El Rodeo,T4174XBP,Tucumán
0000125,Escuela 320,T4152XAO,Tucumán
0000126,Escuela 376,T4158XAK,Tucumán
0000127,Tucumán,T4101XCV,Chorrillos
0000128,Cevil Redondo,Buscar CPA,Tucumán
0000129,Puesto de los Valdes,T4149XAC,Tucumán
0000130,Simbolar,T4122XBM,Tucumán
0000131,Escuela 162,T4172XAZ,Tucumán
0000132,Tucumán,T4124XBD,La Aguada
0000133,Escuela 39,T4128XAX,Tucumán
0000134,El Barrialito,T4119XFI,Tucumán
0000135,Escuela 70,T4101XAW,Tucumán
0000136,El Paso,T4141XAE,Tucumán
0000137,Tala Bajada,T4195XAG,Tucumán
0000138,Alto de la Angostura,T4124XDF,Tucumán
0000139,Colonia Nro 2,T4187XAB,Tucumán
0000140,Escuela Capitan Gaspar de Medi,T4101XAX,Tucumán
0000141,Vipos,T4122XBB,Tucumán
0000142,Escuela 122,T4168XEE,Tucumán
0000143,Batiruana,T4162XCC,Tucumán
0000144,Macho Rastrojo,A4141XAB,Salta
0000145,El Chilcar,T4172XCN,Tucumán
0000146,Huturungo,G4184XBI,Santiago del Estero
0000147,Tucumán,T4124XBL,Los Puestos
0000148,Escuela 207,T4168XAN,Tucumán
0000149,Escuela 197,T4132XBC,Tucumán
0000150,Colonia Naschi,T4152XAV,Tucumán
0000151,Escaba de Abajo,T4158XAW,Tucumán
0000152,Escuela 164,T4101XAK,Tucumán
0000153,Tambor de Tacuari,T4117XBL,Tucumán
0000154,Tucumán,T4152XAD,Santa Rosa
0000155,Puente Rio Sali,T4109XAG,Tucumán
0000156,El Batiruano,Buscar CPA,tucuman
0000157,Escuela 337,Buscar CPA,tucuman
0000158,Escuela 51,Buscar CPA,tucuman
0000159,Tres Flores,G4184XBG,Santiago del Estero
0000160,Ingenio Santa Ana,T4155XAD,Tucumán
0000161,Barborin,T4124XCJ,Tucumán
0000162,Escuela 269,T4172XCU,Tucumán
0000163,El Junquillar,T4124XDP,Tucumán
0000164,Escuela 189,T4176XAX,Tucumán
0000165,Escuela 188,Buscar CPA,tucuman
0000166,Ingenio Concepcion,T4109XAF,Tucumán
0000167,El Cuibal,A4126XAF,Salta
0000168,El Prado,T4184XAC,Tucumán
0000169,Alto del Puesto,T4176XBQ,Tucumán
0000170,Escuela Granaderos de San Mart,T4105XAW,Tucumán
0000171,Encrucijada,T4242XAX,Tucumán
0000172,Ampatilla,T4174XBX,Tucumán
0000173,Campo de las Gallinas,Buscar CPA,tucuman
0000174,Tucumán,T4128XAJ,El Ceibal
0000175,El Espinal,T4137XAB,Tucumán
0000176,El Molle Viejo,T4137XDD,Tucumán
0000177,Ingenio Marapa,T4158XBT,Tucumán
0000178,Tucumán,T4122XAN,Desmonte
0000179,Los Agueros,T4174XAA,Tucumán
0000180,Cruz Alta,T4178XBY,Tucumán
0000181,Cañada Larga,T4101XBI,Tucumán
0000182,Las Criollas,T4124XCN,Tucumán
0000183,El Tostado,Buscar CPA,tucuman
0000184,Monasterio,T4103XAP,Tucumán
0000185,Choromoro,T4122XAL,Tucumán
0000186,Las Cañitas,T4124XBI,Tucumán
0000187,El Cadillal,Buscar CPA,tucuman
0000188,Tucumán,T4152XAJ,Mercedes
0000189,Alto Nuestra Señora del Valle,T4109XAB,Tucumán
0000190,El Palomar,G5253XAS,Santiago del Estero
0000191,Lescano,T4146XBC,Tucumán
0000192,Estacion de Zootecnia B,T4000XAG,Tucumán
0000193,Las Cejas,T4172XAO,Tucumán
0000194,La Planta,T4174XBS,Tucumán
0000195,Java,T4149XAT,Tucumán
0000196,Pueblo Obrero,T4103XAR,Tucumán
0000197,Los Ocho Cuartos,T4152XAE,Tucumán
0000198,Escuela 264,T4152XBD,Tucumán
0000199,Escuela 180,T4176XAI,Tucumán
0000200,Esquina,T4111XCG,Tucumán
0000201,Noario,T4113XAN,Tucumán
0000202,La Ramada,T4103XAD,Tucumán
0000203,Rio Lules,T4166XAA,Tucumán
0000204,Escuela 93,T4172XBS,Tucumán
0000205,Chamico,T4119XBX,Tucumán
0000206,Escuela 165,T4142XCP,Tucumán
0000207,Campo Blanco,T4137XBY,Tucumán
0000208,Casas Viejas,T4124XDY,Tucumán
0000209,El Jardin,A4126XAV,Salta
0000210,Ingenio la Fronterita,T4132XCI,Tucumán
0000211,Colonia Agricola,T4111XBJ,Tucumán
0000212,Las Animas,T4176XDV,Tucumán
0000213,Anta,Buscar CPA,tucuman
0000214,Los Guchea,T4151XAQ,Tucumán
0000215,San Pereyra,T4182XAB,Tucumán
0000216,Araoz,T4178XFD,Tucumán
0000217,La Salvacion,Buscar CPA,Tucumán
0000218,Escuela 322,T4172XBI,Tucumán
0000219,Tucumán,T4172XCO,El Jardin
0000220,Escuela 84,T4172XBR,Tucumán
0000221,El Toro,T4137XDG,Tucumán
0000222,Las Cuevas,T4146XAM,Tucumán
0000223,Escuela 267,T4158XBC,Tucumán
0000224,San Felipe,T4105XBU,Tucumán
0000225,Cevil Redondo,Buscar CPA,tucuman
0000226,Ingas,T4174XBU,Tucumán
0000227,Tucumán,T4101XBE,La Cienaga
0000228,Laguna Blanca,T4111XBU,Tucumán
0000229,El Pelado de Paranillo,T4124XED,Tucumán
0000230,Escuela Olegario Andrade,T4162XBU,Tucumán
0000231,Tucumán,T4172XAO,Las Cejas
0000232,Camino del Peru,T4105XBD,Tucumán
0000233,Huasa Pampa Norte,T4163XAE,Tucumán
0000234,Cuatro Sauces,Buscar CPA,tucuman
0000235,Escuela 212,T4128XAQ,Tucumán
0000236,Lolita,T4182XAF,Tucumán
0000237,Escuela 256,T4101XAP,Tucumán
0000238,Aranilla,Buscar CPA,tucuman
0000239,Escuela 156,T4168XEK,Tucumán
0000240,Puesto Cienaga Amarilla,T4103XAO,Tucumán
0000241,Sacrificio,T4161XAI,Tucumán
0000242,El Puesto,T4178XBA,Tucumán
0000243,Escuela 147,T4168XEI,Tucumán
0000244,Tucumán,T4111XBP,Pozo del Alto
0000245,Escuela V Generala,T4158XBE,Tucumán
0000246,Campo Zauzal,T4137XCS,Tucumán
0000247,Piedra Grande,T4146XBO,Tucumán
0000248,La Maravilla,A4430XBA,Salta
0000249,La Calera,T4158XBG,Tucumán
0000250,Alto de los Reales,T4137XBR,Tucumán
0000251,Humaita 1,T4151XAO,Tucumán
0000252,El Rosario,T4113XAZ,Tucumán
0000253,Miraflores,A4434XBT,Salta
0000254,Escuela Araoz Alfaro,T4172XBZ,Tucumán
0000255,El Guardamonte,T4113XAF,Tucumán
0000256,Ramos,T4242XBC,Tucumán
0000257,El Lamparazo,T4137XDB,Tucumán
0000258,Casa de Campo,T4137XCQ,Tucumán
0000259,Escuela 346,T4176XAT,Tucumán
0000260,Escuela Pedro Medrano,T4162XBV,Tucumán
0000261,Escuela 64,T4152XAP,Tucumán
0000262,Tucumán,T4172XCI,Buena Vista
0000263,Escuela 137,T4152XAZ,Tucumán
0000264,Villa Muñecas,T4000XAA,Tucumán
0000265,Monte Potrero,G4197XAN,Santiago del Estero
0000266,Escuela 113,T4105XAT,Tucumán
0000267,Mancopa Chico,T4115XBI,Tucumán
0000268,Negro Potrero,T4135XAL,Tucumán
0000269,Las Cejas,G4221XAG,Santiago del Estero
0000270,Escuela 69,T4158XAL,Tucumán
0000271,Guzman Estacion Fcgb,T4117XBF,Tucumán
0000272,Añil,G4184XAT,Santiago del Estero
0000273,Sauce Yacu,T4122XBK,Tucumán
0000274,Potrerillos,T4162XBP,Tucumán
0000275,El Manantial,Buscar CPA,Tucumán
0000276,Chavarria,T4155XAI,Tucumán
0000277,El Potrero,T4124XAF,Tucumán
0000278,Abra del Infiernillo,T4137XBO,Tucumán
0000279,Agua Dulce,T4168XDG,Tucumán
0000280,Escuela 206,T4132XBU,Tucumán
0000281,Tucumán,T4124XDQ,El Milagro
0000282,Rodeo del Algarrobo,T4122XAT,Tucumán
0000283,Caspinchango,T4135XAC,Tucumán
0000284,Yatapayana,T4113XAQ,Tucumán
0000285,Escuela 88,Buscar CPA,tucuman
0000286,Escuela Alfonsina Storni,T4152XAS,Tucumán
0000287,Las Leguas,T4149XAN,Tucumán
0000288,Multiflores,T4152XAL,Tucumán
0000289,Colonia Juan Jose Iramain,T4147XAB,Tucumán
0000290,Ea la Verde,G4184XBL,Santiago del Estero
0000291,Escuela 151,T4176XAD,Tucumán
0000292,Escuela 198,T4172XBC,Tucumán
0000293,Escuela 355,T4162XBQ,Tucumán
0000294,Escuela 11,T4168XEC,Tucumán
0000295,Escuela 339,Buscar CPA,tucuman
0000296,Suncho Punta,T4164XAB,Tucumán
0000297,Puerta Grande,G4184XAH,Santiago del Estero
0000298,Avestilla,T4113XAB,Tucumán
0000299,Escuela 253,T4128XAG,Tucumán
0000300,Pacara Pintado,T4111XAJ,Tucumán
0000301,Tucumán,T4124XAH,El Puestito
0000302,Ruta Provincial 334,T4162XAU,Tucumán
0000303,Escuela 175,T4168XEN,Tucumán
0000304,Alto las Flores,T4152XBN,Tucumán
0000305,Juan Posse,T4111XAW,Tucumán
0000306,Agua Blanca,T4168XCM,Tucumán
0000307,Maria Blanca,T4157XAI,Tucumán
0000308,Potrero,T4129XAC,Tucumán
0000309,Escuela 34,T4187XCH,Tucumán
0000310,Escuela 205,T4187XBP,Tucumán
0000311,Escuela 199,T4172XBD,Tucumán
0000312,Tucumán,T4122XAK,Casa del Alto
0000313,Escuela 243,T4128XAS,Tucumán
0000314,Tala Paso,T4141XAO,Tucumán
0000315,San Antonio,T4115XAX,Tucumán
0000316,La Manga,T4103XAC,Tucumán
0000317,Escuela 138,T4158XAY,Tucumán
0000318,El Cruce,Buscar CPA,tucuman
0000319,Tucumán,T4124XCI,Agua Salada
0000320,Escuela 145,Buscar CPA,tucuman
0000321,Alto las Lechuzas,T4178XEN,Tucumán
0000322,Tolombon,Buscar CPA,Salta
0000323,La Falda,T4103XBB,Tucumán
0000324,Naranjito,T4115XAH,Tucumán
0000325,Posse Desvio Particular Fcgm,T4115XBF,Tucumán
0000326,Lopez Dominguez,T4184XAH,Tucumán
0000327,Los Reyes,T4143XAC,Tucumán
0000328,Casa del Alto,T4122XAK,Tucumán
0000329,Chorrillos,T4101XCV,Tucumán
0000330,Los Puestos,T4124XBL,Tucumán
0000331,Laureles,T4132XAW,Tucumán
0000332,El Cardenal,T4178XAI,Tucumán
0000333,Aconquija,T4107XAE,Tucumán
0000334,Escuela 18,T4146XAE,Tucumán
0000335,Los Callejones,T4152XAW,Tucumán
0000336,Pueblo Nuevo,T4164XAA,Tucumán
0000337,Tucumán,T4178XFE,El Mojon
0000338,Kilometro 794,T4111XAX,Tucumán
0000339,Gaspar Suarez,G4184XAW,Santiago del Estero
0000340,Campo Grande,T4159XAB,Tucumán
0000341,Tucumán,T4124XDY,Casas Viejas
0000342,Escuela Congresales Tucumanos,T4132XCD,Tucumán
0000343,Kilometro 55,T4155XAG,Tucumán
0000344,El Antigal,T4137XCM,Tucumán
0000345,Santa Cruz,T4149XAU,Tucumán
0000346,El Mutul,Buscar CPA,tucuman
0000347,Colonia Bascary,Buscar CPA,tucuman
0000348,B Zorrilla,T4142XAG,Tucumán
0000349,Pozo Lerdo,G4184XBA,Santiago del Estero
0000350,Chañar Pozo,T4168XEY,Tucumán
0000351,Escuela 146,T4168XEH,Tucumán
0000352,Tucumán,T4178XFC,Los Villagra
0000353,Alto de los Gimenez,T4124XDG,Tucumán
0000354,Escuela 16,T4172XAY,Tucumán
0000355,Nueva Esquina,T4161XAN,Tucumán
0000356,Bañado del Valle,T4111XAR,Tucumán
0000357,El Indio,T4142XAY,Tucumán
0000358,Kilometro 1235,T4166XAF,Tucumán
0000359,Escuela 105,T4168XEB,Tucumán
0000360,Tucumán,T4132XBQ,Colonia Santa Rita
0000361,La Tapia,T4157XAM,Tucumán
0000362,El Ceibal,T4128XAJ,Tucumán
0000363,El Atacal,T4119XCK,Tucumán
0000364,Escuela 344,T4187XCI,Tucumán
0000365,La Cañada,T4124XCZ,Tucumán
0000366,Escuela 234,T4146XAI,Tucumán
0000367,Los Bulacio,T4105XAO,Tucumán
0000368,Huasamayo Sud,T4122XAC,Tucumán
0000369,Arroyo Atahona,T4174XBY,Tucumán
0000370,Cañada Yerba Buena,T4129XAM,Tucumán
0000371,Tuscal Redondo,T4186XAB,Tucumán
0000372,Escuela 340,Buscar CPA,tucuman
0000373,La Rinconada Parada,T4107XAC,Tucumán
0000374,Manuel Garcia Fernandez,Buscar CPA,Tucumán
0000375,Escuela Gregoria Lamadrid,T4146XBJ,Tucumán
0000376,Villa de Leales,Buscar CPA,Tucumán
0000377,Escuela 291,Buscar CPA,tucuman
0000378,Tucumán,T4105XBU,San Felipe
0000379,Tucumán,T4124XEB,El Arenal
0000380,Escuela 166,T4187XBL,Tucumán
0000381,Aragones,T4142XAK,Tucumán
0000382,El Pozo,T4124XAG,Tucumán
0000383,Tucumán,T4242XBN,Pozo Hondo
0000384,Tucumán,T4111XAQ,Bajo Grande
0000385,Tucumán,T4168XER,Ruta Nacional 9
0000386,El Pacara,G4178XAB,Santiago del Estero
0000387,Escuela 17,T4146XAD,Tucumán
0000388,Gramajos,T4159XAR,Tucumán
0000389,Escuela 35,T4142XBO,Tucumán
0000390,Escuela 380,Buscar CPA,tucuman
0000391,El Manantial,Buscar CPA,tucuman
0000392,Balderrama,T4172XCH,Tucumán
0000393,La Esperanza,G4206XBM,Santiago del Estero
0000394,Sauce Gaucho,T4242XBU,Tucumán
0000395,Escuela 15,T4172XCY,Tucumán
0000396,El Gramillar,G4197XAI,Santiago del Estero
0000397,Escuela 216,T4124XBA,Tucumán
0000398,El Suncho,T4115XBQ,Tucumán
0000399,Tucumán,T4111XAX,Kilometro 794
0000400,Escuela 214,T4124XAP,Tucumán
0000401,Arroyo Mal Paso,T4157XAK,Tucumán
0000402,Caspichango Viejo,T4142XAI,Tucumán
0000403,Antillas,T4119XBO,Tucumán
0000404,Ruta Provincial 380,T4128XBO,Tucumán
0000405,El Guayacan,T4178XAC,Tucumán
0000406,Carapunco,T4137XCP,Tucumán
0000407,El Durazno,T4174XBN,Tucumán
0000408,Pozo Lindo,G4184XBB,Santiago del Estero
0000409,Burruyacu,T4119XBQ,Tucumán
0000410,Campo la Flor,T4178XAU,Tucumán
0000411,Campo Herrera,Buscar CPA,Tucumán
0000412,El Morado,Buscar CPA,tucuman
0000413,La Fronterita,T4111XBT,Tucumán
0000414,El Casial,T4137XCX,Tucumán
0000415,Ruta Provincial 308,T4158XBL,Tucumán
0000416,Chuscha,T4122XAM,Tucumán
0000417,Escuela 28,Buscar CPA,tucuman
0000418,Jusco Pozo,T4115XAN,Tucumán
0000419,Potrero de las Cabras,T4152XAH,Tucumán
0000420,Las Tres Flores,T4132XAD,Tucumán
0000421,Tucumán,T4111XCD,Campana
0000422,San Pablo,T4129XAK,Tucumán
0000423,Escuela 145,T4168XEG,Tucumán
0000424,Chañar Muya,T4168XEX,Tucumán
0000425,Tucumán,T4158XAV,El Churqui
0000426,Cevil Pozo,Buscar CPA,tucuman
0000427,El Duraznito,T4103XAJ,Tucumán
0000428,Costilla,T4142XAP,Tucumán
0000429,Escuela 107,T4101XAI,Tucumán
0000430,Paraiso,T4117XBN,Tucumán
0000431,Pozo del Alto,T4111XBP,Tucumán
0000432,Escuela 140,T4152XBA,Tucumán
0000433,Colonia el Sunchal,T4168XAC,Tucumán
0000434,Cruz del Norte Estacion Fcgm,T4178XBL,Tucumán
0000435,Tucumán,T4174XBP,El Rodeo
0000436,Tucumán,T4124XDT,El Pelado
0000437,Escuela Mario Bravo,T4162XBD,Tucumán
0000438,Capilla,T4124XDM,Tucumán
0000439,Ischillon,T4146XBM,Tucumán
0000440,Escuela 135,T4142XBE,Tucumán
0000441,San Miguel,T4122XBI,Tucumán
0000442,Los Villegas,T4115XBB,Tucumán
0000443,El Pavon,T4115XBP,Tucumán
0000444,Escuela 326,Buscar CPA,tucuman
0000445,Alizal,T4122XBE,Tucumán
0000446,Anta Chica,T4187XBI,Tucumán
0000447,Barrealito,Buscar CPA,tucuman
0000448,Barrio Belgrano,T4109XAC,Tucumán
0000449,Lastenia,Buscar CPA,Tucumán
0000450,Horco Molle,T4105XAY,Tucumán
0000451,Establecimiento las Colonias,T4115XBJ,Tucumán
0000452,Escuela 297,T4172XCW,Tucumán
0000453,El Pozo,Buscar CPA,tucuman
0000454,Tucumán,T4111XBC,Rosario Oeste
0000455,Escuela 88,T4132XCC,Tucumán
0000456,La Colonia,T4115XAA,Tucumán
0000457,Escuela 149,T4187XAT,Tucumán
0000458,Tucumán,T4176XDV,Las Animas
0000459,Escaba de Arriba,T4158XAX,Tucumán
0000460,Tucumán,T4124XBN,Molle Yaco
0000461,Tucumán,T4242XAS,El Paraiso
0000462,Escuela 124,T4132XBE,Tucumán
0000463,Vilca Pozo,T4111XBZ,Tucumán
0000464,Palo Blanco,T4161XAD,Tucumán
0000465,Escuela 333,T4128XAV,Tucumán
0000466,9 de Julio,T4242XAF,Tucumán
0000467,Campo de las Gallinas,T4137XBZ,Tucumán
0000468,Escuela 159,T4162XBH,Tucumán
0000469,Tucumán,T4105XAR,La Banda
0000470,Colonia los Chasales,T4105XBO,Tucumán
0000471,Escuela 131,T4172XAW,Tucumán
0000472,Escuela 73,T4162XBS,Tucumán
0000473,Benjamin Paz,T4122XAJ,Tucumán
0000474,Escuela 183,T4172XBA,Tucumán
0000475,Escuela 1 Junta,T4168XAM,Tucumán
0000476,Los Canteros,A4195XAC,Salta
0000477,El Cortaderal,T4168XCE,Tucumán
0000478,El Boyero,T4124XEC,Tucumán
0000479,Antama,T4137XBB,Tucumán
0000480,Los Britos,T4113XAH,Tucumán
0000481,Tucumán,T4178XAB,San Ignacio
0000482,Las Salinas,T4101XCZ,Tucumán
0000483,El Cambiado,G4187XAR,Santiago del Estero
0000484,El Cuarteadero,T4103XAZ,Tucumán
0000485,San Julian Yaco,T4122XAX,Tucumán
0000486,Escuela Ramon Carrillo,T4101XBC,Tucumán
0000487,Calimayo,T4105XBL,Tucumán
0000488,El Bagual,T4178XFG,Tucumán
0000489,Buen Retiro,T4132XAR,Tucumán
0000490,Escuela 25,T4162XAO,Tucumán
0000491,Escuela 131,Buscar CPA,tucuman
0000492,Santa Luisa,T4186XAM,Tucumán
0000493,Poliar,T4174XBC,Tucumán
0000494,Escuela 173,T4187XBN,Tucumán
0000495,Taco,T4117XAN,Tucumán
0000496,Escuela Monte Grande,T4132XCF,Tucumán
0000497,Escuela 222,T4128XAR,Tucumán
0000498,7 de Abril,Buscar CPA,Tucumán
0000499,El Remate,G4195XAA,Santiago del Estero
0000500,Escuela Ing Bertre,T4128XBG,Tucumán
0000501,La Esperanza,T4151XAA,Tucumán
0000502,Santillan,T4186XAN,Tucumán
0000503,Escuela 207,Buscar CPA,tucuman
0000504,Ruta Nacional 38,T4142XCK,Tucumán
0000505,Campo Alegre,T4176XBW,Tucumán
0000506,El Nial,T4176XCM,Tucumán
0000507,Higueritas,T4107XAH,Tucumán
0000508,Escuela 210,T4101XAL,Tucumán
0000509,Soledad,T4115XAZ,Tucumán
0000510,La Iguana,T4242XAL,Tucumán
0000511,Escuela 114,T4168XED,Tucumán
0000512,Kilometro 1438,T4162XBY,Tucumán
0000513,La Libertad,T4186XAF,Tucumán
0000514,Tucumán,T4168XCM,Agua Blanca
0000515,El Puesto del Medio,T4187XAC,Tucumán
0000516,Escuela 353,T4187XAV,Tucumán
0000517,El Mistol,T4124XCX,Tucumán
0000518,El Palcara,T4151XAT,Tucumán
0000519,El Tiro Argentino,T4103XAK,Tucumán
0000520,Los Villagra,T4178XFC,Tucumán
0000521,Colonia Sobrecasa,T4168XDS,Tucumán
0000522,Mixta,T4115XAR,Tucumán
0000523,Mercedes,T4152XAJ,Tucumán
0000524,Escuela 186,T4146XAG,Tucumán
0000525,Escuela 153,T4168XEJ,Tucumán
0000526,El Churquis,T4142XAX,Tucumán
0000527,Escuela 369,T4187XAY,Tucumán
0000528,Escuela 187,T4176XAW,Tucumán
0000529,Escuela Ee Uu,T4101XAY,Tucumán
0000530,Tucumán,T4111XAJ,Pacara Pintado
0000531,Tusca Pozo,G4322XBT,Santiago del Estero
0000532,Barrio Diagonal,T4101XAE,Tucumán
0000533,Escuela 146,Buscar CPA,tucuman
0000534,Luz y Fuerza,T4103XAN,Tucumán
0000535,Animas,T4176XBZ,Tucumán
0000536,Escuela 180,Buscar CPA,tucuman
0000537,Salamanca,T4122XAV,Tucumán
0000538,Escuela 100,T4132XBD,Tucumán
0000539,Escuela 123,T4176XBD,Tucumán
0000540,La Aguada,T4124XBD,Tucumán
0000541,Escuela Ibatin,T4142XCV,Tucumán
0000542,Escuela 195,T4168XAL,Tucumán
0000543,Escuela 361,T4142XBP,Tucumán
0000544,Finca Pereyra,T4135XAB,Tucumán
0000545,Los Chañares,T4141XAW,Tucumán
0000546,Tucumán,T4137XEB,La Maravilla
0000547,Campo Azul,T4115XBU,Tucumán
0000548,Planta Compresora Ypf,T4174XBB,Tucumán
0000549,Tucumán,T4111XAT,Cortaderas
0000550,Cañada Alegre,T4119XBP,Tucumán
0000551,Escuela Manuel Borda,T4142XBR,Tucumán
0000552,Aguadita,T4101XAA,Tucumán
0000553,Colonia San Luis,T4178XBV,Tucumán
0000554,Los Zelayas,T4115XBC,Tucumán
0000555,Gral Anselmo Rojo,T4103XAA,Tucumán
0000556,Chañarito,T4168XEZ,Tucumán
0000557,Cajas Viejas,T4162XAF,Tucumán
0000558,Kilometro 5,T4166XAD,Tucumán
0000559,El Huaico,T4142XAB,Tucumán
0000560,Villa la Colmena,T4103XAX,Tucumán
0000561,Los Guayacanes,T4158XAT,Tucumán
0000562,Escuela 66,T4152XAQ,Tucumán
0000563,El Tropezon,Buscar CPA,tucuman
0000564,Quebrada de Lules,T4129XAH,Tucumán
0000565,Santa Victoria,A4550XAD,Salta
0000566,Ingenio Santa Rosa,T4143XAF,Tucumán
0000567,Sargento Moya,Buscar CPA,Tucumán
0000568,Bajo Hondo,G4356XAC,Santiago del Estero
0000569,El Espinillo,T4117XAK,Tucumán
0000570,Tucumán,T4159XAP,Los Diaz
0000571,Camas Amontonadas,T4115XBT,Tucumán
0000572,Totoritas,T4141XAQ,Tucumán
0000573,Punta Rieles,T4115XBG,Tucumán
0000574,Los Perez,T4174XBZ,Tucumán
0000575,Escuela 18,Buscar CPA,tucuman
0000576,Suriyacu,T4195XAF,Tucumán
0000577,Las Mojarritas,A4195XAB,Salta
0000578,Quemadito,G4195XAB,Santiago del Estero
0000579,Carolinas Bajas,Buscar CPA,tucuman
0000580,Escuela 292,T4187XBZ,Tucumán
0000581,Puma Pozo,T4111XBM,Tucumán
0000582,Aparadero Militar Gral Muñoz,T4142XAF,Tucumán
0000583,Granja Modelo,T4101XAB,Tucumán
0000584,Don Bartolo,G4184XAC,Santiago del Estero
0000585,Managua,T4141XAM,Tucumán
0000586,Asna Yaco,T4119XES,Tucumán
0000587,Andres Ferreyra,T4178XBM,Tucumán
0000588,Colonia Sarmiento,T4101XCA,Tucumán
0000589,La Empatada,T4111XAY,Tucumán
0000590,Leon Rouges,T4143XAA,Tucumán
0000591,Escuela 343,Buscar CPA,tucuman
0000592,Chasquivil,T4105XAE,Tucumán
0000593,Aguada de Jorge,T4124XDE,Tucumán
0000594,La Banderita,T4132XAB,Tucumán
0000595,Boca del Tigre,T4178XAT,Tucumán
0000596,Tucumán,T4105XAZ,La Sala
0000597,El Mojon,T4178XFE,Tucumán
0000598,Tucumán,T4137XDA,El Lamedero
0000599,Los Pizarro,T4162XAY,Tucumán
0000600,Los Porceles,T4111XAD,Tucumán
0000601,Escuela 299,T4101XAQ,Tucumán
0000602,Tucumán,T4128XBO,Ruta Provincial 380
0000603,Colonia el Tarco,T4178XAF,Tucumán
0000604,Los Agudos,T4152XBP,Tucumán
0000605,El Portezuelo,Buscar CPA,tucuman
0000606,Villa Vieja Santa Ana,T4155XAE,Tucumán
0000607,Monteagudo,Buscar CPA,Tucumán
0000608,Colonia 4 de Colombres,T4178XFR,Tucumán
0000609,Ensenada,T4174XAP,Tucumán
0000610,Los Galpones,T4157XAP,Tucumán
0000611,Puente el Manantial,Buscar CPA,tucuman
0000612,El Puestito,T4124XAH,Tucumán
0000613,Pozo Hondo,T4242XBN,Tucumán
0000614,Escuela 21,T4152XBC,Tucumán
0000615,Anegados,T4168XDH,Tucumán
0000616,Monte Quemado,G4195XAC,Santiago del Estero
0000617,Tusca Pozo,T4113XBB,Tucumán
0000618,Casa de Zinc,T4137XCR,Tucumán
0000619,Cejas de Aroca,T4172XCK,Tucumán
0000620,Escuela 282,T4162XAP,Tucumán
0000621,Tucumán,T4117XAZ,San Pedro
0000622,El Barco,T4119XBZ,Tucumán
0000623,Amimpa,T4176XBS,Tucumán
0000624,Tucumán,T4137XAO,Los Pocitos
0000625,Estacion Superior Agricola,T4101XCR,Tucumán
0000626,Monte Largo,T4117XBH,Tucumán
0000627,Tucumán,T4119XCD,Concepcion
0000628,Escuela Florencio Varela,T4146XBI,Tucumán
0000629,Lachico,T4242XAN,Tucumán
0000630,Kilometro 46,T4158XAQ,Tucumán
0000631,Riarte,T4126XAB,Tucumán
0000632,Colalao del Valle,Buscar CPA,Tucumán
0000633,San Jose,T4124XCT,Tucumán
0000634,Los Diaz,T4159XAP,Tucumán
0000635,Escuela 185,Buscar CPA,tucuman
0000636,Escuela 303,T4176XBB,Tucumán
0000637,Escuela 258,T4142XCS,Tucumán
0000638,Cevil Grande,T4155XAH,Tucumán
0000639,Escuela 352,T4158XAJ,Tucumán
0000640,Escuela,T4105XAS,Tucumán
0000641,California,T4119XBS,Tucumán
0000642,Escuela 203,T4172XBG,Tucumán
0000643,La Puerta,T4101XCC,Tucumán
0000644,Cienaguita,T4137XCJ,Tucumán
0000645,Kilometro 1220,T4166XAE,Tucumán
0000646,Castillas,T4172XAD,Tucumán
0000647,Pirhuas,T4115XBE,Tucumán
0000648,Escuela 316,T4176XAR,Tucumán
0000649,Colonia Tacapunco,T4105XBP,Tucumán
0000650,Escuela 265,T4124XDV,Tucumán
0000651,Tio Franco,T4141XAP,Tucumán
0000652,Puesto Nuevo,T4163XAD,Tucumán
0000653,Alto la Totora,Buscar CPA,tucuman
0000654,El Interes,T4119XCS,Tucumán
0000655,Escuela 65,T4146XBF,Tucumán
0000656,Agua Salada,T4124XCI,Tucumán
0000657,Tucumán,T4176XAB,Los Sauces
0000658,Candelillal,T4111XCB,Tucumán
0000659,Escuela 200,T4132XBT,Tucumán
0000660,Escuela Guillermina Moreira,T4132XCE,Tucumán
0000661,Isca Yacu Semaul,G4184XBO,Santiago del Estero
0000662,Superintendente Ledesma,G4184XBE,Santiago del Estero
0000663,Rio Vipos,T4122XAS,Tucumán
0000664,Escuela 255,T4101XBD,Tucumán
0000665,Chabela,T4117XAC,Tucumán
0000666,Escuela 59,T4101XAV,Tucumán
0000667,Escuela 133,T4172XAX,Tucumán
0000668,Benjamin Araoz,T4119XET,Tucumán
0000669,Tucumán,T4168XCH,Ruta Provincial 306
0000670,Escuela 23,T4137XDK,Tucumán
0000671,Puerta Grande,T4164XAG,Tucumán
0000672,Chilca,T4242XAP,Tucumán
0000673,Fagsa,T4105XCD,Tucumán
0000674,Atahona,T4172XAJ,Tucumán
0000675,Los Estanques,T4103XAH,Tucumán
0000676,Tucumán,T4103XAD,La Ramada
0000677,El Mollar,T4124XDS,Tucumán
0000678,Escuela Miguel Azcuenaga,T4101XBA,Tucumán
0000679,Arboles Verdes,T4176XBT,Tucumán
0000680,Desmonte,T4122XAN,Tucumán
0000681,La Higuera,T4122XAP,Tucumán
0000682,El Aguilar,T4168XDT,Tucumán
0000683,Animas,G4184XAU,Santiago del Estero
0000684,Abra de Yareta,T4137XBN,Tucumán
0000685,Kilometro 108,T4132XAE,Tucumán
0000686,Bobadal,G4187XAT,Santiago del Estero
0000687,Tucumán,T4141XAA,Quilmes
0000688,Escuela 215,T4101XAM,Tucumán
0000689,Tucumán,T4111XBT,La Fronterita
0000690,Humaita,G4184XAX,Santiago del Estero
0000691,El Catorce,T4105XCM,Tucumán
0000692,Finca Mayo,T4182XAA,Tucumán
0000693,Tucumán,T4124XAD,El Talar
0000694,Escuela 13,T4142XBD,Tucumán
0000695,Escuela 138,Buscar CPA,tucuman
0000696,Los Ralos,G4205XBE,Santiago del Estero
0000697,El Brete,A4126XAE,Salta
0000698,Escuela 67,T4152XAR,Tucumán
0000699,El Sunchal,A4430XAY,Salta
0000700,Tucumán,T4158XBG,La Calera
0000701,Tucumán,T4119XAB,La Toma
0000702,Barrosa,T4176XDS,Tucumán
0000703,Cañada Honda,T4101XBH,Tucumán
0000704,Escuela 274,T4152XBE,Tucumán
0000705,Ceibal,A4126XAD,Salta
0000706,Malvinas,T4129XAA,Tucumán
0000707,Villa Quinteros,Buscar CPA,Tucumán
0000708,Los Sarmientos,Buscar CPA,Tucumán
0000709,Tucumán,T4162XAR,Puesto los Robles
0000710,Tucumán,T4115XBT,Camas Amontonadas
0000711,Las Lenguas las Leguas,T4149XAD,Tucumán
0000712,San Jose de Lules,T4128XAD,Tucumán
0000713,Escuela 251,T4128XAM,Tucumán
0000714,Alto Cazadera,T4137XBQ,Tucumán
0000715,Pacara,T4119XBA,Tucumán
0000716,Escuela Joaquin V Gonzalez,T4162XBC,Tucumán
0000717,Santa Elena,T4135XAH,Tucumán
0000718,Escuela 294,T4162XAQ,Tucumán
0000719,Leales,T4113XAV,Tucumán
0000720,Manuela Pedraza,T4166XAN,Tucumán
0000721,Los Trejos,T4174XCA,Tucumán
0000722,Escuela 215,Buscar CPA,tucuman
0000723,La Banda,T4105XAR,Tucumán
0000724,Carrichango,Buscar CPA,tucuman
0000725,Tucumán,T4176XBM,La Soledad
0000726,Pozo Lapacho,T4186XAO,Tucumán
0000727,Tucumán,T4162XAH,Retiro
0000728,Cachi Yaco,T4124XDK,Tucumán
0000729,Tucumán,T4111XCC,Cevilarcito
0000730,Colonia Felipe,T4105XBN,Tucumán
0000731,Los Gramajos,T4159XAE,Tucumán
0000732,Loma Grande,T4174XAY,Tucumán
0000733,Tucumán,T4174XBR,La Loma
0000734,Cossio,T4119XCC,Tucumán
0000735,Escuela 254,T4128XAH,Tucumán
0000736,Escuela Fortunata Garcia,T4101XAZ,Tucumán
0000737,Laguna Grande,T4103XAE,Tucumán
0000738,Beltran,T4242XAG,Tucumán
0000739,Molles,T4242XBP,Tucumán
0000740,Entre Rios,T4174XBQ,Tucumán
0000741,Tucumán,T4124XEE,El Porvenir
0000742,El Chañar,Buscar CPA,Tucumán
0000743,Ing Mercedes,T4152XAB,Tucumán
0000744,Campo Redondo,T4124XDL,Tucumán
0000745,Escuela 48,T4101XAU,Tucumán
0000746,Los Rodriguez,T4135XAG,Tucumán
0000747,Boca de la Quebrada,T4162XCD,Tucumán
0000748,Tucumán,T4122XBK,Sauce Yacu
0000749,Macomita,T4117XAQ,Tucumán
0000750,Escuela 128,T4124XAL,Tucumán
0000751,Puesto Grande,T4122XAR,Tucumán
0000752,Las Mercedes,T4111XBV,Tucumán
0000753,Tucumán,T4111XCB,Candelillal
0000754,Alabama,Buscar CPA,tucuman
0000755,Ucuchacra,T4158XBI,Tucumán
0000756,Los Alamos,T4105XCC,Tucumán
0000757,La Pinta y la Cuarenta,T4132XAF,Tucumán
0000758,Colonia Lolita Norte,T4182XAD,Tucumán
0000759,Escuela 157,T4168XEL,Tucumán
0000760,Alderetes,Buscar CPA,Tucumán
0000761,Colonia 4,T4178XFQ,Tucumán
0000762,Cuatro Gatos,Buscar CPA,tucuman
0000763,La Reina,T4174XBT,Tucumán
0000764,Dos Pozos,T4176XBY,Tucumán
0000765,Bustamante,T4184XAB,Tucumán
0000766,Escuela 99,T4172XBX,Tucumán
0000767,Escuela Mercedes Pacheco,T4146XBL,Tucumán
0000768,Yasyamayo,T4141XAR,Tucumán
0000769,Las Moreras,T4128XAC,Tucumán
0000770,Tucumán,T4117XAY,Lujan
0000771,El Durazno,G4187XAP,Santiago del Estero
0000772,Valenzuela,T4149XAV,Tucumán
0000773,Tucumán,T4111XBV,Las Mercedes
0000774,Potro Yaco,T4122XAG,Tucumán
0000775,San Jose de la Cocha,T4163XAC,Tucumán
0000776,Alpachiri,T4149XAI,Tucumán
0000777,Los Godos,T4117XBD,Tucumán
0000778,Escuela 75,T4176XAM,Tucumán
0000779,Banda,T4137XBX,Tucumán
0000780,Los Vega,T4146XBA,Tucumán
0000781,Taco Rodeo,T4159XAM,Tucumán
0000782,Iltico,T4146XAZ,Tucumán
0000783,Tucumán,T4137XCW,San Francisco
0000784,El Alpizar,T4124XEA,Tucumán
0000785,Tucumán,T4159XAH,Zapallar
0000786,Las Palmitas,Buscar CPA,tucuman
0000787,Los Ralos,Buscar CPA,Tucumán
0000788,Escuela 289,T4152XBJ,Tucumán
0000789,Los Alcaraces,T4105XBT,Tucumán
0000790,Taquello,T4117XAP,Tucumán
0000791,Aran,T4142XAL,Tucumán
0000792,Arroyo Mal Paso,Buscar CPA,tucuman
0000793,Escuela 204,T4124XAO,Tucumán
0000794,Ingenio Leales,T4111XAV,Tucumán
0000795,Las Zorras,T4115XAP,Tucumán
0000796,Chulca,T4124XCK,Tucumán
0000797,Retiro,G5257XAA,Santiago del Estero
0000798,Villa Carolina,T4147XAD,Tucumán
0000799,Ingenio San Juan,T4109XAE,Tucumán
0000800,Escuela 314,T4187XCD,Tucumán
0000801,El Arbolar,T4141XAK,Tucumán
0000802,El Palomar,T4186XAL,Tucumán
0000803,Colonia Felipe,Buscar CPA,tucuman
0000804,San Pedro de Aranda,A4430XBB,Salta
0000805,Colonia Pedro Leon Cornet,T4147XAC,Tucumán
0000806,Taficillo,T4103XAS,Tucumán
0000807,Tucumán,T4115XAX,San Antonio
0000808,Escuela L Blanco,T4128XBH,Tucumán
0000809,Tucumán,T4119XFK,La Cruz
0000810,Sala Vieja,T4242XBE,Tucumán
0000811,Escuela 368,T4187XAX,Tucumán
0000812,El Portezuelo,T4117XBO,Tucumán
0000813,Las Cañadas,T4113XAX,Tucumán
0000814,Muyo,T4146XBN,Tucumán
0000815,Los Vazquez,T4105XBI,Tucumán
0000816,Pozo Largo,T4195XAC,Tucumán
0000817,Escuela 134,T4172XCX,Tucumán
0000818,Rodeo Grande,T4122XAU,Tucumán
0000819,La Puerta de Marapa,T4158XAR,Tucumán
0000820,Posta,T4157XAA,Tucumán
0000821,Kilometro 781,T4184XAE,Tucumán
0000822,Escuela 150,T4187XAP,Tucumán
0000823,Colonia el Puesto,T4178XAE,Tucumán
0000824,Villa Tercera,T4182XAG,Tucumán
0000825,Kilometro 1185,T4174XBA,Tucumán
0000826,Escuela 242,T4187XBS,Tucumán
0000827,El Carrizal,T4141XAD,Tucumán
0000828,Escuela 36,T4172XBL,Tucumán
0000829,Los Juarez,T4113XAL,Tucumán
0000830,Campo Volante,T4172XCJ,Tucumán
0000831,El Zauzal,T4124XAE,Tucumán
0000832,Escuela 262,T4187XBV,Tucumán
0000833,Potrerillos,A4411XAT,Salta
0000834,Lagarte,T4174XAG,Tucumán
0000835,La Candelaria,A4126XAM,Salta
0000836,Las Brisas,T4242XAY,Tucumán
0000837,Tucumán,T4142XCK,Ruta Nacional 38
0000838,Colonia Santa Lucia,T4132XBP,Tucumán
0000839,Rosario Oeste,T4111XBC,Tucumán
0000840,El Cruce,T4178XCE,Tucumán
0000841,Escuela 260,T4128XAI,Tucumán
0000842,San Jose de Leales,T4113XAP,Tucumán
0000843,El Timbo,Buscar CPA,Tucumán
0000844,Escuela 276,T4187XBX,Tucumán
0000845,Zapallar,T4159XAH,Tucumán
0000846,Estacion Experimental Agricola,T4101XCQ,Tucumán
0000847,Dolavon,T4161XAL,Tucumán
0000848,Aragon,T4122XBG,Tucumán
0000849,Escuela 281,T4142XCT,Tucumán
0000850,Colonia Bascary,T4132XBN,Tucumán
0000851,Las Banderitas,T4132XAV,Tucumán
0000852,Las Tablitas,T4158XBJ,Tucumán
0000853,Loma Colorada,T4141XAV,Tucumán
0000854,Colonia Santa Clara,Buscar CPA,tucuman
0000855,La Ramadita,T4135XAE,Tucumán
0000856,Cochamolle,T4146XBS,Tucumán
0000857,Santa Lucia,Buscar CPA,tucuman
0000858,Casales,T4119XBW,Tucumán
0000859,Huacra,T4162XBW,Tucumán
0000860,Puertas,T4122XBR,Tucumán
0000861,El Suncal,T4124XAC,Tucumán
0000862,Tucumán,T4168XDG,Agua Dulce
0000863,Arcadia,Buscar CPA,Tucumán
0000864,Chalchacito,T4242XAH,Tucumán
0000865,El Castoral,T4168XDV,Tucumán
0000866,Aguas Blancas,T4119XBN,Tucumán
0000867,Romerello,T4163XAB,Tucumán
0000868,Las Celayas,T4115XBL,Tucumán
0000869,Ampimpa,T4137XBV,Tucumán
0000870,Los Gomez,T4113XAJ,Tucumán
0000871,Chigligasta,T4172XCL,Tucumán
0000872,Ruta Nacional 64,T4162XAT,Tucumán
0000873,Escuela 311,T4105XAU,Tucumán
0000874,Barrealito,T4115XAK,Tucumán
0000875,Tucumán,T4122XBI,San Miguel
0000876,Escuela 202,T4142XCQ,Tucumán
0000877,Las Encrucijadas,T4115XBN,Tucumán
0000878,Ponzacon,T4162XBO,Tucumán
0000879,Barranqueras,T4176XDR,Tucumán
0000880,Escuela 139,T4142XBF,Tucumán
0000881,Tucumán,T4122XBJ,San Vicente
0000882,Los Lescanos,T4174XAB,Tucumán
0000883,El Naranjito,Buscar CPA,tucuman
0000884,La Cienaga,T4101XBE,Tucumán
0000885,Los Alisos,T4158XBU,Tucumán
0000886,Los Quemados,T4113XAS,Tucumán
0000887,Junta,T4122XBU,Tucumán
0000888,Arbol Solo,T4178XAR,Tucumán
0000889,Kilometro 808,T4105XAL,Tucumán
0000890,Escuela 26,T4158XBA,Tucumán
0000891,Escuela 217,T4137XDI,Tucumán
0000892,Nuevos Mataderos,T4109XAA,Tucumán
0000893,Las Tipas,T4105XAC,Tucumán
0000894,Bilca Pozo,T4111XBR,Tucumán
0000895,La Loma,T4174XBR,Tucumán
0000896,Tucumán,T4168XES,Ruta Provincial 302
0000897,Talitas,T4242XBG,Tucumán
0000898,Arroyo Barriento,T4152XAT,Tucumán
0000899,Santa Ana,Buscar CPA,Tucumán
0000900,Tucumán,T4162XAU,Ruta Provincial 334
0000901,Escuela 28,T4137XDL,Tucumán
0000902,Las Talitas,T4101XAC,Tucumán
0000903,Nueva Esperanza,T4103XAQ,Tucumán
0000904,Agua el Simbo,T4124XDD,Tucumán
0000905,Punta del Monte,T4129XAD,Tucumán
0000906,El Naranjo,Buscar CPA,tucuman
0000907,Pozo Alto,T4111XAM,Tucumán
0000908,El Cedro,T4122XAO,Tucumán
0000909,Quinteros 2,T4144XAB,Tucumán
0000910,Escuela 144,T4142XCN,Tucumán
0000911,Rumi Punco,Buscar CPA,Tucumán
0000912,Colonia Pacara,T4132XBO,Tucumán
0000913,Monte Grande,Buscar CPA,tucuman
0000914,Escuela 246,T4187XBT,Tucumán
0000915,El Parana,G4184XAV,Santiago del Estero
0000916,Simbol,T4242XBV,Tucumán
0000917,Antu Mapu,T4119XER,Tucumán
0000918,Humaita 2,T4151XAP,Tucumán
0000919,Santa Rosa,T4152XAD,Tucumán
0000920,Escuela 239,T4146XAJ,Tucumán
0000921,El Arbolito,T4187XDP,Tucumán
0000922,Tucumán,T4105XAS,Escuela
0000923,Romera Pozo,T4115XAW,Tucumán
0000924,Cruz de Abajo,T4119XCG,Tucumán
0000925,Alem,A4126XAB,Salta
0000926,Escuela 20,T4172XBE,Tucumán
0000927,Las Tablas,T4129XAG,Tucumán
0000928,San Francisco,T4137XCW,Tucumán
0000929,Escuela 22,T4137XDJ,Tucumán
0000930,Ruiz de los Llanos,A4126XAQ,Salta
0000931,Cuatro Sauces,T4105XBJ,Tucumán
0000932,San German,T4242XBF,Tucumán
0000933,Las Juntas,T4122XAD,Tucumán
0000934,El Zanjon,T4101XCU,Tucumán
0000935,Colombres,Buscar CPA,Tucumán
0000936,Tucumán,T4172XCP,El Polear
0000937,Kilometro 925,T4103XAB,Tucumán
0000938,Cañete,T4186XAD,Tucumán
0000939,Leo Huasi,T4101XBM,Tucumán
0000940,Escuela 24,T4162XBJ,Tucumán
0000941,Alto la Totora,T4124XDH,Tucumán
0000942,Rafaela Pozo,T4115XAI,Tucumán
0000943,Lolita Nueva,T4182XAI,Tucumán
0000944,Chañar,T4176XBX,Tucumán
0000945,La Chilca,T4242XAK,Tucumán
0000946,Los Camperos,T4111XBA,Tucumán
0000947,Los Herreras,T4113XAK,Tucumán
0000948,Ingenio la Trinidad,T4151XAH,Tucumán
0000949,Escuela 94,T4172XBU,Tucumán
0000950,Ympas,T4159XAG,Tucumán
0000951,Ovejero,A4126XAK,Salta
0000952,Carrichango,T4132XAS,Tucumán
0000953,El Casial,Buscar CPA,tucuman
0000954,El Sauzal,T4176XCD,Tucumán
0000955,Escuela 279,T4152XBF,Tucumán
0000956,Chilcar,T4142XAN,Tucumán
0000957,El Matadero,T4132XBR,Tucumán
0000958,Rodeo,T4122XAH,Tucumán
0000959,Cevil Pozo,T4178XAX,Tucumán
0000960,Monte Redomon,T4162XAD,Tucumán
0000961,Acostilla,T4113XAR,Tucumán
0000962,Escuela 211,T4187XBR,Tucumán
0000963,Dique Escaba,T4158XBM,Tucumán
0000964,El Pila,T4162XBG,Tucumán
0000965,Rincon Huasa,T4152XAN,Tucumán
0000966,Los Planchones,T4105XAJ,Tucumán
0000967,Escuela 250,T4187XBU,Tucumán
0000968,Casa Rosada,T4178XAV,Tucumán
0000969,Ingenio Lules,T4128XAE,Tucumán
0000970,Rincon,T4103XBC,Tucumán
0000971,Escuela 213,T4137XDH,Tucumán
0000972,Escuela F N Laprida,T4128XBE,Tucumán
0000973,Tucumán,T4142XAE,Alto Verde
0000974,Agua Rosada,T4124XCH,Tucumán
0000975,Escuela 201,T4172XBF,Tucumán
0000976,Finca Tina,T4105XCE,Tucumán
0000977,Colonia Santa Marina,T4142XAJ,Tucumán
0000978,El Establo,T4119XCQ,Tucumán
0000979,Campo de los Cardones,Buscar CPA,tucuman
0000980,El Tropezon,T4132XBS,Tucumán
0000981,Escuela Cornelio Saavedra,T4172XCB,Tucumán
0000982,Villa Clodomiro Hileret,T4155XAB,Tucumán
0000983,Mancopa,T4115XBD,Tucumán
0000984,El Arbolito,G4176XAA,Santiago del Estero
0000985,Puesto de Avila,T4117XAL,Tucumán
0000986,Escuela 245,T4176XAZ,Tucumán
0000987,Escuela 3,Buscar CPA,tucuman
0000988,Antiguo Quilmes,T4137XBW,Tucumán
0000989,Churqui,T4119XFJ,Tucumán
0000990,25 de Mayo,T4242XAO,Tucumán
0000991,Escuela 129,T4172XAV,Tucumán
0000992,Tucumán,T4174XBQ,Entre Rios
0000993,Costa del Rio Seco,T4149XAP,Tucumán
0000994,Alto los Cardones,T4137XBU,Tucumán
0000995,Boba Yacu,T4124XDJ,Tucumán
0000996,Pala Pala,T4111XBB,Tucumán
0000997,Escuela 53,T4142XBQ,Tucumán
0000998,Las Colonias,T4115XBM,Tucumán
0000999,Fronteritas,T4111XCH,Tucumán
0001000,Tucumán,T4105XBB,Ruta Provincial 338
0001001,Colonia Santa Rita,T4132XBQ,Tucumán
0001002,Campo la Flor los Ralos,T4182XAE,Tucumán
0001003,Escuela 148,T4142XCO,Tucumán
0001004,Los Molles,T4242XBZ,Tucumán
0001005,Acequiones,T4124XDB,Tucumán
0001006,Tucumán,T4115XBQ,El Suncho
0001007,Villa Colmena,T4187XDA,Tucumán
0001008,Ampata,T4174XAW,Tucumán
0001009,Lazarte,T4174XBE,Tucumán
0001010,Coco,T4242XAQ,Tucumán
0001011,San Ignacio,T4178XAB,Tucumán
0001012,Estancia Suri Yaco,T4174XBW,Tucumán
0001013,Los Timbres,T4147XAG,Tucumán
0001014,San Carlos,T4124XBY,Tucumán
0001015,Escuela 350,T4101XAS,Tucumán
0001016,Escuela 287,T4152XBH,Tucumán
0001017,Escuela 60,Buscar CPA,tucuman
0001018,Tuscal,T4155XAA,Tucumán
0001019,Villa Belgrano,T4158XAD,Tucumán
0001020,Escuela 177,T4187XBO,Tucumán
0001021,Los Zaragoza,T4103XAM,Tucumán
0001022,Los Vallistos,T4109XAD,Tucumán
0001023,Escuela 348,T4128XAW,Tucumán
0001024,Los Pinos B,T4000XAB,Tucumán
0001025,La Toma,T4119XAB,Tucumán
0001026,Colonia Santa Marina,Buscar CPA,tucuman
0001027,San Jose de Macomita,T4117XAH,Tucumán
0001028,Padilla,T4133XAB,Tucumán
0001029,Saladillo,T4146XBT,Tucumán
0001030,Angostura,T4124XAB,Tucumán
0001031,Tucumán,T4115XBH,Agua Azul
0001032,Escuela 1,T4168XDX,Tucumán
0001033,San Ramon Chicligasta,T4149XAH,Tucumán
0001034,San Agustin,T4186XAI,Tucumán
0001035,Quinteros 1,T4144XAA,Tucumán
0001036,Escuela 309,T4124XDW,Tucumán
0001037,Barrio Casino,Buscar CPA,tucuman
0001038,Los Godoy,T4186XAG,Tucumán
0001039,El Tobar,T4172XAP,Tucumán
0001040,El Divisadero,T4158XAF,Tucumán
0001041,Mariño,T4117XAR,Tucumán
0001042,Cejas de Beñachillos,T4178XAW,Tucumán
0001043,Colonia Fara,T4147XAA,Tucumán
0001044,Retiro,T4162XAH,Tucumán
0001045,El Tuscal,T4157XAF,Tucumán
0001046,Tucumán,T4124XDR,El Molino
0001047,Abra Rica,T4178XFA,Tucumán
0001048,Escuela Cnel Geronimo Helguera,T4172XCA,Tucumán
0001049,Escuela 118,T4146XAF,Tucumán
0001050,La Invernada,T4158XBQ,Tucumán
0001051,Pueblo Viejo,T4164XAH,Tucumán
0001052,Santa Monica,T4135XAI,Tucumán
0001053,Escuela 103,T4168XDZ,Tucumán
0001054,La Grama,T4174XAS,Tucumán
0001055,Escuela 221,T4124XAQ,Tucumán
0001056,Puesto Chico,T4111XBQ,Tucumán
0001057,Arbolitos,G4322XBH,Santiago del Estero
0001058,La Aguadita,T4101XBF,Tucumán
0001059,Kilometro 784,T4184XAF,Tucumán
0001060,El Moyar,T4168XAE,Tucumán
0001061,Escuela 185,T4168XEO,Tucumán
0001062,Hoyada,T4105XCO,Tucumán
0001063,Tucumán,T4119XBA,Pacara
0001064,La Bolsa,T4137XEO,Tucumán
0001065,Tucumán,T4124XFA,El Chorro
0001066,Blanco Pozo,G4184XBK,Santiago del Estero
0001067,Acos,G4176XAD,Santiago del Estero
0001068,Alto el Puesto,T4159XAK,Tucumán
0001069,El Bañado,T4141XAC,Tucumán
0001070,Escuela 179,T4176XAH,Tucumán
0001071,Cortaderal,T4111XAS,Tucumán
0001072,El Churqui,T4158XAV,Tucumán
0001073,Campana,T4111XCD,Tucumán
0001074,El Aserradero,T4117XAB,Tucumán
0001075,Escuela 154,T4132XBF,Tucumán
0001076,Campo Volante,Buscar CPA,tucuman
0001077,Ojo de Agua,T4107XAJ,Tucumán
0001078,Tucumán,T4174XBV,La Florida
0001079,Escuela 182,T4176XAJ,Tucumán
0001080,Moras Minucas,T4152XAG,Tucumán
0001081,El Brete,T4124XDN,Tucumán
0001082,La Tipa,T4157XAN,Tucumán
0001083,El Infiernillo,T4137XCZ,Tucumán
0001084,Talamuyo,T4158XAC,Tucumán
0001085,Colonia Nro 2,Buscar CPA,tucuman
0001086,Escuela 219,T4101XAO,Tucumán
0001087,Pampa Larga,T4159XAI,Tucumán
0001088,Villa Alberdi,T4158XBR,Tucumán
0001089,Tucumán,T4117XAB,El Aserradero
0001090,Yunca Suma,T4146XAP,Tucumán
0001091,Escuela 34,Buscar CPA,tucuman
0001092,Las Higueritas,T4144XAE,Tucumán
0001093,Las Higuerillas,T4144XAC,Tucumán
0001094,Embalse el Cadillal,Buscar CPA,tucuman
0001095,Escuela 290,T4142XBK,Tucumán
0001096,Colonia Santa Lucia,Buscar CPA,tucuman
0001097,Gobernador Nouges,T4111XAA,Tucumán
0001098,Escuela 89,T4162XBT,Tucumán
0001099,Montuoso,T4242XBK,Tucumán
0001100,Campo Bello,T4159XAJ,Tucumán
0001101,El Bracho,Buscar CPA,Tucumán
0001102,Ahi Veremos,T4115XAJ,Tucumán
0001103,Pichao,T4141XAN,Tucumán
0001104,Potrero,A4195XAA,Salta
0001105,Escuela de Manualidades Ouanta,T4128XBA,Tucumán
0001106,Kilometro 1248,T4166XAG,Tucumán
0001107,Ingenio Santa Lucia,T4135XAK,Tucumán
0001108,Escuela 344,Buscar CPA,tucuman
0001109,Tucumán,T4105XBS,Los Aguirre
0001110,Tucumán,T4152XBP,Los Agudos
0001111,Taco Ralo,Buscar CPA,Tucumán
0001112,Escuela 263,T4158XBB,Tucumán
0001113,Ruta Provincial 301,T4128XBM,Tucumán
0001114,Duraznos Blancos,T4135XAD,Tucumán
0001115,El Cercado,T4142XAW,Tucumán
0001116,Colonia los Hills,T4101XBJ,Tucumán
0001117,Escuela 233,T4124XDU,Tucumán
0001118,Cañada de Viclos,T4178XFN,Tucumán
0001119,Calera Aconquija,T4119XBR,Tucumán
0001120,El Bachi,T4187XBJ,Tucumán
0001121,El Obraje,T4129XAJ,Tucumán
0001122,Escuela 160,T4132XBG,Tucumán
0001123,Escuela 285,T4142XBI,Tucumán
0001124,Escuela 332,T4172XBJ,Tucumán
0001125,Villa Zenon Santillan,T4000XAC,Tucumán
0001126,Los Mogotes,A4126XAI,Salta
0001127,Escuela 66,Buscar CPA,tucuman
0001128,El Molar,G4184XAE,Santiago del Estero
0001129,Rumi Yura,T4242XBD,Tucumán
0001130,Yaquilo,T4158XAE,Tucumán
0001131,Concepcion,T4119XCD,Tucumán
0001132,Colonia Nueva Trinidad,T4152XAX,Tucumán
0001133,Escuela 130,T4128XAP,Tucumán
0001134,Escuela Manuel Savio,T4128XBJ,Tucumán
0001135,Escuela 319,T4142XBN,Tucumán
0001136,Esquina del Llano,T4111XBX,Tucumán
0001137,Los Crespo,T4113XAI,Tucumán
0001138,Escuela 192,T4168XAJ,Tucumán
0001139,Lunarejos,T4113XAU,Tucumán
0001140,Cañada de la Cruz,T4119XBU,Tucumán
0001141,El Prado,Buscar CPA,tucuman
0001142,Chañar Viejo,T4117XAE,Tucumán
0001143,Puesto la Ramadita,T4135XAN,Tucumán
0001144,Escuela 174,T4168XEM,Tucumán
0001145,Las Cañas,T4141XAU,Tucumán
0001146,La Zanja,T4242XAA,Tucumán
0001147,Tucumán,T4152XAK,Monte Redondo
0001148,Vesubio,T4122XAI,Tucumán
0001149,El Cevilar Colombres,T4111XAG,Tucumán
0001150,Alabama Nueva,T4178XBK,Tucumán
0001151,Escuela 193,T4172XBB,Tucumán
0001152,Pozo Grande,T4195XAB,Tucumán
0001153,Chilcas,T4119XFM,Tucumán
0001154,Escuela 170,T4124XAM,Tucumán
0001155,Escuela 277,Buscar CPA,tucuman
0001156,Cañadas,T4176XBU,Tucumán
0001157,Banda del Rio Sali,Buscar CPA,Tucumán
0001158,Escuela 115,T4146XAB,Tucumán
0001159,Escuela 184,T4176XAV,Tucumán
0001160,Escuela 125,T4162XAN,Tucumán
0001161,Los Chañaritos,T4111XCA,Tucumán
0001162,La Cavera,T4105XAM,Tucumán
0001163,Gastona,T4149XAM,Tucumán
0001164,Santa Lucia,T4135XAA,Tucumán
0001165,Los Mistoles,T4162XAJ,Tucumán
0001166,Mistol,T4162XAI,Tucumán
0001167,El Durazno,Buscar CPA,tucuman
0001168,Escuela 298,T4132XBX,Tucumán
0001169,Buena Vista Oeste,T4168XEU,Tucumán
0001170,Kilometro 99,T4134XAA,Tucumán
0001171,El Molle,T4137XDC,Tucumán
0001172,Domingo Millan,Buscar CPA,tucuman
0001173,Tucumán,T4101XAA,Aguadita
0001174,Lovar,T4174XAZ,Tucumán
0001175,Bracho Viejo,T4178XBO,Tucumán
0001176,El Payanal,T4137XDQ,Tucumán
0001177,La Cocha,Buscar CPA,Tucumán
0001178,Escuela 72,T4176XAU,Tucumán
0001179,Cuesta de la Chilca,T4153XAD,Tucumán
0001180,Maria Luisa,T4174XAM,Tucumán
0001181,San Javier,G4322XBW,Santiago del Estero
0001182,Las Faldas,T4147XAF,Tucumán
0001183,La Encantada,T4111XBI,Tucumán
0001184,Escuela 393,T4101XAT,Tucumán
0001185,Consimo,T4174XAQ,Tucumán
0001186,Tucumán,T4172XAS,Yerba Buena
0001187,Portezuelo,T4124XBP,Tucumán
0001188,Coromama,T4119XCF,Tucumán
0001189,Colonia la Roca,T4178XBS,Tucumán
0001190,Jaya,T4149XAF,Tucumán
0001191,Bajo de Raco,T4103XAU,Tucumán
0001192,Uclar,G4184XAM,Santiago del Estero
0001193,Yanima,T4158XBP,Tucumán
0001194,Campo de los Chañares,T4137XCB,Tucumán
0001195,Tucumán,T4142XAN,Chilcar
0001196,Huasa Rincon,T4152XAI,Tucumán
0001197,Escuela 43,T4172XBO,Tucumán
0001198,Aranilla,T4134XAB,Tucumán
0001199,El Quebrachito,T4242XAU,Tucumán
0001200,Chañar Via,T4117XAD,Tucumán
0001201,Las Moritas,T4101XCY,Tucumán
0001202,El Jardin,T4172XCO,Tucumán
0001203,El Melon,T4178XEY,Tucumán
0001204,Naranjo Esquina,T4158XAB,Tucumán
0001205,Totorilla,T4141XAB,Tucumán
0001206,Carbon Pozo,T4111XAB,Tucumán
0001207,Puente el Manantial,T4166XAK,Tucumán
0001208,Viaducto del Toro,T4122XBA,Tucumán
0001209,La Capilla,T4128XAB,Tucumán
0001210,Alta Gracia de Villa Burruyacu,T4101XBX,Tucumán
0001211,Escuela 19,T4146XAH,Tucumán
0001212,Ingenio la Providencia,T4145XAA,Tucumán
0001213,El Tala,Buscar CPA,Salta
0001214,Campo la Cruz,T4161XAB,Tucumán
0001215,La Florida,T4174XBV,Tucumán
0001216,Agua Negra,T4101XBW,Tucumán
0001217,Las Talas,T4105XAN,Tucumán
0001218,Escuela Malvinas,T4128XBI,Tucumán
0001219,Tucumán,T4151XAA,La Esperanza
0001220,Sesteadero,T4242XBX,Tucumán
0001221,Falda de Arcadia,T4157XAG,Tucumán
0001222,Monte Grande,T4162XAZ,Tucumán
0001223,Las Trancas Tranquitas,T4101XCP,Tucumán
0001224,Tucumán,T4124XES,Monte Bello
0001225,Escuela 29,T4142XBJ,Tucumán
0001226,La Tuna,T4174XAX,Tucumán
0001227,Colonia Santa Clara,T4132XAT,Tucumán
0001228,Rio Chico,T4153XAC,Tucumán
0001229,Chañar Taqueño,T4117XAV,Tucumán
0001230,Tucumán,T4129XAJ,El Obraje
0001231,La Picada,T4103XAF,Tucumán
0001232,Chilca,Buscar CPA,tucuman
0001233,El Rincon,G4220XAD,Santiago del Estero
0001234,Escuela 292,Buscar CPA,tucuman
0001235,Las Colas,T4195XAA,Tucumán
0001236,Escuela Dean Salcedo,T4128XBB,Tucumán
0001237,Escuela 321,T4132XBY,Tucumán
0001238,Escuela 126,T4172XAU,Tucumán
0001239,Escuela Agueda de Posse,T4172XBY,Tucumán
0001240,Colonia San Miguel,T4178XBW,Tucumán
0001241,Puesto de Julipao,T4141XAT,Tucumán
0001242,Escuela 261,T4132XBW,Tucumán
0001243,Escuela 266,T4172XCT,Tucumán
0001244,Cachiyaco,T4168XEV,Tucumán
0001245,Kilometro 792,T4105XBE,Tucumán
0001246,Chañaritos,T4242XAI,Tucumán
0001247,El Ojo,T4122XBC,Tucumán
0001248,Abra el Candado,T4124XDC,Tucumán
0001249,Vielos,T4115XBR,Tucumán
0001250,El Paraiso,T4242XAS,Tucumán
0001251,El Carbon,T4184XAA,Tucumán
0001252,San Jenaro,T4129XAI,Tucumán
0001253,Taco Palta,T4117XAO,Tucumán
0001254,Escuela 85,T4146XBG,Tucumán
0001255,Escuela Almirante Brown,T4146XBH,Tucumán
0001256,Abra de la Picaza,T4137XBM,Tucumán
0001257,Escuela 300 la Picada,T4101XAR,Tucumán
0001258,San Pedro,T4117XAZ,Tucumán
0001259,Campo el Mollar,T4178XFM,Tucumán
0001260,Arroyo de la Cruz,T4132XAQ,Tucumán
0001261,Manchala,T4166XAJ,Tucumán
0001262,San Bernardo B,T4000XAF,Tucumán
0001263,Cañada el Arenal,T4168XCX,Tucumán
0001264,Tucumán,T4146XBT,Saladillo
0001265,El Sesteadero,T4242XAV,Tucumán
0001266,Medinas,Buscar CPA,Tucumán
0001267,Yaminas,T4158XBS,Tucumán
0001268,Escuela 244,T4162XBK,Tucumán
0001269,Kilometro 1207,T4174XBH,Tucumán
0001270,Colonia Acevedo,T4132XBM,Tucumán
0001271,El Pabellon,T4137XEK,Tucumán
0001272,Oran,T4142XCD,Tucumán
0001273,Escuela 318,T4158XAH,Tucumán
0001274,Escuela Luis Gianneo,T4152XBM,Tucumán
0001275,Corral Grande,T4137XCL,Tucumán
0001276,Colmena Lolita,T4182XAC,Tucumán
0001277,Escuela 6,T4146XBE,Tucumán
0001278,El Casialito,T4137XCY,Tucumán
0001279,Cervalito,T4124XDZ,Tucumán
0001280,Tucumán,T4124XCX,El Mistol
0001281,Alto del Lampazo,T4137XBT,Tucumán
0001282,El Corralito,T4158XAS,Tucumán
0001283,Tucumán,T4172XCW,Escuela 297
0001284,La Asuncion,A4430XAZ,Salta
0001285,El Polear,T4172XCP,Tucumán
0001286,Tucumán,T4115XBU,Campo Azul
0001287,Tucumán,T4122XAJ,Benjamin Paz
0001288,Los Amaya,T4174XCG,Tucumán
0001289,Colonia la Ortiz,T4178XBR,Tucumán
0001290,El Cadillal,T4124XDO,Tucumán
0001291,Escuela 366,T4187XAW,Tucumán
0001292,Carolinas Bajas,T4117XAU,Tucumán
0001293,Escuela 90,T4176XAN,Tucumán
0001294,Colonia San Ramon,T4101XBZ,Tucumán
0001295,Escuela 306,T4176XAL,Tucumán
0001296,El Pajal,T4178XCG,Tucumán
0001297,Aguada,T4137XBP,Tucumán
0001298,Uturungu,T4113XAA,Tucumán
0001299,Escuela Otilde de Toro,T4105XAX,Tucumán
0001300,Yerba Buena,T4172XAS,Tucumán
0001301,Kilometro 66,T4146XAT,Tucumán
0001302,El Nogalito,T4105XBQ,Tucumán
0001303,Anca Juli,T4105XAB,Tucumán
0001304,Tucumán,T4105XBV,Santa Barbara
0001305,El Cajon,T4119XCA,Tucumán
0001306,Ensenada,G4197XAJ,Santiago del Estero
0001307,Escuela 16,Buscar CPA,tucuman
0001308,Arenales,G4187XAG,Santiago del Estero
0001309,Escuela 313,T4187XCC,Tucumán
0001310,Costa Arroyo Esquina,T4111XAU,Tucumán
0001311,Suncho Pujio,G4184XAJ,Santiago del Estero
0001312,Cachi Yaco Apeadero Fcgb,T4113XBE,Tucumán
0001313,Tucumán,T4105XAN,Las Talas
0001314,El Vallecito,T4176XCE,Tucumán
0001315,Fuerte Quemado,Buscar CPA,Catamarca
0001316,Quisca Grande,A4141XAC,Salta
0001317,Alisos,T4137XBA,Tucumán
0001318,Puesto los Avilas,T4242XAZ,Tucumán
0001319,Villa Mitre,T4103XAT,Tucumán
0001320,Escuela 171,T4124XAN,Tucumán
0001321,Escuela 102,T4168XDY,Tucumán
0001322,El Potrerillo,T4137XDR,Tucumán
0001323,Graneros,Buscar CPA,Tucumán
0001324,Escuela 116,T4172XAT,Tucumán
0001325,Ceja Pozo,G4184XAB,Santiago del Estero
0001326,Escuela 208,T4187XBQ,Tucumán
0001327,Las Palmitas,T4115XAO,Tucumán
0001328,Ñorco,T4122XAE,Tucumán
0001329,La Quebrada,T4129XAN,Tucumán
0001330,Capitan Caceres,T4142XAH,Tucumán
0001331,Colonia Humaita Primera,T4151XAF,Tucumán
0001332,Membrillo,T4146XBB,Tucumán
0001333,Escuela Carlos Pellegrini,T4152XBK,Tucumán
0001334,Cuatro Gatos,T4107XAG,Tucumán
0001335,Calimonte,T4141XAJ,Tucumán
0001336,Finca Entre Rios,T4151XAN,Tucumán
0001337,Escuela 331,T4187XCF,Tucumán
0001338,Rescate,T4174XAH,Tucumán
0001339,Toro Muerto,T4242XBH,Tucumán
0001340,Paez,T4242XBM,Tucumán
0001341,Kilometro 19,T4162XBZ,Tucumán
0001342,Escuela 391,T4172XBM,Tucumán
0001343,Bello Horizonte,T4178XBN,Tucumán
0001344,Buena Vista,T4172XCI,Tucumán
0001345,Palmitas,T4115XAV,Tucumán
0001346,El Campo,T4176XCY,Tucumán
0001347,Escobas,T4159XAC,Tucumán
0001348,Curva de los Vegas,T4105XAK,Tucumán
0001349,Kilometro 1256,T4166XAH,Tucumán
0001350,Cerco Cuatro,T4178XBP,Tucumán
0001351,Bajo de los Sueldos,T4151XAL,Tucumán
0001352,Domingo Millan,T4161XAF,Tucumán
0001353,Finca Pacara,T4111XCF,Tucumán
0001354,Amaicha del Llano,T4168XCB,Tucumán
0001355,Huasa Pampa Sur,T4162XBF,Tucumán
0001356,Cañada de Alzogaray,T4117XAI,Tucumán
0001357,Condor Huasi,Buscar CPA,tucuman
0001358,Colonia Argentina,T4111XBK,Tucumán
0001359,Colonia Santa Catalina,T4142XAO,Tucumán
0001360,Buena Yerba,T4174XBL,Tucumán
0001361,Gomez Chico,T4113XAG,Tucumán
0001362,El Matal,T4119XCU,Tucumán
0001363,Escuela 191,T4176XAY,Tucumán
0001364,Escuela 345,T4172XBK,Tucumán
0001365,Puesto los Robles,T4162XAR,Tucumán
0001366,Poleo Pozo,G4306XAB,Santiago del Estero
0001367,Cañada Angosta,T4119XBT,Tucumán
0001368,Escuela E Canton,T4128XBC,Tucumán
0001369,San Miguel de Tucuman,Buscar CPA,Tucumán
0001370,Lacavera,T4105XCL,Tucumán
0001371,Escuela 387,T4146XBD,Tucumán
0001372,Tacanas,G4184XBF,Santiago del Estero
0001373,Tucumán,T4176XCD,El Sauzal
0001374,Colonia Maria Elena,T4129XAF,Tucumán
0001375,El Lamedero,T4137XDA,Tucumán
0001376,Escuela 194,T4168XAK,Tucumán
0001377,Escuela 178,T4176XAG,Tucumán
0001378,Escuela 41,T4172XBN,Tucumán
0001379,Iglesias,T4107XAK,Tucumán
0001380,Las Pavas,T4146XAN,Tucumán
0001381,El Carmen Puente Alto,T4178XCC,Tucumán
0001382,Carancho Pozo,T4168XEW,Tucumán
0001383,Escuela 241,T4172XCS,Tucumán
0001384,Escuela 12,T4128XAN,Tucumán
0001385,Escuela Ignacio Colombres,T4128XBF,Tucumán
0001386,Escuela 172,T4176XAF,Tucumán
0001387,Ingenio la Corona,T4146XAS,Tucumán
0001388,Tenene,G4184XAK,Santiago del Estero
0001389,Potrero de las Tablas,T4128XAL,Tucumán
0001390,Santa Barbara,T4105XBV,Tucumán
0001391,Nueva Trinidad,T4157XAS,Tucumán
0001392,Tucumán,T4105XAO,Los Bulacio
0001393,Bella Vista,G3740XBB,Santiago del Estero
0001394,Escuela 14,T4142XBG,Tucumán
0001395,Agua Colorada,T4119XBM,Tucumán
0001396,El Morado,T4119XCV,Tucumán
0001397,Tucumán,T4124XBY,San Carlos
0001398,El Palancho,T4176XCB,Tucumán
0001399,Monte Redondo,T4152XAK,Tucumán
0001400,Rincon de Quilmes,T4141XAG,Tucumán
0001401,Ñoreo,T4122XBQ,Tucumán
0001402,El Corte,T4178XCD,Tucumán
0001403,Pie del Aconquija,T4107XAL,Tucumán
0001404,Escuela 68,T4172XBQ,Tucumán
0001405,Los Arrietas,T4151XAU,Tucumán
0001406,San Jose de Flores,T4134XAD,Tucumán
0001407,Escuela Fray M Esquiu,T4142XCU,Tucumán
0001408,Ichipuca,T4172XAR,Tucumán
0001409,Escuela 347,T4187XAU,Tucumán
0001410,Ingenio la Florida,T4117XBE,Tucumán
0001411,Arboles Grandes,T4176XBO,Tucumán
0001412,Escuela 163,T4101XAJ,Tucumán
0001413,Tafi Viejo,Buscar CPA,Tucumán
0001414,Yalapa,T4147XAI,Tucumán
0001415,Polito,T4111XAK,Tucumán
0001416,Los Moyes,T4143XAB,Tucumán
0001417,Mojon,T4115XAB,Tucumán
0001418,Nasche,T4152XAM,Tucumán
0001419,Cuchillas,T4101XBY,Tucumán
0001420,Las Guchas los Guchea,T4151XAD,Tucumán
0001421,Talleres Nacionales,T4103XBA,Tucumán
0001422,Tucumán,T4122XAD,Las Juntas
0001423,Tucumán,T4124XBP,Portezuelo
0001424,Pampa Pozo,T4242XAB,Tucumán
0001425,Sepultura,T4122XBL,Tucumán
0001426,Casa de Piedras,T4158XBW,Tucumán
0001427,Alongo,T4161XAA,Tucumán
0001428,El Tostado,T4242XAW,Tucumán
0001429,Isca Yacu,G4184XBJ,Santiago del Estero
0001430,La Bomba,T4105XCA,Tucumán
0001431,Colonia Monteros,T4178XBU,Tucumán
0001432,Campo Solco los Cochamolles,T4146XBR,Tucumán
0001433,Escuela 280,T4152XBG,Tucumán
0001434,La Cañada Parada,T4107XAI,Tucumán
0001435,Embalse Rio Hondo,T4176XCF,Tucumán
0001436,Escuela 332,Buscar CPA,tucuman
0001437,Cachi Huasi,T4113XBD,Tucumán
0001438,Escuela 365,T4146XAL,Tucumán
0001439,El Duraznillo,T4105XBX,Tucumán
0001440,Pozo Hondo,Buscar CPA,Santiago del Estero
0001441,Cañada,T4129XAE,Tucumán
0001442,Tucumán,T4124XDS,El Mollar
0001443,El Atacat,T4168XDU,Tucumán
0001444,Puerta de Julipao,T4141XAF,Tucumán
0001445,Independencia,Buscar CPA,Tucumán
0001446,Villa Devoto,T4146XAO,Tucumán
0001447,Escuela 154,Buscar CPA,tucuman
0001448,Utrunjos,G4184XAN,Santiago del Estero
0001449,Ingenio Santa Barbara,Buscar CPA,Tucumán
0001450,Escuela 310,T4187XCB,Tucumán
0001451,Arenilla,T4134XAC,Tucumán
0001452,Alto de Medina,T4117XAS,Tucumán
0001453,Santa Isabel,T4152XBO,Tucumán
0001454,Monte Bello,T4124XES,Tucumán
0001455,Amaicha del Valle,Buscar CPA,Tucumán
0001456,Descanso,T4119XCH,Tucumán
0001457,Escuela J Castellano,T4142XCW,Tucumán
0001458,Boca del Tigre,G4306XAD,Santiago del Estero
0001459,Finca Lopez,T4117XBG,Tucumán
0001460,El Nogalito,Buscar CPA,tucuman
0001461,Rio Seco,Buscar CPA,Tucumán
0001462,Kilometro 10 Fcgb,T4161XAK,Tucumán
0001463,Tucumán,T4101XBF,La Aguadita
0001464,Tucumán,T4164XAH,Pueblo Viejo
0001465,Ceja Pozo,T4187XAA,Tucumán
0001466,Los Mendozas,T4174XBF,Tucumán
0001467,Alto del Huascho,T4137XBS,Tucumán
0001468,Tucumán,T4111XCG,Esquina
0001469,Escuela 315,T4142XBM,Tucumán
0001470,Escuela 190,T4158XAZ,Tucumán
0001471,El Porvenir,T4124XEE,Tucumán
0001472,Escuela 144,Buscar CPA,tucuman
0001473,La Huerta,T4162XBM,Tucumán
0001474,Los Arroyo,T4158XAO,Tucumán
0001475,Escuela 386,T4187XBA,Tucumán
0001476,Los Hilos,T4101XBN,Tucumán
0001477,Gastonilla,T4147XAE,Tucumán
0001478,Tucumán,T4122XAP,La Higuera
0001479,La Hoyada,T4105XAA,Tucumán
0001480,El Mutul,T4101XBK,Tucumán
0001481,Escuela 380,T4142XBT,Tucumán
0001482,La Sala,T4105XAZ,Tucumán
0001483,Tucumán,T4142XCD,Oran
0001484,Escuela 55,T4172XBP,Tucumán
0001485,La Reduccion,Buscar CPA,Tucumán
0001486,Tucumán,T4124XBZ,Santa Rita
0001487,Corona,T4174XBM,Tucumán
0001488,Cañada de los Negros,T4119XAE,Tucumán
0001489,Escuela 132,T4168XEF,Tucumán
0001490,Anjuana,T4141XAI,Tucumán
0001491,El Bobadal,G4187XAH,Santiago del Estero
0001492,Chañar Pago,T4111XBL,Tucumán
0001493,Villa Alberdi Estacion,T4158XBN,Tucumán
0001494,Escuela 343,T4176XAS,Tucumán
0001495,Los Aguirre,T4105XBS,Tucumán
0001496,Las Cienagas,T4135XAF,Tucumán
0001497,Sandis,T4115XAY,Tucumán
0001498,Tala Yaco,T4122XBN,Tucumán
0001499,Los Gramajo,T4159XAQ,Tucumán
0001500,Villa Marcos Paz,T4107XAB,Tucumán
0001501,El Mistolar,T4174XAE,Tucumán
0001502,Tucumán,T4168XDV,El Castoral
0001503,El Tala Est R de los Llanos,A4126XAT,Salta
0001504,Lujan,T4117XAY,Tucumán
0001505,El Pelado,T4124XDT,Tucumán
0001506,Niogasta,T4174XCB,Tucumán
0001507,Tucumán,T4124XAB,Angostura
0001508,Embalse el Cadillal,T4122XAA,Tucumán
0001509,Cevil Solo,T4157XAL,Tucumán
0001510,Tucumán,T4124XDL,Campo Redondo
0001511,Quisca Chica,T4141XAY,Tucumán
0001512,El Colcolar,T4162XAL,Tucumán
0001513,Escuela 218,T4101XAN,Tucumán
0001514,Tusquitas,T4113XBC,Tucumán
0001515,El Arenal,G4187XAV,Santiago del Estero
0001516,Acheral,Buscar CPA,Tucumán
0001517,Los Chamicos,T4105XBY,Tucumán
0001518,La Posta,T4162XCB,Tucumán
0001519,Tapia,T4122XBO,Tucumán
0001520,Las Tuscas Tuscal,T4155XAC,Tucumán
0001521,Tucumán,T4101XBG,Potrerillo
0001522,Escuela 375,T4187XAZ,Tucumán
0001523,Km 12,T4159XAA,Tucumán
0001524,Huasamayo,T4122XAB,Tucumán
0001525,Tucumán,T4101XAC,Las Talitas
0001526,Anfana,T4105XAD,Tucumán
0001527,San Rafael,T4129XAL,Tucumán
0001528,Los Sueldos,T4111XBH,Tucumán
0001529,Tucumán,T4124XAT,Escuela 356
0001530,Donato Alvarez,T4161XAE,Tucumán
0001531,Comuna la Esperanza,T4103XAI,Tucumán
0001532,Alabama,T4117XAT,Tucumán
0001533,Escuela 188,T4162XBI,Tucumán
0001534,Tucumán,T4119XFN,Las Zanjas
0001535,Tucumán,T4124XCT,San Jose
0001536,Rio Colorado,Buscar CPA,Tucumán
0001537,Fuerte Alto,T4158XBF,Tucumán
0001538,Monte Rico,T4152XAA,Tucumán
0001539,Luisiana Estacion Fcgm,T4117XAX,Tucumán
0001540,Escuela Domingo Garcia,T4152XBL,Tucumán
0001541,Tucumán,T4113XBD,Cachi Huasi
0001542,Barrancas Coloradas,T4132XBI,Tucumán
0001543,El Once,T4119XDB,Tucumán
0001544,El Siambon,T4105XAF,Tucumán
0001545,Posta Vieja,T4122XAF,Tucumán
0001546,Colonia Nueva Trinidad,Buscar CPA,tucuman
0001547,Escuela Antonio Medina,T4105XAV,Tucumán
0001548,Kilometro 29,T4159XAN,Tucumán
0001549,Los Lunas,T4155XAJ,Tucumán
0001550,Chilcal,T4111XBW,Tucumán
0001551,Ruta Nacional 157,T4128XBK,Tucumán
0001552,La Poblacion,A4444XAB,Salta
0001553,Cañada del Arenal,T4124XEW,Tucumán
0001554,Escuela 97,T4172XBW,Tucumán
0001555,Julipao,T4141XAL,Tucumán
0001556,Coromama,Buscar CPA,tucuman
0001557,Las Mesadas,T4132XAA,Tucumán
0001558,Kilometro 1412,T4162XBX,Tucumán
0001559,Carreta Quemada,T4146XAX,Tucumán
0001560,Moyar,T4115XAT,Tucumán
0001561,Cooperativa Agronomica,T4119XCE,Tucumán
0001562,Escuela 275,T4187XBW,Tucumán
0001563,El Azul,T4119XCL,Tucumán
0001564,Escuela 278,T4187XBY,Tucumán
0001565,Escuela 328,T4158XAI,Tucumán
0001566,San Gabriel,T4134XAE,Tucumán
0001567,Miguel Lillo,T4113XAM,Tucumán
0001568,Colonia la Bonaria,T4178XAG,Tucumán
0001569,Palomas,T4174XAU,Tucumán
0001570,Alto Verde,T4142XAE,Tucumán
0001571,Blanco Pozo,T4178XAS,Tucumán
0001572,San Luis de las Casas Viejas,T4159XAL,Tucumán
0001573,Condor Huasi,T4115XAM,Tucumán
0001574,Villa Alvear,T4146XAV,Tucumán
0001575,Quebrachito,T4242XCA,Tucumán
0001576,El Batiruano,T4158XAM,Tucumán
0001577,El Bajo,T4164XAD,Tucumán
0001578,Escuela 317,T4172XBH,Tucumán
0001579,La Lagunilla,T4163XAA,Tucumán
0001580,Colonia Mistol,T4178XBT,Tucumán
0001581,Escuela 101,T4142XBB,Tucumán
0001582,Los Romanos,T4113XAT,Tucumán
0001583,Corral Blanco,T4137XCK,Tucumán
0001584,Las Mellizas,T4107XAD,Tucumán
0001585,Kilometro 1402,T4162XBL,Tucumán
0001586,El Cevilar,T4178XBQ,Tucumán
0001587,Ingenio Cruz Alta,T4111XAI,Tucumán
0001588,Iguana,T4242XAE,Tucumán
0001589,Tucumán,T4157XAD,El Rincon
0001590,Los Hardoy,T4186XAH,Tucumán
0001591,El Cuadro,T4178XCF,Tucumán
0001592,Escuela 30,T4187XCA,Tucumán
0001593,Mato Yaco,T4122XBP,Tucumán
0001594,Tucumán,T4166XAI,San Ramon
0001595,El Puesto,Buscar CPA,tucuman
0001596,Puesto los Perez,T4242XBA,Tucumán
0001597,San Ramon,T4166XAI,Tucumán
0001598,Colonia 6,T4142XAC,Tucumán
0001599,Escuela Tambor de Tacuari,T4142XBS,Tucumán
0001600,Los Bajos,T4161XAH,Tucumán
0001601,Campo el Luisito,T4178XFO,Tucumán
0001602,Tucumán,T4178XEN,Alto las Lechuzas
0001603,Loma del Medio,T4122XAQ,Tucumán
0001604,La Cieneguita,A4141XAA,Salta
0001605,Las Ratas,T4132XAG,Tucumán
0001606,Escuela 74,T4176XAK,Tucumán
0001607,Cortaderas,T4111XAT,Tucumán
0001608,El Remate,T4195XAH,Tucumán
0001609,Balderrama Sur,T4174XBK,Tucumán
0001610,Escuela de Manualidades,T4128XAZ,Tucumán
0001611,Los Rizos,T4157XAR,Tucumán
0001612,El Molino,T4124XDR,Tucumán
0001613,Mayo,T4182XAH,Tucumán
0001614,Rincon de Balderrama,T4166XAL,Tucumán
0001615,Famailla,Buscar CPA,Tucumán
0001616,Tucumán,T4137XDR,El Potrerillo
0001617,Escuela 216,Buscar CPA,tucuman
0001618,El Nogal,T4161XAG,Tucumán
0001619,Amunpa,T4176XBN,Tucumán
0001620,Aguilares,Buscar CPA,Tucumán
0001621,Kilometro 1455,T4152XAF,Tucumán
0001622,Hitachi,T4105XCF,Tucumán
0001623,Escuela 11,Buscar CPA,tucuman
0001624,Corral Viejo,T4124XCL,Tucumán
0001625,Escuela 325,T4137XDM,Tucumán
0001626,Palominos,T4174XCC,Tucumán
0001627,Pozo Cavado,T4162XBB,Tucumán
0001628,Baradero,A4126XAC,Salta
0001629,Cohigac,T4178XAY,Tucumán
0001630,Durazno,T4242XAR,Tucumán
0001631,Molinos,T4151XAR,Tucumán
0001632,Bajo Grande,T4111XAQ,Tucumán
0001633,El Nogalar,T4135XAJ,Tucumán
0001634,Yucumanita,T4151XAE,Tucumán
0001635,Escuela 112,T4187XAR,Tucumán
0001636,Escuela 324,T4128XAU,Tucumán
0001637,Juan Bautista Alberdi,Buscar CPA,Tucumán
0001638,Quilmes,T4141XAA,Tucumán
0001639,Escuela 363,T4162XBR,Tucumán
0001640,Escuela 356,T4124XAT,Tucumán
0001641,Invernada,T4132XBK,Tucumán
0001642,Escuela 167,T4187XBM,Tucumán
0001643,Charco Viejo,G4306XAA,Santiago del Estero
0001644,Santa Teresa,T4117XAM,Tucumán
0001645,Tucumán,T4109XAC,Barrio Belgrano
0001646,Los Rios,T4157XAQ,Tucumán
0001647,Agua Azul,T4115XBH,Tucumán
0001648,Escuela Miguel Cervantes,T4101XBB,Tucumán
0001649,Quebracho Coto,G4195XAD,Santiago del Estero
0001650,Escuela 168,T4146XAC,Tucumán
0001651,Salazar,A4126XAR,Salta
0001652,La Cueva,T4126XAA,Tucumán
0001653,Escuela 187,Buscar CPA,tucuman
0001654,Nueva España,T4113XAO,Tucumán
0001655,Finca San Luis,T4132XAC,Tucumán
0001656,San Pedro,G4206XBG,Santiago del Estero
0001657,Escuela 236,T4142XCR,Tucumán
0001658,Escuela 233,Buscar CPA,tucuman
0001659,Escuela 158,T4176XAE,Tucumán
0001660,Tucumán,T4146XAF,Escuela 118
0001661,El Potrero,Buscar CPA,tucuman
0001662,Moya,T4117XBI,Tucumán
0001663,P G Mendez,T4117XBK,Tucumán
0001664,Escuela 176,T4152XBB,Tucumán
0001665,Tucumán,T4137XBP,Aguada
0001666,Escuela 373,T4132XCA,Tucumán
0001667,Tucumán,T4137XCO,El Carmen
0001668,Escuela 341,Buscar CPA,tucuman
0001669,Alto de Leiva,T4142XAD,Tucumán
0001670,Viteaca,G4184XAO,Santiago del Estero
0001671,Barrio Rivadavia,T4101XAG,Tucumán
0001672,Escuela 209,Buscar CPA,tucuman
