San Miguel de Tucuman,Pasaje Parana
Santa Ana,Calle 1
San Miguel de Tucuman,Calle Amador Lucero
Tafi Viejo,Diagonal Raul Leccese
Lules,Calle Libertad
El Cruce,Calle 4 Este
San Miguel de Tucuman,Calle Belisario Roldan
San Miguel de Tucuman,Pasaje Lavarden
Monteagudo,Calle S/N 3
Cevil Redondo,Calle Zanjon
San Miguel de Tucuman,Pasaje Rafael Uriarte
Lules,Calle Yerba Huasi
Juan Bautista Alberdi,Calle Candelaria
Alderetes,Calle Alberdi
Bella Vista,Calle S/N 2
La Cocha,Calle Tucuman
Bella Vista,Calle Malvinas Argentinas
Bella Vista,Pasaje Lola Mora
Villa la Trinidad,Calle San Jose
Amaicha del Valle,Calle B Amaicha del Valle
Juan Bautista Alberdi,Calle Chaco
San Miguel de Tucuman,Calle Dr Luis B Alfaro
San Miguel de Tucuman,Avenida Carlos Maria Torres
San Miguel de Tucuman,Pasaje Pje 51
Famailla,Calle Remedios de Escalada
Villa de Leales,Calle Ernesto Padilla
San Miguel de Tucuman,Calle Mercado del Norte
Villa la Trinidad,Avenida Juan M Mendez
Aguilares,Calle Formosa
Banda del Rio Sali,Pasaje Ibatin
Aguilares,Calle Araoz de Lamadrid
Villa la Trinidad,Avenida Belgrano
Aguilares,Calle Yapeyu
San Miguel de Tucuman,Pasaje Gral  Julian Murga
La Cocha,Calle Belgrano
Villa la Trinidad,Calle Cristo Rey
Lules,Calle Jose Antonio Muccela
El Manantial,Pasaje Campos de las Carreras
Bella Vista,Calle Colombres
San Miguel de Tucuman,Pasaje Maurin
Bella Vista,Calle Lucia B de Godoy
Colombres,Pasaje Javier Veliz
Famailla,Calle Sarmiento
Lastenia,Calle Eva Peron
Aguilares,Calle Escalada San Martin E
Arcadia,Calle 25 de Mayo
La Reduccion,Calle L N Alem
Banda del Rio Sali,Calle Domingo Jose Garcia
Banda del Rio Sali,Calle Florida
San Miguel de Tucuman,Avenida Central
7 de Abril,Calle Comunal 2
Alderetes,Calle Primera Junta
Bella Vista,Calle Saenz Peña
Alderetes,Pasaje Pte H Yrigoyen
Famailla,Calle Lavalle
San Miguel de Tucuman,Pasaje Pje 13
Monteagudo,Ruta Provincial Rp 329
Colalao del Valle,Avenida 9 de Julio
Villa Quinteros,Calle Dr Manuel Belgrano
Villa Quinteros,Calle Mercedes Almiron
San Miguel de Tucuman,Pasaje Pje 20
San Miguel de Tucuman,Pasaje Fray Bertres
Rio Seco,Calle Justiniano Claria
San Miguel de Tucuman,Pasaje Fray Manuel Perez
Villa Quinteros,Calle Salta
San Miguel de Tucuman,Calle Marcelo T de Alvear
Aguilares,Pasaje Rev Padre Pacheco
Juan Bautista Alberdi,Calle Dr Luis Pasteur
Lastenia,Calle 17 de Agosto
La Reduccion,Calle Gral Manuel Belgrano
El Manantial,Calle 12 de Octubre
Rumi Punco,Calle Sold Jose Acosta
El Cruce,Calle 2 E
El Manantial,Calle Independencia
El Cruce,Calle 2
Lastenia,Calle Belgrano
Colalao del Valle,Pasaje 1
Santa Lucia,Pasaje Dr Juan Jose Paso
San Miguel de Tucuman,Pasaje Jaime Freire
Bella Vista,Pasaje Santa Maria de Oro
Rio Seco,Calle 17 de Octubre
Famailla,Calle 10
San Miguel de Tucuman,Pasaje 33 78 no
Famailla,Ruta Nacional Rn 38
Bella Vista,Avenida Constitucion
7 de Abril,Calle Comunal 3
Alderetes,Calle Atilio Santillan
Famailla,Calle Jose Hernandez
Taco Ralo,Calle Florida
Tafi Viejo,Avenida Julio Argentino Roca Oeste
El Bracho,Calle 3 Este Oeste
San Miguel de Tucuman,Diagonal Geologia
Tafi Viejo,Calle 1 de Abril
San Miguel de Tucuman,Calle Manuel Lopez Pondal
San Miguel de Tucuman,Pasaje Manuela Pedraza
Bella Vista,Calle Pte H Yrigoyen
Alderetes,Pasaje Las Americas
San Miguel de Tucuman,Diagonal Ghandi
Aguilares,Calle 2
Banda del Rio Sali,Pasaje Gral Simon Bolivar
San Miguel de Tucuman,Pasaje Rio Sali
Rio Seco,Calle Fray Leopoldo Roldan
San Miguel de Tucuman,Pasaje Florencio Varela
Juan Bautista Alberdi,Calle Lucas A Cordoba
Tafi Viejo,Calle Juan Manuel de Rosas
Medinas,Calle Lucas A Cordoba
Bella Vista,Calle Pres Gral J A Roca
Santa Lucia,Pasaje Castelli
Villa Quinteros,Calle San Lorenzo
San Miguel de Tucuman,Calle Gral M de Azcuenaga
San Miguel de Tucuman,Calle Juramento de la Bandera
San Miguel de Tucuman,Pasaje Los Naranjos
Los Sarmientos,Calle Sarmiento
San Miguel de Tucuman,Pasaje Gdor Bascary
Tafi Viejo,Calle 1 de Mayo
Banda del Rio Sali,Calle Pueyrredon
Aguilares,Calle Granaderos Este
Medinas,Calle Primera Junta
La Cocha,Calle Avellaneda
San Miguel de Tucuman,Pasaje Quilmes
San Miguel de Tucuman,Calle Republica del Libano
Villa Quinteros,Calle S/N 1
San Miguel de Tucuman,Pasaje Mons Miguel de Andrea
Alderetes,Pasaje Raul Colombres
Aguilares,Calle Rio Negro
Lules,Calle Dr Eliseo Canton
San Miguel de Tucuman,Pasaje Dr Pedro Medrano
San Miguel de Tucuman,Pasaje Pje 70
Graneros,Pasaje Gral Juan Jose Viamonte
Los Sarmientos,Calle Lavalle
Aguilares,Calle Ecuador
Tafi Viejo,Calle Alsina
El Chañar,Calle 3
Ingenio Santa Barbara,Calle Dr Juan Brigido Teran
San Miguel de Tucuman,Calle Dante Alighieri
San Miguel de Tucuman,Calle Zenon Santillan
Juan Bautista Alberdi,Calle Ricardo Rojas
Independencia,Calle Las Heras
San Miguel de Tucuman,Diagonal Sin Nombre
Alderetes,Calle 1 de Mayo
Famailla,Calle 19
Famailla,Pasaje Independencia
El Chañar,Calle 1
Acheral,Avenida San Martin
Bella Vista,Calle Juan de Lamadrid
San Miguel de Tucuman,Calle 72 A
San Miguel de Tucuman,Pasaje Pje 7
Juan Bautista Alberdi,Pasaje Marcos Paz
Lules,Pasaje Malvinas
San Miguel de Tucuman,Calle Fleming
Villa la Trinidad,Calle Los Andes
Amaicha del Valle,Calle Claudia Velez de Cano
Lules,Calle Dr Dean F Salcedo
El Manantial,Calle Alejandro Heredia
Rumi Punco,Calle Maipu
San Miguel de Tucuman,Calle Provincia de San Juan
San Miguel de Tucuman,Pasaje Vasco Nuñez de Balboa
San Miguel de Tucuman,Pasaje Pirovano
Aguilares,Calle Bruselas
Banda del Rio Sali,Pasaje Jorge Luis Borges
Banda del Rio Sali,Calle Gral Guemes
Sargento Moya,Calle Teniente Barcelo
Los Ralos,Calle 2
Aguilares,Calle Larrea Este
Monteagudo,Calle S/N 4
San Miguel de Tucuman,Pasaje Alfredo B Nobel
La Reduccion,Calle 12 de Octubre
Lules,Calle Pbto Manuel Ballesteros
San Miguel de Tucuman,Calle 24 Se
San Miguel de Tucuman,Pasaje Gustavo Adolfo Becquer
Rumi Punco,Calle Moises Baracat
Lules,Calle Pte M T de Alvear
San Miguel de Tucuman,Pasaje Baltazar Aguirre
Juan Bautista Alberdi,Calle Jose Abel Gomez
Tafi Viejo,Calle Araoz
San Miguel de Tucuman,Pasaje Lucia Araoz
Sargento Moya,Calle Cap Ramallo
Villa Quinteros,Calle Buenos Aires
Villa de Leales,Pasaje Pje 1
San Miguel de Tucuman,Calle 32
Lules,Calle 9 de Julio
San Miguel de Tucuman,Pasaje Caseros
San Miguel de Tucuman,Calle Francisco de Laprida
Aguilares,Calle Jose Ignacio Gorriti
Juan Bautista Alberdi,Calle Miguel Lillo
El Manantial,Calle Antonio de Espinoza
San Miguel de Tucuman,Diagonal Diag 4
Aguilares,Calle San Lorenzo Este
San Miguel de Tucuman,Calle Carrizo
San Miguel de Tucuman,Calle Jose s Malabia
San Miguel de Tucuman,Pasaje Pje 10
Villa de Leales,Pasaje Pje 2
San Miguel de Tucuman,Pasaje Raul Aragon
El Chañar,Calle San Cayetano
Alderetes,Calle Cordoba
Los Ralos,Calle 13
Alderetes,Calle Gral Manuel Belgrano
San Miguel de Tucuman,Pasaje 5 Noroeste
San Miguel de Tucuman,Calle Cap Medina
San Miguel de Tucuman,Pasaje Rio de Janeiro
Banda del Rio Sali,Calle 5
El Manantial,Ruta Provincial Rp 380
Santa Ana,Calle Colombres
Banda del Rio Sali,Calle Cabildo
San Miguel de Tucuman,Calle Trejo y Sanabria
La Cocha,Calle Sarmiento
San Miguel de Tucuman,Calle Lucio V Mansilla
El Manantial,Calle Marcos Paz
San Miguel de Tucuman,Calle Diego de Villarroel
San Miguel de Tucuman,Avenida Saenz Peña
Villa de Leales,Calle Jose Brizuela
Tafi Viejo,Calle B Mitre
Banda del Rio Sali,Calle San Miguel
Lastenia,Calle Jujuy
Lastenia,Calle Santa Fe
Tafi Viejo,Pasaje C Gardel
Juan Bautista Alberdi,Calle Lonardi
San Miguel de Tucuman,Calle Gdor Gral Balcarce
Famailla,Calle Dr Lisandro de la Torre
Bella Vista,Calle Salta
San Miguel de Tucuman,Calle Cnel Olleros
Famailla,Calle 4
Lastenia,Calle Lola Mora
Tafi Viejo,Calle Monteagudo
San Miguel de Tucuman,Calle Provincia de Catamarca
Banda del Rio Sali,Calle Luis Dode
Acheral,Calle Jujuy
Campo Herrera,Pasaje Pje 3
Famailla,Calle Dr Torres
Lules,Pasaje Cordoba
Tafi Viejo,Calle Bolivia
El Bracho,Calle 7 Este Oeste
Aguilares,Calle Maipu
Ingenio Santa Barbara,Calle Granaderos
San Miguel de Tucuman,Pasaje 39 Se
San Miguel de Tucuman,Calle Colombia
Juan Bautista Alberdi,Calle L N Alem
Rumi Punco,Pasaje Jose Genaro Zurita
San Miguel de Tucuman,Pasaje Cesar Carman
Alderetes,Calle B Mitre
Villa de Leales,Pasaje Pje 4
Famailla,Calle 18
El Manantial,Calle Lamadrid
Alderetes,Pasaje C Gardel
Famailla,Calle Congreso
Aguilares,Calle Granaderos Oeste
San Miguel de Tucuman,Calle Bat de Ayacucho
Santa Lucia,Calle Bat de Tucuman
El Manantial,Calle Laprida
Lastenia,Avenida America
Banda del Rio Sali,Pasaje Rep de Colombia
San Miguel de Tucuman,Pasaje Ortiz de Zarate
San Miguel de Tucuman,Pasaje Velez Sarsfield
Rio Colorado,Calle S/N 1
Villa Quinteros,Avenida Gral Guemes
San Miguel de Tucuman,Calle Ana Soviaran
San Miguel de Tucuman,Calle C F Bermudez
Acheral,Calle Domingo F Sarmiento
Cevil Redondo,Pasaje Bernabe Araoz
Colombres,Calle Colonia 2
Medinas,Calle San Martin
Ingenio Santa Barbara,Calle Madrid
Aguilares,Calle 5
Alderetes,Calle Matienzo
Santa Lucia,Calle F Cayetano Rodriguez
Lules,Calle La Rioja
Monteagudo,Calle S/N 2
Banda del Rio Sali,Avenida 24 de Septiembre
La Cocha,Ruta Nacional Rn 38
San Miguel de Tucuman,Pasaje Enrique Larreta
San Miguel de Tucuman,Calle Gral Jose Maria Paz
Graneros,Calle 24 de Septiembre
La Cocha,Calle Jose Hernandez
San Miguel de Tucuman,Calle Ramon Araujo
Bella Vista,Calle S/N 1
Villa Quinteros,Calle 25 de Mayo
San Miguel de Tucuman,Calle F Cayetano Rodriguez
Colalao del Valle,Pasaje 25 de Mayo
Tafi Viejo,Avenida L N Alem
Tafi Viejo,Calle Victoria
Banda del Rio Sali,Pasaje Juan Posse
Graneros,Pasaje San Salvador de Jujuy
San Miguel de Tucuman,Calle Garcia Hamilton
Los Ralos,Calle 1
San Miguel de Tucuman,Pasaje Farmacia
Aguilares,Pasaje Arturo Figueroa
San Miguel de Tucuman,Pasaje 1
San Miguel de Tucuman,Pasaje Pje 33 Suroeste
Famailla,Calle 21
Santa Ana,Calle Pres Gral J A Roca
San Miguel de Tucuman,Pasaje Dardo Molina
Graneros,Calle Maria Eva Duarte de Peron
San Miguel de Tucuman,Diagonal Diag 72 Bis
Tafi Viejo,Calle Corrientes
Aguilares,Calle Avellaneda
San Miguel de Tucuman,Pasaje Grimau y Galvez
Alderetes,Calle 12 de Octubre
Tafi Viejo,Calle Bolivar
El Chañar,Calle Santa Fe
San Miguel de Tucuman,Calle Lucio V Lopez
Villa Quinteros,Calle 20 de Junio
Banda del Rio Sali,Pasaje Haiti
San Miguel de Tucuman,Pasaje 34 no
San Miguel de Tucuman,Pasaje Comb de la Florida
Cevil Redondo,Pasaje Mercedes Nougues
Villa Quinteros,Calle Sgto Juan B Cabral
Colombres,Calle Finca Lapa
San Miguel de Tucuman,Pasaje Jose Garibaldi
Famailla,Calle Tambor de Tacuari
Lules,Ruta Provincial 321 Este
Alderetes,Calle Benjamin Araoz
Villa la Trinidad,Camino Al Porvenir
El Chañar,Calle San Juan
Banda del Rio Sali,Calle Domingo F Sarmiento
Colalao del Valle,Calle 25 de Mayo
Lastenia,Calle Juan Cruz Varela
San Miguel de Tucuman,Calle Gral Mariano Acha
San Miguel de Tucuman,Calle Hernan Cortez
San Miguel de Tucuman,Calle Federico Helguera
San Miguel de Tucuman,Calle Guillermo Rawson
Juan Bautista Alberdi,Calle Bolivia
San Miguel de Tucuman,Calle Ricardo Guiraldes
Aguilares,Calle 24 de Septiembre Oeste
Tafi Viejo,Avenida Julio Argentino Roca Este
Monteagudo,Calle Chaco
Juan Bautista Alberdi,Calle Juan XXIII
Banda del Rio Sali,Pasaje Ecuador
San Miguel de Tucuman,Pasaje Raul Galan
Bella Vista,Calle Buenos Aires
Bella Vista,Calle Marconi
Aguilares,Calle Roma
Bella Vista,Ruta Nacional Rn 157
Villa la Trinidad,Calle Rivadavia
Bella Vista,Calle La Rinconada
Santa Lucia,Pasaje Pje 3
San Miguel de Tucuman,Calle Boyaca
Lules,Calle Teniente Julio Auvieux
El Chañar,Avenida Gral San Martin
Lastenia,Calle Balcarce
Banda del Rio Sali,Calle Lavalle
San Miguel de Tucuman,Calle W de la Rosa
El Manantial,Calle Jose E Colombres
San Miguel de Tucuman,Calle Juan Manuel de Rosas
Santa Ana,Calle Dr Guillermo Ludemann
Lules,Calle Gdor Juan Luis Nougues
San Miguel de Tucuman,Calle Bernabe Araoz
San Miguel de Tucuman,Pasaje Gurruchaga
San Miguel de Tucuman,Calle 2 de Abril
San Miguel de Tucuman,Pasaje Pje 15
Villa la Trinidad,Calle 25 de Mayo
San Miguel de Tucuman,Pasaje Groussac
Juan Bautista Alberdi,Calle Lisandro Borda
Alderetes,Pasaje Colon
Banda del Rio Sali,Calle Constitucion
Juan Bautista Alberdi,Calle Paine
Lules,Ruta Provincial Rp 341
7 de Abril,Calle 1
Alderetes,Calle 9
Rumi Punco,Ruta Nacional Rn 38
San Miguel de Tucuman,Calle Campos de las Carreras
Tafi Viejo,Calle Muñecas Sur
Famailla,Avenida Fernando Pedro Rivera
Juan Bautista Alberdi,Calle 12 de Octubre
Famailla,Avenida Lola Mora
San Miguel de Tucuman,Pasaje Pedro de Valdivia
San Miguel de Tucuman,Pasaje Pje 88
San Miguel de Tucuman,Pasaje Arq Juan Padros
San Miguel de Tucuman,Pasaje Martin Rodriguez
Tafi Viejo,Calle Alvarez Condarco
Aguilares,Calle Falucho Este
Banda del Rio Sali,Calle S/C
Los Sarmientos,Calle 9 de Julio
Juan Bautista Alberdi,Calle Diaguitas
San Miguel de Tucuman,Pasaje Jose Ortega y Gasset
Bella Vista,Calle Monteagudo
Villa la Trinidad,Pasaje Santa Rita
Amaicha del Valle,Calle Ramon Paz Posse
Alderetes,Pasaje J Azurduy de Padilla
Rio Seco,Pasaje San Nicolas
Villa Quinteros,Calle Jardin de la Republica
San Miguel de Tucuman,Calle Combate de San Lorenzo
Banda del Rio Sali,Avenida Dr Nicolas Avellaneda
Aguilares,Calle Sarmiento
Ingenio Santa Barbara,Calle Marcos Rouges
Lules,Calle 25 de Mayo
San Miguel de Tucuman,Avenida Mitre
Banda del Rio Sali,Calle Gral Alejandro Heredia
Lules,Calle 321 Oeste
Alderetes,Calle Alvarez Condarco
San Miguel de Tucuman,Calle Bernardino Rivadavia
San Miguel de Tucuman,Pasaje Salguero
San Miguel de Tucuman,Pasaje Tiburcio Padilla
Santa Ana,Calle Cbo Miguel Farina
Lules,Calle Italia
Acheral,Calle Alberdi
Cevil Redondo,Calle Pres Gral J A Roca
San Miguel de Tucuman,Calle Mario Bravo
Tafi Viejo,Calle Mendoza
San Miguel de Tucuman,Calle Guatemala
San Miguel de Tucuman,Pasaje Pje 34
Colalao del Valle,Calle Pucara
San Miguel de Tucuman,Pasaje Espronceda
Independencia,Avenida San Martin
Aguilares,Calle Costa Rica
San Miguel de Tucuman,Calle Nagib Baclini
San Miguel de Tucuman,Pasaje Rep de Hungria
Santa Lucia,Calle Balcarcel
San Miguel de Tucuman,Diagonal R Prebich
El Manantial,Calle Peru
Alderetes,Avenida Alejandro Heredia
Los Sarmientos,Calle San Martin
San Miguel de Tucuman,Calle Cangallo
Bella Vista,Avenida L N Alem
El Manantial,Pasaje Pje S/N 1
Independencia,Calle Leon Rougues
San Miguel de Tucuman,Pasaje Evaristo Carriego
San Miguel de Tucuman,Calle Rapelli
San Miguel de Tucuman,Pasaje San Roque del Corro
San Miguel de Tucuman,Pasaje Peñaloza
Juan Bautista Alberdi,Calle Formosa
Amaicha del Valle,Calle J P Pastrana
Juan Bautista Alberdi,Calle Alejandro Heredia
El Chañar,Calle 14
Tafi Viejo,Calle Lamadrid
San Miguel de Tucuman,Pasaje Bazan de Laguna
Tafi Viejo,Pasaje Patagonia
San Miguel de Tucuman,Calle Comb de la Florida
Aguilares,Ruta Nacional Rn 38
San Miguel de Tucuman,Calle Uruguay
Tafi Viejo,Calle Laprida
San Miguel de Tucuman,Pasaje 7 de Octubre
Santa Lucia,Pasaje Linares
Famailla,Pasaje Surgente
Juan Bautista Alberdi,Calle Pres Bartolome Mitre
Santa Ana,Calle San Lorenzo
San Miguel de Tucuman,Pasaje Republica
Aguilares,Calle Callao
La Cocha,Calle Catamarca
Alderetes,Calle 2
San Miguel de Tucuman,Calle 43
San Miguel de Tucuman,Calle Garmendia
Bella Vista,Calle 20 de Junio
San Miguel de Tucuman,Pasaje Teniente Manuel Felix Origone
Aguilares,Calle Libertad
Villa Quinteros,Calle Heroes Manchala Este
Cevil Redondo,Calle Bat de Tucuman
San Miguel de Tucuman,Diagonal Diag 3
Famailla,Calle 24
San Miguel de Tucuman,Diagonal 15 Se
Rumi Punco,Calle Gral San Martin
Aguilares,Calle Gral Guemes Este
San Miguel de Tucuman,Pasaje Pje 36
San Miguel de Tucuman,Calle Padilla
San Miguel de Tucuman,Pasaje C Gardel
La Cocha,Calle Victoria Ocampo
Alderetes,Calle Lamadrid
San Miguel de Tucuman,Calle Geronimo de Helguera
Alderetes,Calle Laprida
San Miguel de Tucuman,Diagonal S Andre Surorne
San Miguel de Tucuman,Pasaje Juan Nuñez del Prado
San Miguel de Tucuman,Diagonal Ruta 90
La Cocha,Calle 9 de Julio
Graneros,Calle Gral San Martin
El Manantial,Calle 24 de Septiembre
Aguilares,Calle Chacabuco
San Miguel de Tucuman,Calle Juan Posse
Alderetes,Calle España
Juan Bautista Alberdi,Calle R Saenz Peña
Acheral,Calle Congreso
Banda del Rio Sali,Calle Mexico
El Manantial,Pasaje San Juan
Independencia,Calle Teniente Berdina
San Miguel de Tucuman,Calle Quiroga
Banda del Rio Sali,Calle Gral San Martin
Juan Bautista Alberdi,Calle Dr Filgueira Oviedo
San Miguel de Tucuman,Calle Gdor Juan Luis Nougues
Villa la Trinidad,Avenida Las Rosas
Bella Vista,Calle I Baez
San Miguel de Tucuman,Calle Benjamin Villafañe
San Miguel de Tucuman,Pasaje Gral O Higgins
San Miguel de Tucuman,Diagonal Ugarte y Figueroa
Villa Quinteros,Calle Ayacucho
El Bracho,Calle 1 Norte Sur
Los Ralos,Pasaje Pje S/N 2
Tafi Viejo,Calle Pueyrredon
Tafi Viejo,Calle Tucuman
Ingenio Santa Barbara,Calle Luis Diaz
Tafi Viejo,Calle Jose Colombres Este
Santa Lucia,Pasaje Avellaneda
San Miguel de Tucuman,Calle Dr Juan Brigido Teran
Bella Vista,Calle Diego de Rojas
San Miguel de Tucuman,Calle Lisandro Borda
San Miguel de Tucuman,Pasaje Zenon Santillan
Acheral,Calle Catamarca
Acheral,Calle Miguel Lillo
San Miguel de Tucuman,Avenida Cnel Manuel Suarez
Banda del Rio Sali,Calle Juan Crisostomo Mendez
El Manantial,Calle Sarmiento
La Cocha,Calle Gustavo Adolfo Becquer
San Miguel de Tucuman,Pasaje Patricio Islas
Colalao del Valle,Avenida Los Saucos
Banda del Rio Sali,Calle 4
Graneros,Calle Congreso
Medinas,Calle 2
San Miguel de Tucuman,Avenida L N Alem
San Miguel de Tucuman,Pasaje Papa Leon XIII
Lastenia,Calle 1 de Mayo
Tafi Viejo,Calle Belgrano
Lules,Calle Alberti
El Manantial,Pasaje San Luis
El Manantial,Calle Lavalle
Tafi Viejo,Calle Manuela Pedraza
Juan Bautista Alberdi,Calle Lamadrid
Lastenia,Pasaje Cabildo
San Miguel de Tucuman,Calle Italia
Juan Bautista Alberdi,Calle Laprida
Banda del Rio Sali,Avenida Independencia
Aguilares,Calle Paris
El Bracho,Calle 1 Este Oeste
El Manantial,Calle Dr Nicolas Avellaneda
Juan Bautista Alberdi,Calle España
Juan Bautista Alberdi,Calle Mariano Macias
Villa Quinteros,Calle Entre Rios
San Miguel de Tucuman,Calle 20 de Junio
San Miguel de Tucuman,Calle Rep de Siria
San Miguel de Tucuman,Calle Las Heras
Juan Bautista Alberdi,Calle French
El Chañar,Calle Pres Bernardino Rivadavia
Tafi Viejo,Pasaje Villagra
Aguilares,Calle Cnel Juan Pringles
El Cruce,Calle 4
La Cocha,Calle La Rioja
San Miguel de Tucuman,Calle Pio XII
San Miguel de Tucuman,Avenida Silvano Bores
San Miguel de Tucuman,Calle Sgto Juan B Cabral
San Miguel de Tucuman,Pasaje Olavarria
Tafi Viejo,Calle Muñecas Norte
El Manantial,Pasaje Federico Helguera
Villa Quinteros,Calle H Manchala Oeste
Bella Vista,Calle Tejerina
Tafi Viejo,Calle Maipu
El Chañar,Calle Salta
Aguilares,Calle Misiones
Villa la Trinidad,Calle B Araoz
Alderetes,Calle Emilia Perez de Constant
Tafi Viejo,Calle 31 de Octubre
Cevil Redondo,Pasaje Peru
Alderetes,Calle Gral Guemes
San Miguel de Tucuman,Pasaje Bustamante
El Bracho,Calle 6 Este Oeste
San Miguel de Tucuman,Pasaje Dr G Martinez Zuviria
San Miguel de Tucuman,Pasaje Pje 43
San Miguel de Tucuman,Pasaje Holmberg
Banda del Rio Sali,Calle Miguel Lillo
San Miguel de Tucuman,Pasaje 25 38 no
Aguilares,Pasaje Granaderos
Alderetes,Pasaje Vicente Lopez y Planes
San Miguel de Tucuman,Avenida Provincia de Salta
San Miguel de Tucuman,Pasaje Jose Alvarez
Graneros,Calle 9 de Julio
Villa la Trinidad,Calle Ayacucho
Aguilares,Calle Gral Jose M Paz Este
Famailla,Pasaje Guillermina Mereyro
Aguilares,Calle 4
Los Sarmientos,Calle 25 de Mayo
Ingenio Santa Barbara,Calle Ayohuma
Famailla,Pasaje Padilla
Alderetes,Pasaje 2 de Abril
Tafi Viejo,Calle Irigoyen
Santa Lucia,Pasaje Blas Parera
San Miguel de Tucuman,Pasaje Dr Carlos Cossio
San Miguel de Tucuman,Calle Fray Mamerto Esquiu
Alderetes,Calle Maipu
Alderetes,Pasaje Sanchez de Thompson
Lastenia,Calle Cordoba
San Miguel de Tucuman,Calle 68 37
Santa Lucia,Avenida Pres Gral J A Roca
Tafi Viejo,Calle Joaquin del Pino
Famailla,Calle 20
Lastenia,Avenida Santo Cristo
San Miguel de Tucuman,Calle Araoz de Lamadrid
Aguilares,Calle Carlos Pellegrini
Bella Vista,Calle S/N 3
Arcadia,Calle Alberdi
San Miguel de Tucuman,Pasaje Pje 20 Noroeste
Famailla,Calle Dr Mariano Moreno
Bella Vista,Calle Saavedra
San Miguel de Tucuman,Pasaje Tierra del Fuego
Aguilares,Calle Congreso
San Miguel de Tucuman,Calle Julio Lopez Mañan
El Cruce,Calle 3 E
San Miguel de Tucuman,Avenida Dr Juan Bautista Justo
San Miguel de Tucuman,Avenida Pres Gral J A Roca
Acheral,Avenida 25 de Mayo
San Miguel de Tucuman,Calle 37 So
San Miguel de Tucuman,Calle Diego de Rojas
Lules,Calle Guemes
Tafi Viejo,Calle Centenario
Aguilares,Calle Marques de Aguado Este
Tafi Viejo,Calle San Miguel
Santa Ana,Calle San Miguel de Tucuman
San Miguel de Tucuman,Pasaje Gral Bascary
Bella Vista,Calle Dr Juan Jose Paso
Monteagudo,Calle Ponce de Leon
Famailla,Calle 15
Alderetes,Pasaje Jose Lanieri
San Miguel de Tucuman,Calle Granaderos
Arcadia,Calle Blas Cabrera
San Miguel de Tucuman,Pasaje Maldonado
San Miguel de Tucuman,Avenida Adolfo de las Vegas
Alderetes,Calle 5
Amaicha del Valle,Pasaje 1
Bella Vista,Calle Estrecho de Magallanes
Alderetes,Avenida Eva Peron
Alderetes,Pasaje Jose Hernandez
Taco Ralo,Calle Catamarca
El Chañar,Avenida Pte D F Sarmiento
San Miguel de Tucuman,Pasaje 1 de Mayo
Santa Ana,Calle Corrientes
Villa la Trinidad,Calle Entre Rios
Aguilares,Calle Catamarca
Lastenia,Calle B Mitre
Rumi Punco,Calle Gral Manuel Belgrano
San Miguel de Tucuman,Pasaje Amado Nervo
San Miguel de Tucuman,Diagonal Diag 90
Rio Colorado,Calle Ayacucho
La Cocha,Calle Independencia
Juan Bautista Alberdi,Calle Gral Guemes
San Miguel de Tucuman,Calle Madrid
San Miguel de Tucuman,Pasaje Dr Jose Manuel Galvez
Aguilares,Calle Gral Jose M Paz Oeste
Medinas,Calle Gral Guemes
Bella Vista,Calle Eva Peron
Acheral,Calle B Mitre
San Miguel de Tucuman,Calle Florentino Ameghino
Villa la Trinidad,Pasaje Jorge Newbery
Aguilares,Calle San Luis
Juan Bautista Alberdi,Boulevard Gral Manuel Belgrano
San Miguel de Tucuman,Diagonal Diag 47
San Miguel de Tucuman,Avenida Rep de Siria
Banda del Rio Sali,Calle San Martin
San Miguel de Tucuman,Pasaje San Nicolas
Independencia,Calle Santo Rosario
Santa Lucia,Avenida Libertador Sur
Aguilares,Calle 9 de Julio
Alderetes,Calle Beruti
Famailla,Calle 13
Juan Bautista Alberdi,Pasaje 2 de Abril
Ingenio Santa Barbara,Calle Callao
Banda del Rio Sali,Calle Reconquista
San Miguel de Tucuman,Calle F Heredia
El Manantial,Calle Cristo Rey
Famailla,Calle Juan Puggioni
San Miguel de Tucuman,Diagonal Landa
Famailla,Calle Lucindo Villafañe
Juan Bautista Alberdi,Calle Maipu
San Miguel de Tucuman,Calle Tejerina
La Cocha,Calle Maximo Victoria
7 de Abril,Calle Comunal 7
Arcadia,Calle Ricardo Rojas
Colombres,Calle Las Palomitas
San Miguel de Tucuman,Pasaje Villalonga
Villa Quinteros,Calle Jujuy
Independencia,Calle Diego de Villarroel
Aguilares,Calle Falucho Oeste
Banda del Rio Sali,Calle Nicolas Laguna
Tafi Viejo,Calle Ezequiel Bravo
Villa Quinteros,Avenida Del Libertador
San Miguel de Tucuman,Calle Domingo Jose Garcia
Independencia,Calle Cnel Larrabure
Alderetes,Calle Estados Unidos
Tafi Viejo,Calle 24 de Septiembre
Ingenio Santa Barbara,Calle Chacabuco
Famailla,Pasaje Siria
Taco Ralo,Boulevard Norte
Bella Vista,Calle Belgrano
El Chañar,Calle Buenos Aires
San Miguel de Tucuman,Pasaje Guido Spano
Bella Vista,Calle S Bores
Bella Vista,Calle M Garcia Fernandez
San Miguel de Tucuman,Calle Castañares
San Miguel de Tucuman,Calle Provincia de Mendoza
Independencia,Calle Bdier Facundo Quiroga
Juan Bautista Alberdi,Calle Dr Alfredo Palacios
Alderetes,Avenida Rivadavia
San Miguel de Tucuman,Calle J Azurduy de Padilla
Villa la Trinidad,Calle Juan Domingo Peron
Juan Bautista Alberdi,Calle Cabildo
Manuel Garcia Fernandez,Calle Pres Gral J A Roca
Banda del Rio Sali,Pasaje Santo Domingo
San Miguel de Tucuman,Calle San Isidro Labrador
San Miguel de Tucuman,Diagonal Diag 1
Rio Seco,Calle 11
Tafi Viejo,Calle Maria Eva Duarte de Peron
San Miguel de Tucuman,Diagonal Diag 9
Alderetes,Calle 24 de Septiembre
Aguilares,Calle Dr A Alsina
Santa Ana,Calle Gral J J de Urquiza
Amaicha del Valle,Calle S/N 1
Colombres,Calle Colonia 4
Aguilares,Calle San Martin
San Miguel de Tucuman,Pasaje Jose Marmol
San Miguel de Tucuman,Calle Dr Juan Jose Paso
Taco Ralo,Calle Cordoba
San Miguel de Tucuman,Calle 49
San Miguel de Tucuman,Pasaje 27 no
Villa Quinteros,Calle S/N 2
Aguilares,Calle Reconquista
Ingenio Santa Barbara,Calle Alberdi
Campo Herrera,Ruta Provincial Rp 322
Tafi Viejo,Calle Sarmiento
Juan Bautista Alberdi,Calle Beruti
Famailla,Calle 3
Lastenia,Calle Enriqueta de Orell
San Miguel de Tucuman,Pasaje Sorol
Lules,Calle Alte G Brown
Taco Ralo,Calle Santiago del Estero
San Miguel de Tucuman,Pasaje Alfredo Coviello
Famailla,Calle 1
Aguilares,Calle La Rioja
San Miguel de Tucuman,Avenida Bernabe Araoz
La Cocha,Calle Los Podesta
Graneros,Calle Independencia
Rio Seco,Calle 7
Alderetes,Calle Dr Juan Bautista Justo
Alderetes,Calle Sarmiento
San Miguel de Tucuman,Diagonal Diag 6
Ingenio Santa Barbara,Calle Paris
Banda del Rio Sali,Calle Congreso de Tucuman
Rio Seco,Calle S/C
Juan Bautista Alberdi,Calle Venezuela
San Miguel de Tucuman,Pasaje Juan Heller
Taco Ralo,Calle B Mitre
Aguilares,Calle Dr Cosme Argerich
Tafi Viejo,Calle Constitucion
San Miguel de Tucuman,Calle Valerio Laguna
San Miguel de Tucuman,Calle Pueyrredon
San Miguel de Tucuman,Calle Federico Brandsen
Famailla,Calle 22
San Miguel de Tucuman,Pasaje Marconi
Lules,Calle Urquiza
San Miguel de Tucuman,Calle Asuncion
Villa Quinteros,Pasaje Gregorio Jesus Diaz
Banda del Rio Sali,Calle Lidoro J Quinteros
Colombres,Calle Finca el Cuadro
San Miguel de Tucuman,Avenida Dr Juan Brigido Teran
Los Ralos,Calle 8
Alderetes,Calle Lavalle
San Miguel de Tucuman,Avenida Salta
Famailla,Pasaje Vazquez Cohello
Tafi Viejo,Calle S/C
Los Ralos,Calle S/N 1
Tafi Viejo,Calle La Rioja Oeste
El Chañar,Avenida Av 5
Bella Vista,Calle S/N 4
Medinas,Calle A Trinidad
Juan Bautista Alberdi,Calle 24 de Septiembre
San Miguel de Tucuman,Avenida Republica del Libano
San Miguel de Tucuman,Pasaje Diaz Velez
Medinas,Calle 24 de Septiembre
Aguilares,Calle 6
Alderetes,Pasaje French
Alderetes,Calle Castelli
San Miguel de Tucuman,Calle 7 Ne
Banda del Rio Sali,Pasaje Araoz de Lamadrid
San Miguel de Tucuman,Diagonal Diag 64
San Miguel de Tucuman,Calle Dr V de la Plaza
Lules,Calle Jujuy
El Manantial,Calle 9 de Julio
Independencia,Calle Gral Gay
San Miguel de Tucuman,Pasaje Halley
Tafi Viejo,Calle Callao
Villa Quinteros,Calle Perito F P Moreno
El Chañar,Calle Corrientes
Alderetes,Calle Libertador
San Miguel de Tucuman,Pasaje Jorge Luis Borges
Taco Ralo,Calle Neuquen
Independencia,Calle Ibatin
San Miguel de Tucuman,Pasaje Roberto Berho
Lastenia,Calle Fortunata Garcia
Alderetes,Calle Francisco de Aguirre
La Cocha,Calle Santiago
Colombres,Calle Dr Saavedra Lamas
El Manantial,Calle Dr Aniceto Latorre
San Miguel de Tucuman,Pasaje Jose Padilla
Taco Ralo,Calle Independencia
Alderetes,Pasaje Junin
Monteagudo,Pasaje Pje 5
Manuel Garcia Fernandez,Calle Obispo Jose Eusebio Colombres
Juan Bautista Alberdi,Calle Patria
Juan Bautista Alberdi,Calle Felipe Varela
Tafi Viejo,Calle Chacabuco
San Miguel de Tucuman,Calle Blas Parera
Aguilares,Calle Independencia
San Miguel de Tucuman,Calle N Estefano
7 de Abril,Calle Comunal 5
San Miguel de Tucuman,Pasaje Armando Baunaly
San Miguel de Tucuman,Pasaje Alberto Williams Bliss
San Miguel de Tucuman,Calle Thomas Edison
San Miguel de Tucuman,Pasaje Hilario Ascasubi
Banda del Rio Sali,Calle 9
Tafi Viejo,Calle Jose Colombres Oeste
San Miguel de Tucuman,Pasaje Estanislao Lopez
Alderetes,Pasaje Juan Pablo II
Amaicha del Valle,Calle S/N 6
Santa Ana,Calle Eva Peron
Banda del Rio Sali,Calle Nicaragua
Lastenia,Calle Mendoza
Aguilares,Calle Antartida Argentina
Villa Quinteros,Calle Diego de Villarroel
San Miguel de Tucuman,Avenida Araoz
Famailla,Calle Belisario Roldan
El Manantial,Calle San Martin
San Miguel de Tucuman,Calle Eduardo Bulnes
San Miguel de Tucuman,Calle Belisario Lopez
Villa Quinteros,Calle Alberdi
Los Ralos,Calle 6
Aguilares,Pasaje Pueyrredon
Los Sarmientos,Calle Gorriti
San Miguel de Tucuman,Pasaje 35 Sureste
Juan Bautista Alberdi,Calle Constitucion
Colombres,Pasaje San Roque
Tafi Viejo,Calle Cnel Larrabure
La Cocha,Calle Alfonsina Storni
San Miguel de Tucuman,Pasaje Asuncion Cervantes
San Miguel de Tucuman,Pasaje Japon
San Miguel de Tucuman,Calle Anselmo Granillo
El Chañar,Avenida Pres Gral J A Roca
San Miguel de Tucuman,Calle San Miguel
Juan Bautista Alberdi,Calle S/C
San Miguel de Tucuman,Calle Zavaleta
San Miguel de Tucuman,Pasaje Pje 57
San Miguel de Tucuman,Pasaje Pje 16
San Miguel de Tucuman,Calle Padre Roque Correa
Tafi Viejo,Calle Jose Maria Tetu
Lastenia,Calle Laprida
Villa la Trinidad,Calle Riobamba
San Miguel de Tucuman,Calle Alte G Brown
Aguilares,Pasaje San Martin
Bella Vista,Calle Dr Juan Bautista Justo
San Miguel de Tucuman,Calle Gauna
San Miguel de Tucuman,Pasaje Pje 80 So
Colombres,Calle Fray Sta Maria de Oro
Banda del Rio Sali,Pasaje Centenario
San Miguel de Tucuman,Pasaje Hernandarias
Rio Seco,Calle Curie
Lules,Calle Emidio Posse
Villa Quinteros,Calle Bat de Tucuman
Famailla,Calle Alfredo Rosales
Aguilares,Calle Escalada San Martin s
Taco Ralo,Calle Formosa
Tafi Viejo,Pasaje Pje 2
Lules,Calle Cayetano Nazca
San Miguel de Tucuman,Calle Larrea
San Miguel de Tucuman,Pasaje Lautaro
Aguilares,Calle Domingo French
Villa la Trinidad,Calle Pte H Yrigoyen
San Miguel de Tucuman,Calle Antonio Beruti
El Manantial,Calle Ramirez de Velazco
San Miguel de Tucuman,Pasaje Reconquista
Bella Vista,Calle Jose Manuel Estrada
Cevil Redondo,Pasaje Congreso de Tucuman
Bella Vista,Calle C Rodriguez
San Miguel de Tucuman,Calle Alberto Farias
San Miguel de Tucuman,Calle Dr Eduardo Wilde
Graneros,Calle 2
Tafi Viejo,Calle Reconquista Este
San Miguel de Tucuman,Pasaje Wurschmidt
Colombres,Calle 3
Taco Ralo,Avenida Del Sur
Ingenio Santa Barbara,Calle San Martin
Tafi Viejo,Calle Ceballos
El Cruce,Calle 1 Este
San Miguel de Tucuman,Avenida Dalma Diagonal
San Miguel de Tucuman,Pasaje Divino Pizarro
Rio Seco,Calle 16
Colombres,Calle Dr M de Avellaneda
Banda del Rio Sali,Calle 2
Tafi Viejo,Calle 4
Tafi Viejo,Calle Ing Civit
Bella Vista,Calle S/C
San Miguel de Tucuman,Calle Jose Rondeau
Santa Lucia,Calle Lola Mora
Aguilares,Pasaje La Niña
Villa la Trinidad,Calle Alberdi
La Cocha,Calle Moreno
Famailla,Calle Ara Gral Belgrano
Ingenio Santa Barbara,Calle Vergues
San Miguel de Tucuman,Diagonal Diag 37
Aguilares,Calle Gral Juan M de Pueyrredon
San Miguel de Tucuman,Calle Joaquin V Gonzalez
Villa Quinteros,Avenida De las Camelias
San Miguel de Tucuman,Pasaje Manuel Quintana
Alderetes,Calle Ing Juan C Enrico
Aguilares,Calle Larrea Oeste
Lules,Calle Pte H Yrigoyen
San Miguel de Tucuman,Pasaje Albert Einstein
Tafi Viejo,Pasaje Pje 4
Villa Quinteros,Calle Publica 1
Lules,Calle Velez Sarsfield
San Miguel de Tucuman,Calle Lola Mora
San Miguel de Tucuman,Pasaje Oncativo
San Miguel de Tucuman,Pasaje Julio Zuviria
San Miguel de Tucuman,Pasaje Provincia de Rio Negro
Tafi Viejo,Calle Congreso
San Miguel de Tucuman,Calle Cnel Julian Murga
San Miguel de Tucuman,Calle Pablo Rojas Paz
Tafi Viejo,Avenida Independencia
Alderetes,Calle 4
San Miguel de Tucuman,Pasaje Pje 25
San Miguel de Tucuman,Calle Ernesto Padilla
San Miguel de Tucuman,Pasaje Mariano Boedo
Tafi Viejo,Calle Cnel Brandsen
Taco Ralo,Calle Mendoza
San Miguel de Tucuman,Pasaje Henry Dunant
San Miguel de Tucuman,Pasaje 18 Noroeste
San Miguel de Tucuman,Calle Chile
San Miguel de Tucuman,Calle Tte Benjamin Matienzo
Graneros,Calle Islas Malvinas
Famailla,Calle 17
Rio Seco,Calle Ibatin
Aguilares,Calle Justo J de Urquiza Oeste
San Miguel de Tucuman,Pasaje Andres Chazarreta
Juan Bautista Alberdi,Calle Bdier Facundo Quiroga
Lules,Calle Alberdi
Monteagudo,Calle Belgrano
San Miguel de Tucuman,Calle Paso de los Andes
San Miguel de Tucuman,Avenida De los Proc Soldati
Alderetes,Calle Congreso
Santa Ana,Calle Juan Domingo Peron
Famailla,Calle 1Er Centenario
Aguilares,Calle Dr Mariano Moreno
Villa Quinteros,Calle Miguel Lillo
San Miguel de Tucuman,Calle 11
Famailla,Calle Gral Jose G Artigas
Famailla,Calle Colombres
Banda del Rio Sali,Pasaje Ing Flavio Virla
Tafi Viejo,Calle Catamarca
Lastenia,Calle Padre Garicio
Alderetes,Pasaje 26 de Julio
Monteagudo,Calle Pbto Augusto Antonio Diaz
Alderetes,Avenida De las Industrias
La Cocha,Calle San Ignacio
El Manantial,Pasaje Monteagudo
El Manantial,Calle Gdor del Campo
San Miguel de Tucuman,Diagonal Diag 5
Rio Seco,Calle 1 de Mayo
Independencia,Calle 12 de Octubre
Acheral,Calle Gral Guemes
Rio Colorado,Calle Alberdi
Lules,Pasaje Tte Benjamin Matienzo
Acheral,Calle Jose E Colombres
El Manantial,Calle Rivadavia
San Miguel de Tucuman,Pasaje Piedrabuena
Alderetes,Calle Dr Ricardo Balbin
Monteagudo,Pasaje Pje 6
Santa Lucia,Calle Pellegrini
Medinas,Camino En Construccion
San Miguel de Tucuman,Pasaje Cap Juanes de Artaza
Tafi Viejo,Calle 9 de Julio
San Miguel de Tucuman,Pasaje Juan Maria Gutierrez
Tafi Viejo,Calle Cochabamba
Aguilares,Pasaje Abregu
San Miguel de Tucuman,Calle Jose Manuel Estrada
Juan Bautista Alberdi,Pasaje San Jose
El Manantial,Calle Crisostomo Alvarez
Aguilares,Calle Isabel la Catolica
El Manantial,Calle 25 de Mayo
Juan Bautista Alberdi,Calle Juan Maria Gutierrez
Juan Bautista Alberdi,Calle Misiones
Santa Lucia,Calle 7
Bella Vista,Calle Diego de Villarroel
San Miguel de Tucuman,Calle Constitucion
San Miguel de Tucuman,Calle Costa Rica
San Miguel de Tucuman,Pasaje Montevideo
San Miguel de Tucuman,Calle Benjamin Lavaysse
Alderetes,Calle 9 de Julio
San Miguel de Tucuman,Calle S/C
San Miguel de Tucuman,Calle Benigno Vallejo
Los Ralos,Pasaje Pje S/N 7
Acheral,Avenida Dr Manuel Belgrano
Tafi Viejo,Calle Prof R Marino
Independencia,Calle Sold Ismael Maldonado
Graneros,Calle Jose E Colombres
Aguilares,Calle Islas Malvinas
Graneros,Calle 1
San Miguel de Tucuman,Pasaje Pje 62
San Miguel de Tucuman,Pasaje Davalos
Juan Bautista Alberdi,Calle Congreso
Colombres,Pasaje Eduardo Aguero
Villa Quinteros,Calle Los Nisperos
Amaicha del Valle,Calle S/N 3
Villa la Trinidad,Avenida Antonio Lafuente
Banda del Rio Sali,Calle Manuel Estoquin
Famailla,Calle German Pani
Aguilares,Calle Cristobal Colon
San Miguel de Tucuman,Pasaje Cerrito
Rio Seco,Calle Bernardino Nieva
Banda del Rio Sali,Calle 1
San Miguel de Tucuman,Pasaje Roberto J Payro
San Miguel de Tucuman,Pasaje Pacifico Diaz
Tafi Viejo,Calle San Martin
Taco Ralo,Calle Tucuman
San Miguel de Tucuman,Pasaje Cesar Cramer
San Miguel de Tucuman,Calle Perito F P Moreno
Villa la Trinidad,Calle 17 de Octubre
Santa Ana,Calle Domingo F Sarmiento
Bella Vista,Calle Cmte Franco
Los Sarmientos,Calle Colombres
Tafi Viejo,Calle Lisandro de la Torre
Colalao del Valle,Avenida El Tajamar
San Miguel de Tucuman,Avenida Jujuy
Lules,Calle Salta
El Manantial,Calle Rio de la Plata
San Miguel de Tucuman,Avenida Carlos Pellegrini
El Manantial,Pasaje Santiago del Estero
San Miguel de Tucuman,Calle Ildefonso Muñecas
La Reduccion,Calle Pbto Padilla
Juan Bautista Alberdi,Avenida Domingo F Sarmiento
El Manantial,Pasaje Javier Lopez
San Miguel de Tucuman,Pasaje Pje 8
Juan Bautista Alberdi,Calle Catamarca
El Cruce,Calle 3
San Miguel de Tucuman,Calle Chacabuco
Taco Ralo,Avenida Del Oeste
San Miguel de Tucuman,Diagonal 45 A
Alderetes,Calle San Martin
Juan Bautista Alberdi,Calle Pte M T de Alvear
Aguilares,Calle Domingo Retondo
El Cruce,Calle 1
San Miguel de Tucuman,Calle Gral Manuel N Savio
Alderetes,Pasaje Mendoza
Villa Quinteros,Calle Lucio Brandan
San Miguel de Tucuman,Pasaje Fidel Lopez
Alderetes,Calle Fernando Riera
Banda del Rio Sali,Calle Panama
Santa Lucia,Avenida Libertador Norte
San Miguel de Tucuman,Pasaje Pje 33
Juan Bautista Alberdi,Calle 9 de Julio
San Miguel de Tucuman,Pasaje Independencia
Medinas,Calle 9 de Julio
Lastenia,Calle Aconquija
La Cocha,Ruta Provincial Rp 334
Graneros,Calle Gral Juan Lavalle
San Miguel de Tucuman,Pasaje Jose Superi
San Miguel de Tucuman,Calle Provincia de Corrientes
San Miguel de Tucuman,Calle T Combes
La Reduccion,Calle 25 de Mayo
Aguilares,Calle 3
Los Ralos,Calle S/N 3
Colombres,Calle San Juan
Tafi Viejo,Calle Andres Chazarreta
San Miguel de Tucuman,Calle Anselmo Rojo
Banda del Rio Sali,Pasaje El Transito
Tafi Viejo,Pasaje 20 de Junio
Villa la Trinidad,Calle L N Alem
Juan Bautista Alberdi,Calle Tomas Pintos
San Miguel de Tucuman,Pasaje Santiago de Liniers
Aguilares,Calle 1
San Miguel de Tucuman,Calle Alberdi
Alderetes,Calle Santiago del Estero
San Miguel de Tucuman,Calle N Herrera
Banda del Rio Sali,Calle Gral Juan Lavalle
Tafi Viejo,Calle Thames
Villa la Trinidad,Camino A la Esperanza
San Miguel de Tucuman,Pasaje Polonia
Monteagudo,Calle 24 de Septiembre
Famailla,Pasaje Falucho
Santa Ana,Calle Saenz Peña
San Miguel de Tucuman,Diagonal Norte
Villa la Trinidad,Calle Benjamin Matienzo
San Miguel de Tucuman,Calle Melian de Leguizamo
Cevil Redondo,Pasaje Libertad
Banda del Rio Sali,Pasaje Diego de Rojas
Banda del Rio Sali,Calle Peru
San Miguel de Tucuman,Pasaje Pje 12 15 Se
Tafi Viejo,Pasaje Prof del Moral
Colombres,Avenida Gral San Martin
San Miguel de Tucuman,Pasaje Juan Hipolito Vieytes
Famailla,Calle Ramon Sema
San Miguel de Tucuman,Pasaje Diaz Velez Castellanos
San Miguel de Tucuman,Pasaje Gdor C Gutierrez
La Cocha,Calle Colon
San Miguel de Tucuman,Pasaje 27 de Febrero
Juan Bautista Alberdi,Calle Gral Paz
San Miguel de Tucuman,Pasaje 14 Sureste
Los Sarmientos,Calle Pres Gral J A Roca
San Miguel de Tucuman,Pasaje Tagle
Lules,Pasaje Alvarez Condarco
Lules,Calle Bernardino Rivadavia
San Miguel de Tucuman,Calle Lucas A Cordoba
Juan Bautista Alberdi,Calle San Martin
Colombres,Calle Finca San Luis
Alderetes,Calle 6
Aguilares,Avenida Sarmiento
Banda del Rio Sali,Calle Estados Unidos
Banda del Rio Sali,Calle Venezuela
Lastenia,Calle Sarmiento
Manuel Garcia Fernandez,Calle Hernandez
Famailla,Calle Francisco Prats
San Miguel de Tucuman,Calle Cuba
Villa Quinteros,Avenida Roca
San Miguel de Tucuman,Calle Lope de Vega
Los Ralos,Calle 3
San Miguel de Tucuman,Pasaje Pje 53
San Miguel de Tucuman,Calle Hernando de Magallanes
San Miguel de Tucuman,Pasaje Cnel Jose Segundo Roca
San Miguel de Tucuman,Calle Honduras
Alderetes,Calle Francisco Cano
Banda del Rio Sali,Calle Hermenegildo Rodriguez
Santa Ana,Calle Hileret
San Miguel de Tucuman,Calle Dardo Molina
La Cocha,Calle Libertad
Villa la Trinidad,Calle Eva Duarte
San Miguel de Tucuman,Pasaje Pje 12
Rio Seco,Calle Cordoba del Tucuman
Lules,Calle Gral Manuel Belgrano
Banda del Rio Sali,Pasaje Maipu
San Miguel de Tucuman,Calle Ricardo Rojas
San Miguel de Tucuman,Pasaje Rep del Brasil
Villa Quinteros,Calle Corrientes
San Miguel de Tucuman,Avenida De las Americas
San Miguel de Tucuman,Calle Pablo II
Alderetes,Pasaje Inca Garcilazo
La Cocha,Avenida Gral San Martin Norte
Tafi Viejo,Calle Caseros Este
Aguilares,Calle Peru
Alderetes,Calle Independencia
Banda del Rio Sali,Pasaje San Juan
La Reduccion,Ruta Provincial Rp 380
Alderetes,Calle Jose Ignacio Rucci
Aguilares,Calle 24 de Septiembre Este
San Miguel de Tucuman,Calle Congreso
Rio Colorado,Calle Gral Manuel Belgrano
Aguilares,Pasaje Entre Rios
Alderetes,Calle Dr Jose Ingenieros
Alderetes,Calle Antartida Argentina
San Miguel de Tucuman,Pasaje Don Bosco
Banda del Rio Sali,Calle Groenlandia
Villa Quinteros,Calle Ejercito del Norte
Aguilares,Avenida Savio
Villa Quinteros,Pasaje Martin Fierro
Lules,Pasaje Jose Humberto Delgado
San Miguel de Tucuman,Calle Jeronimo de Cabrera
Rio Seco,Calle 9
Amaicha del Valle,Calle S/N 4
Lules,Calle B Mitre
Villa de Leales,Calle Tomas Venecia
San Miguel de Tucuman,Calle Jose Warnes
San Miguel de Tucuman,Calle 10 de Junio
San Miguel de Tucuman,Calle Jose Frias Silva
San Miguel de Tucuman,Pasaje Ricardo A Paz
San Miguel de Tucuman,Diagonal Diag 72
San Miguel de Tucuman,Pasaje Ortiz
Arcadia,Ruta Provincial Rp 327
Villa de Leales,Pasaje Pje 3
Alderetes,Calle Pbto M Alberti
El Chañar,Calle 11
Independencia,Calle Tucuman
San Miguel de Tucuman,Calle Mercedes de San Martin
San Miguel de Tucuman,Pasaje Pje 19
Alderetes,Pasaje Rio Negro
San Miguel de Tucuman,Calle Roque Aragon
Cevil Redondo,Calle S/C
Alderetes,Calle Dr Arturo Illia
Banda del Rio Sali,Calle 24 de Junio
Alderetes,Calle Gral Cornelio Saavedra
San Miguel de Tucuman,Calle Miguel Lillo
San Miguel de Tucuman,Calle Federacion
Acheral,Avenida Tucuman
Famailla,Calle 8
Aguilares,Pasaje Caceres
San Miguel de Tucuman,Pasaje Pje 17
Alderetes,Calle 25 de Mayo
Graneros,Calle Dr Nicolas Avellaneda
El Manantial,Calle Cap Antonio M Taboada
San Miguel de Tucuman,Pasaje Dr Jose Ignacio Araoz
Graneros,Pasaje Cristobal Colon
Lules,Calle Juan XXIII
Villa de Leales,Calle S/N 1
San Miguel de Tucuman,Calle 68
Aguilares,Calle Ramon Simon
Ingenio Santa Barbara,Calle Grunauer
Los Ralos,Avenida San Martin
La Cocha,Calle Pres Gral J A Roca
San Miguel de Tucuman,Pasaje Manuel Lopez Pondal
Ingenio Santa Barbara,Calle Bruselas
Monteagudo,Pasaje Pje 8
San Miguel de Tucuman,Diagonal Astrada
San Miguel de Tucuman,Calle 47
San Miguel de Tucuman,Calle 25 de Mayo de 1810
Ingenio Santa Barbara,Calle Domingo Colombres
Juan Bautista Alberdi,Calle Independencia
Alderetes,Calle Nicaragua
San Miguel de Tucuman,Pasaje Calchaquies
San Miguel de Tucuman,Pasaje Thames
San Miguel de Tucuman,Diagonal Diag 39
Lules,Calle Neuquen
Juan Bautista Alberdi,Calle Lidoro J Quinteros
Bella Vista,Calle B Mitre
Villa la Trinidad,Calle Bolivar
Alderetes,Pasaje Sarogaroli
San Miguel de Tucuman,Calle Amadeo Jacques
Independencia,Calle Gral Guemes
San Miguel de Tucuman,Pasaje Mons Padilla y Barceña
Bella Vista,Calle Thames
Banda del Rio Sali,Calle Libertador
Villa la Trinidad,Calle 20 de Junio
Villa la Trinidad,Calle Las Heras
Lules,Calle Jose Padilla
Banda del Rio Sali,Calle Gral M de Azcuenaga
Juan Bautista Alberdi,Calle Antartida Argentina
San Miguel de Tucuman,Pasaje Dr Bernardo Houssay
El Chañar,Calle 7
Banda del Rio Sali,Calle G Leston de Guzman
Famailla,Calle Benjamin Matienzo
Famailla,Calle Juan Heller
Taco Ralo,Calle San Juan
Villa la Trinidad,Calle Sgto Juan B Cabral
Banda del Rio Sali,Pasaje Chile
Alderetes,Calle M Ulloa
El Manantial,Avenida Dr Manuel Belgrano
El Chañar,Calle S/C
San Miguel de Tucuman,Pasaje Santos Dumont
San Miguel de Tucuman,Calle Bat de Junin
Bella Vista,Calle Matienzo
El Manantial,Calle Entre Rios
Bella Vista,Calle Juan XXIII
San Miguel de Tucuman,Diagonal Jose Silva
Sargento Moya,Calle Teniente Berdina
Lastenia,Calle Juan Sanchez
Bella Vista,Calle C Barros
Famailla,Pasaje Bascary
San Miguel de Tucuman,Pasaje Dominguez
Juan Bautista Alberdi,Calle Marañon
Medinas,Calle Rivadavia
Tafi Viejo,Calle Atahualpa Yupanqui
Villa Quinteros,Calle Mendoza
Juan Bautista Alberdi,Calle Dr Arturo Illia
San Miguel de Tucuman,Calle Yamandu Rodriguez
El Cruce,Calle 3 N
Juan Bautista Alberdi,Calle 25 de Mayo
Aguilares,Pasaje Moya
Medinas,Calle 25 de Mayo
Monteagudo,Pasaje Pje 1
San Miguel de Tucuman,Calle Provincia de Buenos Aires
Famailla,Calle 6
El Manantial,Calle Celedonio Gutierrez
Banda del Rio Sali,Calle Gral las Heras
Cevil Redondo,Calle Alberdi
Alderetes,Pasaje Padilla
Amaicha del Valle,Calle S/N 2
Villa Quinteros,Calle Florida
Amaicha del Valle,Calle Ing Bretau
Monteagudo,Pasaje Pje 2
San Miguel de Tucuman,Calle Provincia de la Rioja
Tafi Viejo,Calle 2
Tafi Viejo,Calle Santiago
San Miguel de Tucuman,Pasaje Juan Agustin Garcia
San Miguel de Tucuman,Pasaje Honorio Molina
Ingenio Santa Barbara,Calle Maipu
Santa Lucia,Pasaje Liniers
San Miguel de Tucuman,Pasaje Guayaquil
El Manantial,Pasaje Parana
Bella Vista,Calle Benjamin Araoz
Alderetes,Pasaje Dorrego
Famailla,Calle Monteagudo
San Miguel de Tucuman,Calle Santiago del Estero
San Miguel de Tucuman,Pasaje Pje 24
Lules,Calle Dominguez Zoilo
San Miguel de Tucuman,Calle Gral Simon Bolivar
Monteagudo,Calle Miguel Antonio Gonzalez
Taco Ralo,Calle Libertad
San Miguel de Tucuman,Calle Inca Garcilaso de la Vega
Santa Ana,Calle 1 de Mayo
Villa la Trinidad,Pasaje 1 de Mayo
San Miguel de Tucuman,Pasaje Treinta y Tres Orientales
Rio Seco,Calle 13
San Miguel de Tucuman,Pasaje Pje 31
Lules,Calle Araoz de Lamadrid
Cevil Redondo,Calle Lucas A Cordoba
San Miguel de Tucuman,Pasaje Felix Frias
Alderetes,Calle Dominga de Corbazan
Rio Seco,Calle Islas Malvinas
Lules,Avenida Pres Gral J A Roca
Villa la Trinidad,Pasaje Lugones
Alderetes,Calle Godoy Cruz
San Miguel de Tucuman,Calle Prospero Mena
Colombres,Calle Obispo Jose Eusebio Colombres
Santa Lucia,Pasaje 12 de Octubre
San Miguel de Tucuman,Pasaje Pje 23
Famailla,Avenida Liniers
La Cocha,Calle Salta
San Miguel de Tucuman,Calle Provincia de Entre Rios
Banda del Rio Sali,Pasaje Miguel Ocaranza
San Miguel de Tucuman,Calle Thames
Colombres,Calle Federico Kosef
Tafi Viejo,Calle Rovelli
Aguilares,Calle Brasil
Monteagudo,Pasaje Pje 4
Santa Ana,Pasaje Pje S/N 3
San Miguel de Tucuman,Diagonal Isla de Cerdeña
San Miguel de Tucuman,Calle Dr Luis Maria Drago
Lules,Calle Alvarez Condarco
San Miguel de Tucuman,Pasaje Posadas
San Miguel de Tucuman,Pasaje Ambrio Nougues
Los Ralos,Calle S/N 2
San Miguel de Tucuman,Calle Juan XXIII
San Miguel de Tucuman,Pasaje Grecia
Famailla,Calle Rivadavia
San Miguel de Tucuman,Pasaje Jose E Colombres
San Miguel de Tucuman,Avenida Democracia
San Miguel de Tucuman,Pasaje Pje 21
Famailla,Pasaje Avellaneda
Juan Bautista Alberdi,Calle Pres N Avellaneda
Aguilares,Calle La Pampa
Aguilares,Calle Riobamba
7 de Abril,Ruta Nacional Rn 34
San Miguel de Tucuman,Calle Alberto Rougues
Alderetes,Calle Pedro Leskow
Alderetes,Calle Islas Malvinas
Bella Vista,Calle Agustina de Fernandez
San Miguel de Tucuman,Pasaje Leopoldo Lugones
Lastenia,Calle Catamarca
San Miguel de Tucuman,Pasaje 41 Sureste
San Miguel de Tucuman,Calle Neuquen
7 de Abril,Calle Comunal 8
El Manantial,Calle Santa Fe
San Miguel de Tucuman,Calle 12 de Octubre
San Miguel de Tucuman,Pasaje Vera y Aragon
San Miguel de Tucuman,Pasaje Pje 8 Ne
Tafi Viejo,Calle Utinger Este
Aguilares,Avenida Belgrano
Rumi Punco,Pasaje Gral Cornelio Saavedra
Lastenia,Calle San Luis
Aguilares,Calle Velez Sarsfield
Los Ralos,Calle 7
La Cocha,Calle S/N 1
Aguilares,Calle Ginebra
Bella Vista,Calle Alvarez Condarco
San Miguel de Tucuman,Pasaje Pje 45
San Miguel de Tucuman,Calle Charcas
Lastenia,Calle 9 de Julio
Lules,Calle Monte Libano
Aguilares,Calle Pres Gral J A Roca
Alderetes,Calle Pablo Paz Rojas
Cevil Redondo,Calle Jose Frias Silva
El Bracho,Calle 2 Este Oeste
Villa la Trinidad,Calle Dr Juan Jose Paso
San Miguel de Tucuman,Pasaje Pje 35
Alderetes,Pasaje Yapeyu
Monteagudo,Calle 9 de Julio
Alderetes,Pasaje Juramento
Lules,Camino La Quebrada
Ingenio Santa Barbara,Calle Roma
Aguilares,Calle Virgen del Carmen
El Bracho,Calle 2 Norte Sur
Tafi Viejo,Avenida Del Peru Norte
Rio Seco,Calle Inmaculada Concepcion
San Miguel de Tucuman,Pasaje Araoz
San Miguel de Tucuman,Pasaje Roberto Koch
San Miguel de Tucuman,Avenida B Mitre
San Miguel de Tucuman,Pasaje Francisco Pizarro
San Miguel de Tucuman,Pasaje Mercado y Villacorta
Tafi Viejo,Calle 1
San Miguel de Tucuman,Pasaje Pje 14
Amaicha del Valle,Calle Alberdi
Aguilares,Calle San Lorenzo Oeste
Tafi Viejo,Calle Moreno
Lules,Calle Saavedra
Alderetes,Calle Santa Rosa de Lima
San Miguel de Tucuman,Pasaje Pje 9 no
Aguilares,Pasaje Santa Maria
Santa Lucia,Pasaje Gral Tomas Guido
San Miguel de Tucuman,Calle Pantaleon Fernandez
San Miguel de Tucuman,Pasaje Tuyuti
Taco Ralo,Calle Misiones
San Miguel de Tucuman,Diagonal Diag 45
Cevil Redondo,Pasaje Brasil
Bella Vista,Calle Mendoza
Famailla,Calle Octaviano Vera
Banda del Rio Sali,Pasaje Jose Aragon
Alderetes,Calle 3
Aguilares,Calle Colombia
Lules,Calle Dr Juan Jose Paso
San Miguel de Tucuman,Pasaje Pje 41
San Miguel de Tucuman,Calle Ejercito del Norte
Colalao del Valle,Calle Belgrano
San Miguel de Tucuman,Camino Del Peru
Manuel Garcia Fernandez,Calle Domingo F Sarmiento
San Miguel de Tucuman,Pasaje Martin Fierro
San Miguel de Tucuman,Pasaje Estanislao del Campo
Alderetes,Calle 1
Aguilares,Pasaje Velez Sarsfield
Alderetes,Calle Dr M de Avellaneda
Alderetes,Calle Moreno
San Miguel de Tucuman,Pasaje Benjamin Paz
Alderetes,Calle Gdor Luis Cruz
Santa Lucia,Pasaje Ayacucho
Monteagudo,Calle San Martin
La Reduccion,Ruta Provincial Rp 301
Rio Seco,Calle 12
San Miguel de Tucuman,Calle Nicaragua
Los Sarmientos,Pasaje Granadera
Banda del Rio Sali,Calle 9 de Julio
Tafi Viejo,Pasaje Prospero Mena
Bella Vista,Pasaje Dr Herbetta
San Miguel de Tucuman,Pasaje La Plata
Banda del Rio Sali,Calle Paraguay
Bella Vista,Calle Laprida
San Miguel de Tucuman,Pasaje Dr Bernardo de Irigoyen
El Chañar,Calle San Luis
San Miguel de Tucuman,Pasaje Jose Santillan
San Miguel de Tucuman,Pasaje Justo de la Vega
San Miguel de Tucuman,Pasaje Rep de Siria
7 de Abril,Calle Comunal 10
Banda del Rio Sali,Pasaje Rep de Bolivia
Famailla,Calle Carlos Andujar
Santa Lucia,Calle Alvarez Condarco
Bella Vista,Calle España
Bella Vista,Calle Batalla de Maipu
San Miguel de Tucuman,Pasaje Pje 92
Tafi Viejo,Pasaje Las Malvinas
Aguilares,Calle Tierra del Fuego
Banda del Rio Sali,Avenida Gral Jose Maria Paz
Tafi Viejo,Calle Uttinger
San Miguel de Tucuman,Pasaje Ruben Dario
Ingenio Santa Barbara,Calle Dr Nicolas Avellaneda
San Miguel de Tucuman,Calle Chiclana
San Miguel de Tucuman,Calle Alvarez Condarco
Alderetes,Calle Muñecas
Santa Lucia,Pasaje Pje 5
Colalao del Valle,Calle Villa Alem
Banda del Rio Sali,Calle Bernabe Araoz
San Miguel de Tucuman,Pasaje Bat de Ituzaingo
Banda del Rio Sali,Pasaje Pablo Rojas Paz
Lastenia,Calle Andres Chazarreta
San Miguel de Tucuman,Pasaje Echecopar
La Reduccion,Calle Villa del Ex Ingenio Viejo
Rumi Punco,Pasaje 17 de Agosto
El Bracho,Calle 3 Norte Sur
Medinas,Calle 3
Banda del Rio Sali,Calle 8
La Cocha,Calle S/N 6
San Miguel de Tucuman,Calle Antori
Medinas,Calle 1
Ingenio Santa Barbara,Ruta Nacional Rn 38
Colombres,Calle Colonia 3
San Miguel de Tucuman,Diagonal Diag 49
La Cocha,Calle M de la Orden
San Miguel de Tucuman,Pasaje Chueca
Banda del Rio Sali,Calle Americo Vespucio
San Miguel de Tucuman,Pasaje Ibatin
Juan Bautista Alberdi,Calle Rio Parana
Aguilares,Calle Paraguay
Villa Quinteros,Calle Publica
Santa Ana,Pasaje Laprida
San Miguel de Tucuman,Pasaje Islas Orcadas del Sur
Banda del Rio Sali,Calle Dr Balazar Tejerina
Villa Quinteros,Ruta Provincial Amberes
Villa la Trinidad,Avenida San Martin
Bella Vista,Avenida Alberdi
El Manantial,Calle Pres Gral J A Roca
Famailla,Calle Saavedra
San Miguel de Tucuman,Calle Pedro G Sal
San Miguel de Tucuman,Pasaje Juan C Lafinur
Santa Lucia,Calle 2
Independencia,Calle San Jose
Villa de Leales,Calle S/N 3
La Cocha,Calle Rivadavia
Villa la Trinidad,Calle Cabildo
Cevil Redondo,Pasaje Miguel Lillo
El Chañar,Calle Cordoba
Villa Quinteros,Calle 24 de Septiembre
Lastenia,Calle 7 de Mayo
Rumi Punco,Calle Buenos Aires
Colombres,Calle Crisostomo Alvarez
San Miguel de Tucuman,Diagonal Diag 7
La Cocha,Calle Gral Cornelio Saavedra
Juan Bautista Alberdi,Calle Carmen P de Tamayo
Juan Bautista Alberdi,Calle Jorge Newbery
La Cocha,Calle 25 de Mayo
Independencia,Avenida Belgrano
Banda del Rio Sali,Calle Guatemala
San Miguel de Tucuman,Pasaje Ernesto Padilla
Lastenia,Calle 12 de Octubre
Bella Vista,Calle Manuela Pedraza
San Miguel de Tucuman,Calle F Garcia de Garcia
San Miguel de Tucuman,Pasaje 12 So
Rumi Punco,Pasaje Francisco Olmos
San Miguel de Tucuman,Pasaje Patagonia
Independencia,Calle Cazador de Necochea
San Miguel de Tucuman,Pasaje 24 Se
San Miguel de Tucuman,Pasaje Pje 90
San Miguel de Tucuman,Diagonal Chaco
Juan Bautista Alberdi,Calle Esteban Echeverria
Bella Vista,Calle Gral Guemes
Aguilares,Calle S/N 1
El Bracho,Calle 4 Este Oeste
El Manantial,Pasaje Las Rosas
San Miguel de Tucuman,Pasaje Gaboto
San Miguel de Tucuman,Pasaje Tomas Espora
San Miguel de Tucuman,Calle Soberania Argentina
San Miguel de Tucuman,Calle España
San Miguel de Tucuman,Pasaje Uruguay
San Miguel de Tucuman,Calle Heredia
Lules,Pasaje Jose Hernandez
San Miguel de Tucuman,Calle Batalla de Maipu
Lules,Calle Pres Roque Saenz Peña
San Miguel de Tucuman,Calle French
Juan Bautista Alberdi,Ruta Provincial Escaba
Alderetes,Calle Urquiza
San Miguel de Tucuman,Calle Ecuador
San Miguel de Tucuman,Calle Julio Prebisch
Manuel Garcia Fernandez,Calle Alberdi
7 de Abril,Calle Comunal 9
San Miguel de Tucuman,Pasaje Pje 29
Tafi Viejo,Calle Clemente Alvarez
Banda del Rio Sali,Calle Uruguay
San Miguel de Tucuman,Pasaje Joaquin Castellanos
San Miguel de Tucuman,Pasaje Miguel Cane
La Reduccion,Calle Nuestra Señora del Valle
Lastenia,Calle Baltazar Aguirre
Banda del Rio Sali,Calle 6
San Miguel de Tucuman,Pasaje Ovidio Lagos
Juan Bautista Alberdi,Calle Peru
Tafi Viejo,Calle San Juan
San Miguel de Tucuman,Calle Islas Malvinas
San Miguel de Tucuman,Calle Dr Emilio Castelar
San Miguel de Tucuman,Pasaje Jose Garcia
San Miguel de Tucuman,Calle Rufino Cossio
San Miguel de Tucuman,Pasaje Fray Luis Beltran
Rio Seco,Calle Dr Nicolas Avellaneda
San Miguel de Tucuman,Calle Manuel Casas
Alderetes,Calle Santa Fe
Banda del Rio Sali,Calle Martin Fierro
El Manantial,Calle F Cayetano Rodriguez
San Miguel de Tucuman,Calle G Araoz
Lastenia,Calle La Plata
Arcadia,Calle 9 de Julio
Lastenia,Calle Ernesto Tornquist
Santa Ana,Pasaje Bernardino Rivadavia
San Miguel de Tucuman,Pasaje Pje 78
Colombres,Calle Cruz del Norte
Villa Quinteros,Calle Constitucion
Lules,Calle Larrea
Alderetes,Pasaje Fray Manuel Perez
Famailla,Calle Belgrano
Lastenia,Calle Dr Ramon Carrillo
La Cocha,Calle J Shadlichs
Bella Vista,Ruta Provincial Rp 322
El Cruce,Ruta Provincial Rp 323
Villa la Trinidad,Calle Lola Mora
San Miguel de Tucuman,Pasaje Guyana
La Reduccion,Calle Pres Gral J A Roca
Rio Seco,Calle 10
Tafi Viejo,Calle Mons David
Amaicha del Valle,Calle Araoz
Villa Quinteros,Calle Herminia Vigo
San Miguel de Tucuman,Calle Vicente Gallo
Arcadia,Calle Gral Heredia
San Miguel de Tucuman,Diagonal Biologia
San Miguel de Tucuman,Calle Jose Ignacio Gorriti
Rio Colorado,Acceso Norte
Rio Seco,Calle Jose Hernandez
Juan Bautista Alberdi,Calle Jose Vignoli
Santa Ana,Calle 2
Lastenia,Avenida Libertador Gral San Martin
Santa Ana,Calle Florida
Banda del Rio Sali,Calle Antartida Argentina
Cevil Redondo,Camino Del Peru
Rumi Punco,Calle 25 de Mayo
Alderetes,Pasaje Dr Juan Jose Paso
San Miguel de Tucuman,Pasaje Pje 49
San Miguel de Tucuman,Calle Rep del Paraguay
Aguilares,Calle Uruguay
Graneros,Calle San Miguel de Tucuman
Los Ralos,Pasaje Pje S/N 3
Bella Vista,Calle Congresales de Tucuman
Bella Vista,Calle Avellaneda
Lules,Avenida S/C
Banda del Rio Sali,Calle Dr Juan Brigido Teran
Graneros,Calle Dr Arturo Illia
San Miguel de Tucuman,Pasaje Virrey P de Cevallos
Graneros,Calle Gral Cornelio Saavedra
Banda del Rio Sali,Calle Leocadio Paz
San Miguel de Tucuman,Pasaje Pje 48
Graneros,Calle 25 de Mayo
Aguilares,Pasaje
San Miguel de Tucuman,Pasaje Sarratea
Alderetes,Calle Rep de Peru
Manuel Garcia Fernandez,Avenida Libertador
Lules,Calle Lola Mora
San Miguel de Tucuman,Diagonal Diag 12
Arcadia,Calle San Martin
San Miguel de Tucuman,Diagonal Diag 8
San Miguel de Tucuman,Calle Gral Guemes
Alderetes,Calle Gral M de Azcuenaga
San Miguel de Tucuman,Diagonal Derqui
San Miguel de Tucuman,Calle Jose E Colombres
Banda del Rio Sali,Calle Gral Cornelio Saavedra
La Cocha,Calle Mitre
Banda del Rio Sali,Calle 25 de Mayo
Famailla,Avenida San Martin
San Miguel de Tucuman,Pasaje Pje 6
Tafi Viejo,Calle La Rioja Este
Villa Quinteros,Calle Chacabuco
San Miguel de Tucuman,Pasaje Agustin Molina
San Miguel de Tucuman,Calle Obligado
El Manantial,Calle Bernabe Araoz
Lules,Calle Domingo F Sarmiento
San Miguel de Tucuman,Calle Granillo Darragueira
Independencia,Calle 9 de Julio
Colombres,Calle Colonia 1
San Miguel de Tucuman,Diagonal Frias Juan
Tafi Viejo,Pasaje Cossio
Independencia,Calle Cap H Viola
Banda del Rio Sali,Calle 20 de Junio
San Miguel de Tucuman,Pasaje Cañete Cruz
Banda del Rio Sali,Calle Teniente Manuel Basail
Banda del Rio Sali,Pasaje Santa Rita
Tafi Viejo,Calle Reconquista Oeste
San Miguel de Tucuman,Calle Rio Sali
San Miguel de Tucuman,Calle Pedro Leon Gallo
Famailla,Pasaje España
Acheral,Calle Atahualpa Yupanqui
San Miguel de Tucuman,Avenida Marina Alfaro
Banda del Rio Sali,Calle Sgto Juan B Cabral
Bella Vista,Calle 24 de Septiembre
Los Sarmientos,Calle Belgrano
Ingenio Santa Barbara,Calle Dr Manuel Belgrano
Santa Lucia,Pasaje Jose Hernandez
El Chañar,Calle 9
San Miguel de Tucuman,Avenida Dr Manuel Belgrano
San Miguel de Tucuman,Avenida Benjamin Araoz
Alderetes,Pasaje Santiago Silva
Aguilares,Calle Santa Cruz
Los Ralos,Pasaje Liniers
San Miguel de Tucuman,Calle Panama
San Miguel de Tucuman,Calle Dr Alfredo Palacios
Banda del Rio Sali,Pasaje Paso de los Andes
Acheral,Calle Dr Mariano Moreno
La Cocha,Calle S/N 3
San Miguel de Tucuman,Pasaje Dr G Araoz Alfaro
Lastenia,Calle Santiago
Aguilares,Pasaje Avellaneda
Alderetes,Calle Bertres
San Miguel de Tucuman,Avenida Ejercito del Norte
San Miguel de Tucuman,Calle Centenario
Tafi Viejo,Calle Velez Sarsfield
San Miguel de Tucuman,Pasaje Trejo y Sanabria
Tafi Viejo,Pasaje Dr Ricardo Balbin
Famailla,Calle Larrea
La Reduccion,Calle Pbto Manuel Ballesteros
San Miguel de Tucuman,Calle Gral Juan Lavalle
Banda del Rio Sali,Calle Fray Mamerto Esquiu
Lules,Calle Dr Bernardo Monteagudo
San Miguel de Tucuman,Diagonal Alejandro Heredia
Lules,Calle S/C
Graneros,Calle Gral J J de Urquiza
El Manantial,Calle Benjamin Matienzo
7 de Abril,Calle Comunal 11
Banda del Rio Sali,Pasaje Islas Malvinas
Bella Vista,Calle Sarmiento
San Miguel de Tucuman,Calle Peru
Tafi Viejo,Avenida Saenz Peña
Tafi Viejo,Calle Castro Barros
Famailla,Pasaje Libertad
Aguilares,Calle 20 de Junio
Graneros,Calle Pte J D Peron
Graneros,Calle Dr Mariano Moreno
Banda del Rio Sali,Calle Gral J J de Urquiza
Alderetes,Pasaje E Acosta
Aguilares,Calle Sgto Juan B Cabral
Villa Quinteros,Calle Misiones
La Cocha,Calle Guemes
San Miguel de Tucuman,Avenida Av 69
San Miguel de Tucuman,Pasaje Dr Enzo Bordabehere
San Miguel de Tucuman,Pasaje La Pampa
Banda del Rio Sali,Calle Dr Mariano Moreno
Banda del Rio Sali,Ruta Nacional Rn 9
Juan Bautista Alberdi,Calle Brasil
San Miguel de Tucuman,Calle Estados Unidos
San Miguel de Tucuman,Calle Venezuela
El Cruce,Calle 1 Norte
Colalao del Valle,Calle Managua
Graneros,Calle Florentino Ameghino
San Miguel de Tucuman,Pasaje Jose Ignacio Bass
Rio Seco,Pasaje Falucho
San Miguel de Tucuman,Pasaje 40 Noroeste
San Miguel de Tucuman,Calle Horacio Poviña
San Miguel de Tucuman,Calle H Descole
Famailla,Calle Elpidio Gonzalez
San Miguel de Tucuman,Avenida Cristobal Colon
Cevil Redondo,Calle Batalla de Maipu
El Chañar,Calle Mendoza
Tafi Viejo,Calle Vespaciano Brizuela
San Miguel de Tucuman,Diagonal Diag 51
El Cruce,Calle 2 N
Monteagudo,Pasaje Pje 9
Santa Lucia,Calle 24 de Septiembre
Famailla,Calle Chile
San Miguel de Tucuman,Pasaje Luis Braille
Juan Bautista Alberdi,Calle Rawson
San Miguel de Tucuman,Diagonal Diag 33
Colalao del Valle,Calle Gral San Martin
San Miguel de Tucuman,Pasaje Nicolas Rodriguez Peña
Juan Bautista Alberdi,Calle La Pampa
Alderetes,Avenida Ibatin
San Miguel de Tucuman,Pasaje Pje 32
Sargento Moya,Calle Sold Ismael Maldonado
Banda del Rio Sali,Calle Luis Delacroix
Bella Vista,Calle Francisco de Aguirre
El Manantial,Calle Martin Fierro
San Miguel de Tucuman,Calle 24 de Septiembre
Lastenia,Calle Adan Quiroga
San Miguel de Tucuman,Pasaje Cabildo de 1810
Famailla,Calle Dorrego
Villa Quinteros,Avenida Independencia
El Chañar,Calle 2
Famailla,Calle 11
San Miguel de Tucuman,Pasaje 12 Sudeste
Sargento Moya,Calle Cap Caceres
Santa Ana,Calle 5
El Bracho,Calle 5 Este Oeste
San Miguel de Tucuman,Pasaje Saravia
Famailla,Calle Malvinas Argentinas
Santa Lucia,Pasaje Matienzo
Los Ralos,Pasaje Pje S/N 4
Villa de Leales,Calle S/N 2
Banda del Rio Sali,Pasaje Lucas A Cordoba
Alderetes,Pasaje Falucho
Alderetes,Calle Bat de Tucuman
Aguilares,Pasaje Maldonado
Bella Vista,Calle Libertad
Tafi Viejo,Avenida Oeste Norte
San Miguel de Tucuman,Calle Olegario V Andrade
Alderetes,Pasaje Santa Catalina
San Miguel de Tucuman,Pasaje 36 So
San Miguel de Tucuman,Calle Pacheco de Melo
San Miguel de Tucuman,Pasaje Alfonsina Storni
Villa de Leales,Ruta Provincial Rp 306
Juan Bautista Alberdi,Calle Pres Gral J A Roca
El Manantial,Calle Benjamin Villafañe
Villa Quinteros,Calle Catamarca
Villa Quinteros,Calle Ibatin
Bella Vista,Calle Miguelillo
San Miguel de Tucuman,Pasaje Lima
Alderetes,Calle F Cayetano Rodriguez
Villa la Trinidad,Calle Primera Junta
Taco Ralo,Calle Mitre
San Miguel de Tucuman,Pasaje Aristobulo del Valle
San Miguel de Tucuman,Calle Huemul
Aguilares,Calle Madrid
Rio Seco,Calle 9 de Julio
Villa la Trinidad,Calle Misiones
Santa Ana,Pasaje Pje S/N 1
Sargento Moya,Calle Sgto Miguel Antonio Moya
San Miguel de Tucuman,Calle Gral Tomas Guido
Villa Quinteros,Calle San Luis
Los Sarmientos,Calle Joaquin V Gonzalez
Famailla,Calle 7
San Miguel de Tucuman,Pasaje 27 42 no
Alderetes,Avenida Alfredo Guzman
Los Ralos,Calle 9
Tafi Viejo,Calle Salta
Villa Quinteros,Calle 9 de Julio
Famailla,Calle S/C
Tafi Viejo,Calle Los Andes
Tafi Viejo,Pasaje Molina
Banda del Rio Sali,Calle Progreso
Tafi Viejo,Calle Paraguay
Lules,Calle Gral San Martin
Campo Herrera,Pasaje Pje 1
San Miguel de Tucuman,Pasaje Dr Saavedra Lamas
San Miguel de Tucuman,Calle Comb de las Piedras
Rio Colorado,Acceso Sur
Juan Bautista Alberdi,Calle Colombia
San Miguel de Tucuman,Diagonal Diag 66
Famailla,Calle Facundo Quiroga
Santa Lucia,Calle S/C
Los Ralos,Ruta Provincial Rp 303
El Manantial,Calle Corrientes
Sargento Moya,Calle Cab 1Ro Mendez
San Miguel de Tucuman,Calle Haiti
Alderetes,Calle Salta
Lules,Calle Primera Junta
Campo Herrera,Pasaje Pje 2
Villa la Trinidad,Calle Congreso
Alderetes,Calle Obispo Jose Eusebio Colombres
Banda del Rio Sali,Diagonal Dr Alberto Jose Paz
San Miguel de Tucuman,Calle Dr Bernardo Monteagudo
Alderetes,Calle Marcelino Cesareo
Alderetes,Calle Salomon Rodriguez
Independencia,Calle Rivadavia
Graneros,Calle 3
Aguilares,Calle Justo J de Urquiza Este
San Miguel de Tucuman,Calle Vicente Lopez y Planes
Juan Bautista Alberdi,Pasaje Falucho
San Miguel de Tucuman,Diagonal Gdor Clemente Zavaleta
El Manantial,Calle 20 de Junio
La Cocha,Calle S/N 4
Rio Seco,Calle 8
Santa Lucia,Avenida Dr Nicolas Avellaneda
Banda del Rio Sali,Calle Delfin Gigena
Lules,Calle L Mora Prolong
Taco Ralo,Boulevard Sur
San Miguel de Tucuman,Pasaje Almafuerte
Tafi Viejo,Pasaje Pje 3
Independencia,Calle 25 de Mayo
San Miguel de Tucuman,Pasaje Pje 27
San Miguel de Tucuman,Pasaje Octaviano Vera
Graneros,Pasaje Pres Gral J A Roca
San Miguel de Tucuman,Pasaje Chile
Tafi Viejo,Calle San Lorenzo
San Miguel de Tucuman,Calle Martin Rodriguez
Banda del Rio Sali,Calle 3
San Miguel de Tucuman,Avenida Dr Nicolas Avellaneda
Independencia,Calle Cap Caceres
San Miguel de Tucuman,Calle Jose Hernandez
Juan Bautista Alberdi,Ruta Provincial Ruta Prov 308
Alderetes,Pasaje Gutierrez
Rumi Punco,Diagonal Eva Peron
Famailla,Calle Pte H Yrigoyen
Villa la Trinidad,Calle Catamarca
Alderetes,Calle Juan Manuel de Rosas
San Miguel de Tucuman,Pasaje Dr Luis Saenz Peña
San Miguel de Tucuman,Diagonal Pineda
San Miguel de Tucuman,Calle Libertad
San Miguel de Tucuman,Pasaje I J Nougues
Alderetes,Calle Campos de las Carreras
Alderetes,Calle 8
Independencia,Calle Islas Malvinas Argentinas
San Miguel de Tucuman,Calle Miguel de Unamuno
San Miguel de Tucuman,Calle Torres Posse
Famailla,Calle Diego de Villarroel
Villa Quinteros,Calle La Rioja
Los Sarmientos,Calle S/C
Famailla,Calle Alberdi
San Miguel de Tucuman,Calle Inca Garcilaso
Villa Quinteros,Calle Santiago del Estero
San Miguel de Tucuman,Pasaje Cnel Manuel Dorrego
Lastenia,Calle Senador Araujo
El Manantial,Calle Diego de Rojas
Graneros,Pasaje Gdor Jose Rondeau
San Miguel de Tucuman,Calle Delfin Gallo
Lules,Pasaje Sgto Juan B Cabral
Juan Bautista Alberdi,Calle Salta
San Miguel de Tucuman,Calle Lima
La Cocha,Calle Joaquin V Gonzalez
Juan Bautista Alberdi,Calle Obispo Jose Eusebio Colombres
Aguilares,Calle Jose Marmol
San Miguel de Tucuman,Calle Inmigrantes Arabes
Aguilares,Calle Ayacucho
Acheral,Calle Finca Risso
Bella Vista,Avenida Independencia
Juan Bautista Alberdi,Calle Marandini
Lules,Calle Gdor Juan M Campero
San Miguel de Tucuman,Pasaje Pje 39
El Cruce,Calle 5 Este
Alderetes,Calle San Martin de Porres
San Miguel de Tucuman,Diagonal Diag 68
San Miguel de Tucuman,Pasaje Pje 90 So
San Miguel de Tucuman,Diagonal Diag 2
San Miguel de Tucuman,Pasaje Jose M Serrano
San Miguel de Tucuman,Pasaje Pje 37
Rio Seco,Calle Padre Scrochi
Tafi Viejo,Calle Buenos Aires
Rio Seco,Calle 6
Famailla,Calle Lucas A Cordoba
Lastenia,Calle Urquiza
Colombres,Calle Domingo F Sarmiento
San Miguel de Tucuman,Calle Esperanza
Aguilares,Calle Echeverria
Bella Vista,Calle Rojas
El Chañar,Calle 12
Santa Lucia,Pasaje Pje 1
Juan Bautista Alberdi,Calle Juan Manuel de Rosas
El Manantial,Calle Florentino Ameghino
Santa Ana,Pasaje Pje S/N 2
San Miguel de Tucuman,Pasaje Vuelta de Obligado
Rio Colorado,Calle 9 de Julio
San Miguel de Tucuman,Pasaje Monserrat
Alderetes,Calle 24 de Diciembre
San Miguel de Tucuman,Pasaje Pje 1
Juan Bautista Alberdi,Calle San Lorenzo
La Cocha,Calle S/N 2
Santa Lucia,Pasaje Pje 2
San Miguel de Tucuman,Calle Dr Marcos Paz
San Miguel de Tucuman,Pasaje Boulogne Sur Mer
San Miguel de Tucuman,Pasaje Juan Agustin Maza
Alderetes,Calle Buenos Aires
San Miguel de Tucuman,Pasaje Pje 47
Rio Seco,Avenida Del Trabajo
San Miguel de Tucuman,Avenida Gaspar Lasalle
San Miguel de Tucuman,Calle Mexico
Taco Ralo,Calle Entre Rios
San Miguel de Tucuman,Calle Castro Barros
Santa Ana,Calle Libertad
Lules,Calle Las Tipas
San Miguel de Tucuman,Calle Domingo Matheu
San Miguel de Tucuman,Calle Gral San Martin
San Miguel de Tucuman,Pasaje Pje 2
Rio Seco,Calle Eusebio Aguero
San Miguel de Tucuman,Calle 10 Noreste
Villa Quinteros,Calle Congreso de Tucuman
Santa Lucia,Calle Primera Junta
Juan Bautista Alberdi,Calle Alsina
San Miguel de Tucuman,Pasaje Esteban A Gascon
Famailla,Calle Levinson
Bella Vista,Calle 9 de Julio
San Miguel de Tucuman,Calle Cnel Juan Pringles
Alderetes,Pasaje Humberto Primo
Bella Vista,Pasaje Balcarce
La Cocha,Calle Jose Manuel Estrada
Los Ralos,Pasaje Pje S/N 5
San Miguel de Tucuman,Calle Juan Jose Castelli
San Miguel de Tucuman,Pasaje 31 Suroeste
Villa Quinteros,Calle Lidoro J Quinteros
Colombres,Calle Gregorio Jesus Diaz
Independencia,Calle Sold Gonzalez
San Miguel de Tucuman,Pasaje Vicente Gallo
Lules,Calle Dr A Alsina
Famailla,Calle 16
Los Sarmientos,Calle Alberdi
San Miguel de Tucuman,Pasaje Laguna de Chavez
Taco Ralo,Avenida Del Este
Medinas,Avenida Mitre
San Miguel de Tucuman,Calle Misiones
Amaicha del Valle,Calle S/N 5
Rio Colorado,Calle San Lorenzo
Lules,Pasaje Mendoza
Bella Vista,Calle Dr Vicente Gallo
Aguilares,Calle Miguel Perilli
Colombres,Calle S/C
Arcadia,Calle Martin Vargas
Alderetes,Calle Monteagudo
Colombres,Calle Colonia 9
Bella Vista,Calle Las Moreras
Colombres,Pasaje Niño Jesus de Praga
Bella Vista,Calle Gral Heredia
Santa Lucia,Pasaje Pje 4
San Miguel de Tucuman,Pasaje Falucho
Rio Colorado,Calle San Martin
Famailla,Calle Gabriela Mistral
Juan Bautista Alberdi,Calle Benjamin Matienzo
San Miguel de Tucuman,Pasaje Pje 12 A Noroeste
Rio Seco,Calle Almagro
San Miguel de Tucuman,Diagonal Diag 10
Tafi Viejo,Calle Ntra Señora del Rosario
San Miguel de Tucuman,Calle Francia
San Miguel de Tucuman,Pasaje Pereda
Cevil Redondo,Pasaje Ecuador
San Miguel de Tucuman,Pasaje Pres J Figueroa Alcorta
Tafi Viejo,Calle Junin
Acheral,Pasaje Dr Juan Jose Paso
Juan Bautista Alberdi,Pasaje 19 de Junio
Juan Bautista Alberdi,Calle John Kennedy
Tafi Viejo,Calle Rivadavia
San Miguel de Tucuman,Pasaje De la Merced
San Miguel de Tucuman,Avenida Independencia
La Reduccion,Calle Pte J D Peron
Famailla,Calle Miguel Lillo
Taco Ralo,Calle Floresta
San Miguel de Tucuman,Calle Provincia de Formosa
Los Ralos,Calle Gral Guemes
Alderetes,Pasaje Tacuari
Tafi Viejo,Calle 25 de Mayo
San Miguel de Tucuman,Pasaje Malvinas
Bella Vista,Calle San Martin
San Miguel de Tucuman,Calle Provincia de Santa Fe
San Miguel de Tucuman,Pasaje Antonio Maria Saenz
San Miguel de Tucuman,Pasaje John Kennedy
San Miguel de Tucuman,Calle Raul Colombres
Alderetes,Calle Dr Juan Brigido Teran
Santa Lucia,Calle Gral Baigorria
San Miguel de Tucuman,Calle Dardo Rocha
San Miguel de Tucuman,Calle Papa Leon XIII
Cevil Redondo,Calle Dr Nicolas Avellaneda
Famailla,Pasaje Rojas
Juan Bautista Alberdi,Calle Florencio Varela
Villa Quinteros,Ruta Nacional Rn 39
Villa Quinteros,Ruta Provincial Rp 324
Alderetes,Pasaje Avellaneda
San Miguel de Tucuman,Avenida Domingo F Sarmiento
Villa la Trinidad,Calle Parana
Bella Vista,Calle Jose M de Oro
San Miguel de Tucuman,Calle Juan Gutenberg
La Cocha,Calle Hileret
San Miguel de Tucuman,Diagonal 29 84  90 no
San Miguel de Tucuman,Calle Pte M T de Alvear
Alderetes,Calle Virgen de Fatima
San Miguel de Tucuman,Calle Rep de Bolivia
San Miguel de Tucuman,Calle 41
Tafi Viejo,Calle Sgto Juan B Cabral
Alderetes,Calle Manuela de Pedraza
Alderetes,Calle Italia
San Miguel de Tucuman,Pasaje 4 Sureste
Monteagudo,Pasaje Pje 7
Alderetes,Calle Corrientes
Banda del Rio Sali,Calle Dorrego
Juan Bautista Alberdi,Calle Monteagudo
San Miguel de Tucuman,Calle 35
San Miguel de Tucuman,Pasaje Burmeister
Aguilares,Calle Hipolito Yrigoyen
San Miguel de Tucuman,Calle 9 de Julio
Juan Bautista Alberdi,Calle Sastre
Los Ralos,Calle 5
San Miguel de Tucuman,Calle Provincia de Cordoba
Rumi Punco,Pasaje San Cayetano
Amaicha del Valle,Calle Hipolito Yrigoyen
Bella Vista,Calle John Kennedy
Colombres,Pasaje Santiago Vas
Independencia,Calle Sgto Juarez
Alderetes,Calle 20 de Junio
Alderetes,Calle Las Heras
San Miguel de Tucuman,Calle 56 Suroeste
San Miguel de Tucuman,Pasaje La Paz
Alderetes,Pasaje Payro
Medinas,Calle Camino
Famailla,Calle Manuel Lainez
Taco Ralo,Calle Santa Fe
Los Ralos,Calle 12
La Cocha,Calle Alberdi
Alderetes,Calle Batalla de Caseros
Juan Bautista Alberdi,Calle Gdor Juan Luis Nougues
Banda del Rio Sali,Pasaje Olegario V Andrade
Banda del Rio Sali,Ruta Provincial Rp 306
Aguilares,Calle Jujuy
Juan Bautista Alberdi,Calle Dr Aybar
Santa Ana,Calle 4
San Miguel de Tucuman,Pasaje Leon Rougues
San Miguel de Tucuman,Calle Provincia de San Luis
Lastenia,Calle 1 de Julio
Villa Quinteros,Calle Publica 2
Lules,Calle Jose Garibaldi
Juan Bautista Alberdi,Calle Democracia
Aguilares,Calle M Aguado Oeste
Alderetes,Pasaje Rondeau
Banda del Rio Sali,Pasaje Costa Rica
Juan Bautista Alberdi,Calle Dr Juan Brigido Teran
Alderetes,Pasaje Isidro Arancibia
Santa Ana,Calle Carlos Pellegrini
San Miguel de Tucuman,Pasaje Azopardo
Alderetes,Pasaje Pbto F Figueroa
San Miguel de Tucuman,Avenida Andres Villa
Santa Ana,Calle Congreso
El Chañar,Calle 10
La Cocha,Calle H s Padilla
7 de Abril,Calle Comunal 4
San Miguel de Tucuman,Calle Bat de Suipacha
Aguilares,Camino Los Agudos
Alderetes,Calle Juan Carlos Cruz
San Miguel de Tucuman,Pasaje Dr Eliseo Canton
Juan Bautista Alberdi,Calle Rivadavia
Banda del Rio Sali,Calle Fray Luis Beltran
Los Ralos,Pasaje Pje S/N 6
Rio Seco,Calle Pte J D Peron
Los Ralos,Pasaje Pje S/N 1
Santa Lucia,Calle San Martin
San Miguel de Tucuman,Pasaje Gral Juan Arenales
Banda del Rio Sali,Calle 7
Alderetes,Calle Fray Mamerto Esquiu
Amaicha del Valle,Calle Ernesto Padilla
Colombres,Calle Lucas A Cordoba
Aguilares,Calle Oeste
San Miguel de Tucuman,Calle Manuel Lizondo Borda
San Miguel de Tucuman,Pasaje Pje 40
San Miguel de Tucuman,Pasaje Virrey Vertiz
San Miguel de Tucuman,Calle Dr A Alsina
Ingenio Santa Barbara,Calle Ayacucho
San Miguel de Tucuman,Pasaje Piossek
San Miguel de Tucuman,Pasaje Pje 9 Ne
San Miguel de Tucuman,Pasaje Belisario Lopez
Rio Seco,Calle 15
Aguilares,Calle Ayohuma
San Miguel de Tucuman,Calle Americo Vespucio
Aguilares,Calle Gral Guemes Oeste
San Miguel de Tucuman,Pasaje Francisco de Lamadrid
Colombres,Calle Gral Jose Maria Paz
San Miguel de Tucuman,Calle Jose Frias y Araujo
Juan Bautista Alberdi,Calle Corrientes
San Miguel de Tucuman,Calle Gdero Baigorria
Famailla,Calle 23
Santa Ana,Calle Catamarca
Los Ralos,Calle Cmte Luis Piedrabuena
Santa Ana,Calle Dr Manuel Belgrano
San Miguel de Tucuman,Pasaje Gdor Miguel Nougues
San Miguel de Tucuman,Pasaje Hipolito Bouchard
San Miguel de Tucuman,Pasaje 45 Suroeste
Alderetes,Pasaje Roca
Colombres,Avenida Islas Malvinas
San Miguel de Tucuman,Pasaje Larrea
Tafi Viejo,Avenida Del Peru Sur
San Miguel de Tucuman,Pasaje Jose Camilo Paz
San Miguel de Tucuman,Pasaje Cap H Mejia de Miraval
Famailla,Calle B Mitre
Juan Bautista Alberdi,Calle Las Heras
San Miguel de Tucuman,Diagonal Diag 92
Rumi Punco,Calle Gdor Pedro F Riera
Graneros,Calle Francisco de Laprida
Juan Bautista Alberdi,Calle Sgto Juan B Cabral
Santa Ana,Calle San Luis
Medinas,Calle Sgto Juan B Cabral
Arcadia,Calle Pedro B Gramajo
Rio Colorado,Calle 25 de Mayo
Graneros,Calle Pte H Yrigoyen
Villa la Trinidad,Calle Mercedes Pacheco
Santa Ana,Calle 9 de Julio
Banda del Rio Sali,Calle Balcarce
San Miguel de Tucuman,Pasaje 27 44 no
Juan Bautista Alberdi,Calle 29 de Agosto
San Miguel de Tucuman,Pasaje Pje 72
San Miguel de Tucuman,Pasaje Barrialito
San Miguel de Tucuman,Pasaje Maria Auxiliadora
Bella Vista,Calle Rivadavia
Aguilares,Calle 7
Tafi Viejo,Pasaje America
Juan Bautista Alberdi,Calle Malvinas
Juan Bautista Alberdi,Pasaje Inmaculada Concepcion
Tafi Viejo,Calle Osvaldo Costello
Lastenia,Calle 4 de Junio
Tafi Viejo,Calle Alberti
Arcadia,Camino A Ischilon
San Miguel de Tucuman,Pasaje Cnel de Marina Rosales
San Miguel de Tucuman,Calle Ramirez de Velazco
Aguilares,Calle S/C
San Miguel de Tucuman,Calle Gral J A Lavalleja
Bella Vista,Calle 25 de Mayo
San Miguel de Tucuman,Avenida Gdor del Campo
Graneros,Calle Alberdi
Graneros,Calle Gdor Gral Balcarce
Los Ralos,Calle 11
Rio Seco,Avenida Himno Patrio
Tafi Viejo,Diagonal Diag 1
San Miguel de Tucuman,Pasaje Sgto Gomez
Graneros,Calle Pte D F Sarmiento
Taco Ralo,Calle La Pampa
Aguilares,Calle Chaco
Lules,Calle Gral Juan M de Pueyrredon
Banda del Rio Sali,Calle Alberdi
San Miguel de Tucuman,Calle Prospero Garcia
Juan Bautista Alberdi,Avenida Miguel M Campero
Famailla,Avenida L N Alem
San Miguel de Tucuman,Pasaje Francisco J Lopez
San Miguel de Tucuman,Calle T M de Anchorena
San Miguel de Tucuman,Pasaje Edmundo D Amicis
San Miguel de Tucuman,Calle Santiago Ramon y Cajal
San Miguel de Tucuman,Pasaje 65 Suroeste
San Miguel de Tucuman,Diagonal De la Torre
Arcadia,Calle Dr Nicolas Avellaneda
Santa Ana,Calle San Martin
San Miguel de Tucuman,Pasaje Jose Benito Gonzalez
Aguilares,Pasaje Corrientes
Lules,Calle Paulo IV
San Miguel de Tucuman,Pasaje Primera Junta
Villa la Trinidad,Calle Suipacha
Amaicha del Valle,Calle Juan Calchaqui
Juan Bautista Alberdi,Calle Dr Mariano Moreno
Alderetes,Pasaje Dr Federico Leloir
El Manantial,Pasaje Martin Berho
San Miguel de Tucuman,Calle Congreso de Tucuman
Santa Lucia,Pasaje 25 de Mayo
San Miguel de Tucuman,Pasaje Escalada de San Martin
Aguilares,Calle Francisco de Laprida
Aguilares,Pasaje Gorriti
El Manantial,Calle Lola Mora
Alderetes,Pasaje Santa Cruz
Tafi Viejo,Calle Fray Sta Maria de Oro
Famailla,Pasaje Araoz
Villa la Trinidad,Calle Laprida
Lastenia,Calle Salta
San Miguel de Tucuman,Calle Lidoro J Quinteros
Juan Bautista Alberdi,Calle Florentino Ameghino
Los Ralos,Calle S/C
Santa Ana,Calle La Rioja
Banda del Rio Sali,Avenida Mons Gregorio de Jesus Diaz
Acheral,Calle Salta
San Miguel de Tucuman,Avenida Fernando Mate de Luna
San Miguel de Tucuman,Calle Dr Jose Ingenieros
Tafi Viejo,Calle Guemes
Los Ralos,Calle 10
El Chañar,Calle 4
Cevil Redondo,Calle Dr Manuel Belgrano
Amaicha del Valle,Diagonal
Tafi Viejo,Calle 3
Villa de Leales,Calle Ricardo Bascari
Villa la Trinidad,Pasaje De los Proceres
Tafi Viejo,Pasaje Santa Fe
Aguilares,Calle Diego de Villarroel
La Cocha,Calle L N Alem
Tafi Viejo,Calle Asuncion
Banda del Rio Sali,Calle Honduras
Aguilares,Calle Alberdi
Alderetes,Pasaje Gral Simon Bolivar
San Miguel de Tucuman,Calle Necochea
Cevil Redondo,Calle Bat de Salta
Tafi Viejo,Calle Dr M de Avellaneda
Famailla,Calle 9
Tafi Viejo,Calle Portugal
San Miguel de Tucuman,Calle Pbto M Alberti
Banda del Rio Sali,Pasaje Rep del Brasil
La Cocha,Calle Mario Bravo
Graneros,Calle Pres Bernardino Rivadavia
7 de Abril,Calle Comunal 12
San Miguel de Tucuman,Calle Gral Cornelio Saavedra
San Miguel de Tucuman,Calle Patricias Argentinas
Lules,Calle España
San Miguel de Tucuman,Calle Crisostomo Alvarez
Manuel Garcia Fernandez,Calle Tte Benjamin Matienzo
Famailla,Calle Alejandro Heredia
San Miguel de Tucuman,Pasaje Atahualpa Yupanqui
Monteagudo,Pasaje Pje 3
Villa la Trinidad,Calle Estefano Nasif
Banda del Rio Sali,Ruta Provincial Rp 302
Alderetes,Calle Ayacucho
San Miguel de Tucuman,Calle La Plata
Bella Vista,Calle Dr Mariano Moreno
San Miguel de Tucuman,Pasaje Mariano Sanchez de Loria
Santa Ana,Calle 6
Juan Bautista Alberdi,Calle Saavedra
San Miguel de Tucuman,Avenida Francisco de Aguirre
Famailla,Calle Diego de Rojas
Villa la Trinidad,Calle Dr Amadeo Sabattini
Monteagudo,Calle S/N 1
San Miguel de Tucuman,Calle R Alvarado
San Miguel de Tucuman,Calle Viamonte
San Miguel de Tucuman,Pasaje 86 Noroeste
Juan Bautista Alberdi,Calle Dr Juan Jose Paso
Juan Bautista Alberdi,Avenida Ing Jose Sortheix
Famailla,Calle Alvarez Condarco
Banda del Rio Sali,Calle Obispo Jose Eusebio Colombres
Lules,Calle Alfonsina Storni
Tafi Viejo,Calle Entre Rios
Bella Vista,Calle Godoy Cruz
El Manantial,Calle S/C
Cevil Redondo,Calle Bat de Suipacha
San Miguel de Tucuman,Pasaje E Rodriguez
La Cocha,Avenida Gral San Martin Sur
Aguilares,Calle Aristobulo del Valle
El Manantial,Calle Saenz Peña
Bella Vista,Calle Dr Laguna
Alderetes,Pasaje Jorge Luis Borges
Colombres,Calle Pablo Barton
San Miguel de Tucuman,Pasaje 37 So
Acheral,Calle Bernardino Rivadavia
Manuel Garcia Fernandez,Calle Dr Nicolas Avellaneda
Cevil Redondo,Calle San Martin
San Miguel de Tucuman,Calle A Perez Palavecino
Alderetes,Calle Entre Rios
Juan Bautista Alberdi,Calle Eva Peron
Lastenia,Calle El Carmen
Banda del Rio Sali,Pasaje Mons Gregorio de Jesus Diaz
Alderetes,Calle Blas Parera
Taco Ralo,Calle Publica 1
Medinas,Ruta Provincial Rp 329
Banda del Rio Sali,Calle 1 de Mayo
Colombres,Calle Juan XXIII
Juan Bautista Alberdi,Calle Julio Maidana
Acheral,Calle Cordoba
Lastenia,Calle Buenos Aires
Villa la Trinidad,Calle Maipu
San Miguel de Tucuman,Pasaje Pje 18
San Miguel de Tucuman,Pasaje Ing Suarez
San Miguel de Tucuman,Calle Prof Garcia Soriano
Aguilares,Pasaje Paraguay
Famailla,Calle 2
Juan Bautista Alberdi,Calle Portugal
Santa Lucia,Calle Dr Mariano Moreno
Rio Seco,Calle La Providencia
El Chañar,Calle 8
Santa Ana,Calle 25 de Mayo
San Miguel de Tucuman,Pasaje Atahualpa
Tafi Viejo,Calle Alte G Brown
Los Ralos,Calle Cnel Juan Pringles
Lules,Calle Jose E Colombres
Medinas,Calle Belgrano
Lules,Calle Moreno
San Miguel de Tucuman,Calle Constitucion Nacional
San Miguel de Tucuman,Calle Benejan
San Miguel de Tucuman,Pasaje Benito Lynch
Los Ralos,Calle Estrada
San Miguel de Tucuman,Calle Dr Mariano Moreno
San Miguel de Tucuman,Calle Martin Berho
Famailla,Calle Laprida
Lastenia,Pasaje Juan XXIII
Aguilares,Pasaje La Pinta
San Miguel de Tucuman,Pasaje Juan Cruz Varela
Lules,Pasaje 2 de Abril
Tafi Viejo,Pasaje Cabeza
San Miguel de Tucuman,Pasaje Avila
Campo Herrera,Calle 1
Banda del Rio Sali,Calle Mario Bravo
El Manantial,Calle Alberdi
Alderetes,Calle Alte G Brown
Los Ralos,Calle 4
Graneros,Calle Gral Manuel Belgrano
San Miguel de Tucuman,Avenida Inmigrantes Arabes
Alderetes,Calle Virgen del Valle
Graneros,Pasaje Gral Guemes
Juan Bautista Alberdi,Calle Entre Rios
Los Ralos,Calle Sabina Petrelli
Bella Vista,Calle J Cerrano
San Miguel de Tucuman,Calle Godoy Cruz
San Miguel de Tucuman,Calle Prof del Castillo
La Reduccion,Calle S/C
San Miguel de Tucuman,Calle Provincia de Jujuy
El Chañar,Calle La Rioja
7 de Abril,Calle Comunal 6
San Miguel de Tucuman,Pasaje Roma
Lules,Calle Dalmacio Quiles
Banda del Rio Sali,Avenida Ramon Paz Posse
San Miguel de Tucuman,Pasaje Manuel Garcia Morente
San Miguel de Tucuman,Calle Isabel la Catolica
Banda del Rio Sali,Calle Gral Manuel Belgrano
Ingenio Santa Barbara,Calle Riobamba
San Miguel de Tucuman,Calle Cnel Zelaya
Banda del Rio Sali,Avenida Santo Cristo
Rumi Punco,Avenida Pte J D Peron
San Miguel de Tucuman,Calle Salas y Valdez
San Miguel de Tucuman,Pasaje Jose Cabrera
Tafi Viejo,Calle Jujuy
Tafi Viejo,Calle Santa Fe
San Miguel de Tucuman,Pasaje Miguel Diaz
Tafi Viejo,Calle La Paz
San Miguel de Tucuman,Pasaje Canal de Beagle
Banda del Rio Sali,Calle Reyes Catolicos
San Miguel de Tucuman,Pasaje Esteban de Luca
Famailla,Calle Azcuenaga
Arcadia,Calle Dr Manuel Belgrano
Aguilares,Avenida Mitre
Villa Quinteros,Calle San Juan
Santa Lucia,Calle Alfonsina Storni
Cevil Redondo,Calle Independencia
Aguilares,Calle Bernardino Rivadavia
Ingenio Santa Barbara,Calle Ginebra
San Miguel de Tucuman,Calle Anacleto Tobar
Lastenia,Calle Republica
San Miguel de Tucuman,Pasaje Pje 12 B Noroeste
San Miguel de Tucuman,Calle A Lincoln
San Miguel de Tucuman,Calle Eudoro Araoz
Medinas,Calle Cabildo
Graneros,Ruta Provincial Rp 308
Lastenia,Calle 25 de Mayo
Tafi Viejo,Calle Chile
San Miguel de Tucuman,Calle Provincia de Chubut
Santa Ana,Ruta Provincial Rp 332
San Miguel de Tucuman,Pasaje Pje 9
Monteagudo,Calle 25 de Mayo
San Miguel de Tucuman,Pasaje J de Garay
Lastenia,Calle Roca
Los Sarmientos,Calle Lamadrid
Villa Quinteros,Calle Dr Nicolas Avellaneda
Rio Seco,Pasaje Lola Mora
Santa Lucia,Pasaje Pareda
Amaicha del Valle,Calle San Martin
San Miguel de Tucuman,Pasaje Antonio de Aragon
San Miguel de Tucuman,Diagonal Diag 70 no
Juan Bautista Alberdi,Calle Juan Domingo Peron
Bella Vista,Calle Muñecas
Juan Bautista Alberdi,Calle Alte G Brown
Villa la Trinidad,Calle 24 de Septiembre
Los Ralos,Calle 9 de Julio
San Miguel de Tucuman,Calle Pedro N Berreta
Aguilares,Avenida 25 de Mayo
San Miguel de Tucuman,Calle Dean Funes
Taco Ralo,Calle Buenos Aires
Famailla,Calle Caseros
Acheral,Calle Corrientes
Los Sarmientos,Calle España
Tafi Viejo,Calle Boedo
Medinas,Calle Avellaneda
Juan Bautista Alberdi,Calle Isabel Belmont
San Miguel de Tucuman,Pasaje Pje 49 Suroeste
Amaicha del Valle,Calle Cacique Tupac Amaru
Tafi Viejo,Pasaje Gramajo
San Miguel de Tucuman,Calle Fray Sta Maria de Oro
San Miguel de Tucuman,Pasaje Pje 47 Suroeste
San Miguel de Tucuman,Pasaje Amadeo Rizatto
Famailla,Calle Constantino Iosa
San Miguel de Tucuman,Pasaje Provincia de Santa Cruz
San Miguel de Tucuman,Pasaje Roman Figueroa
Banda del Rio Sali,Calle Fray Manuel Perez
San Miguel de Tucuman,Calle Mameren
Cevil Redondo,Pasaje Alfredo Guzman
San Miguel de Tucuman,Calle Luis F Nougues
San Miguel de Tucuman,Calle San Salvador
Alderetes,Pasaje Lola Mora
Lules,Calle 24 de Septiembre
Santa Lucia,Calle 1
San Miguel de Tucuman,Pasaje Renteria
Alderetes,Pasaje Lourdes
Juan Bautista Alberdi,Pasaje Libertad
San Miguel de Tucuman,Avenida Irineo Leguizamo
Juan Bautista Alberdi,Calle Marapac
San Miguel de Tucuman,Pasaje 1 de Noviembre
El Manantial,Calle Miguel Lillo
San Miguel de Tucuman,Calle Dr M de Avellaneda
Lules,Ruta Provincial Rp 301
Juan Bautista Alberdi,Calle Santa Fe
Independencia,Calle Salta
Aguilares,Calle Bolivia
Famailla,Ruta Provincial Rp 338
Aguilares,Calle Chubut
San Miguel de Tucuman,Diagonal Padre Luis Monti
Famailla,Calle 5
San Miguel de Tucuman,Pasaje Puerto Argentino
San Miguel de Tucuman,Pasaje Gaspar de Medina
Alderetes,Calle 7
Alderetes,Pasaje Gral Marcos Paz
Alderetes,Calle S/C
Famailla,Calle 12
Alderetes,Calle Saenz Peña
San Miguel de Tucuman,Diagonal Finley
San Miguel de Tucuman,Pasaje Sebastian Elcano
Juan Bautista Alberdi,Calle Chile
Villa la Trinidad,Calle Colon
Banda del Rio Sali,Calle Batalla de Caseros
Lastenia,Calle Dr Mariano Moreno
Lules,Calle San Juan
Lastenia,Ruta Nacional Rn 9
San Miguel de Tucuman,Calle Jorge Newbery
El Manantial,Calle Amadeo Jacques
Tafi Viejo,Calle Paysandu
Aguilares,Calle Neuquen
Juan Bautista Alberdi,Calle Dorrego
Rio Seco,Calle 14
Tafi Viejo,Calle Balcarce
Juan Bautista Alberdi,Calle Tacuari
San Miguel de Tucuman,Diagonal O Connor
La Cocha,Calle Lamadrid
San Miguel de Tucuman,Calle R Raffo
Tafi Viejo,Pasaje Caseros
Los Sarmientos,Calle Gral Guemes
San Miguel de Tucuman,Pasaje Tambor de Tacuari
La Cocha,Calle Laprida
Arcadia,Calle Padre Luis Monti
Ingenio Santa Barbara,Calle Obispo Jose Eusebio Colombres
Rio Seco,Calle Pres Gral J A Roca
Juan Bautista Alberdi,Calle Rep Argentina
Manuel Garcia Fernandez,Calle 9 de Julio
Bella Vista,Calle Provincia de Rio Negro
San Miguel de Tucuman,Calle Esteban Echeverria
San Miguel de Tucuman,Pasaje Jose E Fierro
Lules,Calle Dr Nicolas Avellaneda
San Miguel de Tucuman,Calle Felix de Olazabal
Ingenio Santa Barbara,Calle Juan M Teran
Graneros,Calle Pres Bartolome Mitre
Taco Ralo,Calle Corrientes
San Miguel de Tucuman,Pasaje Antonio Millan
Medinas,Ruta Provincial Rp 306
Alderetes,Calle Balcarce
San Miguel de Tucuman,Calle Alvarez Thomas
Rio Seco,Calle Alberdi
Lules,Calle Justiniano Amaya
Monteagudo,Ruta Provincial Rp 157
San Miguel de Tucuman,Avenida San Ramon
Alderetes,Calle Chacabuco
San Miguel de Tucuman,Calle Mercado del Abasto
San Miguel de Tucuman,Pasaje Pje 26
Banda del Rio Sali,Calle Pres Bartolome Mitre
San Miguel de Tucuman,Avenida Alfonsina Storni
Alderetes,Calle Pte H Yrigoyen
San Miguel de Tucuman,Pasaje Jose Marti
Santa Ana,Calle 3
Colombres,Calle Gral Lamadrid
San Miguel de Tucuman,Pasaje Pasteur Camaño
Tafi Viejo,Calle Alberdi
San Miguel de Tucuman,Pasaje Dr Manuel de Acevedo
San Miguel de Tucuman,Pasaje Juncal
Bella Vista,Calle Soldati
Tafi Viejo,Calle Liniers
